building_id,meter,timestamp,meter_reading
1074,0,2016-01-01 00:00:00,39.249
1074,0,2016-01-01 01:00:00,39.249
1074,0,2016-01-01 02:00:00,37.862
1074,0,2016-01-01 03:00:00,35.834
1074,0,2016-01-01 04:00:00,35.495
1074,0,2016-01-01 05:00:00,35.477
1074,0,2016-01-01 06:00:00,38.05
1074,0,2016-01-01 07:00:00,43.351000000000006
1074,0,2016-01-01 08:00:00,43.266000000000005
1074,0,2016-01-01 09:00:00,39.869
1074,0,2016-01-01 10:00:00,39.439
1074,0,2016-01-01 11:00:00,39.825
1074,0,2016-01-01 12:00:00,39.937
1074,0,2016-01-01 13:00:00,40.219
1074,0,2016-01-01 14:00:00,40.452
1074,0,2016-01-01 15:00:00,40.637
1074,0,2016-01-01 16:00:00,39.684
1074,0,2016-01-01 17:00:00,39.331
1074,0,2016-01-01 18:00:00,40.916
1074,0,2016-01-01 19:00:00,38.599
1074,0,2016-01-01 20:00:00,35.883
1074,0,2016-01-01 21:00:00,35.254
1074,0,2016-01-01 22:00:00,35.232
1074,0,2016-01-01 23:00:00,35.977
1074,0,2016-01-02 00:00:00,37.891
1074,0,2016-01-02 01:00:00,38.715
1074,0,2016-01-02 02:00:00,37.881
1074,0,2016-01-02 03:00:00,35.636
1074,0,2016-01-02 04:00:00,35.15
1074,0,2016-01-02 05:00:00,35.228
1074,0,2016-01-02 06:00:00,38.335
1074,0,2016-01-02 07:00:00,38.108
1074,0,2016-01-02 08:00:00,37.199
1074,0,2016-01-02 09:00:00,33.66
1074,0,2016-01-02 10:00:00,33.486
1074,0,2016-01-02 11:00:00,33.541
1074,0,2016-01-02 12:00:00,35.246
1074,0,2016-01-02 13:00:00,35.391
1074,0,2016-01-02 14:00:00,33.804
1074,0,2016-01-02 15:00:00,33.488
1074,0,2016-01-02 16:00:00,33.337
1074,0,2016-01-02 17:00:00,33.36
1074,0,2016-01-02 18:00:00,35.794000000000004
1074,0,2016-01-02 19:00:00,35.48
1074,0,2016-01-02 20:00:00,35.896
1074,0,2016-01-02 21:00:00,35.491
1074,0,2016-01-02 22:00:00,35.685
1074,0,2016-01-02 23:00:00,35.838
1074,0,2016-01-03 00:00:00,36.302
1074,0,2016-01-03 01:00:00,37.211
1074,0,2016-01-03 02:00:00,36.843
1074,0,2016-01-03 03:00:00,35.581
1074,0,2016-01-03 04:00:00,35.2
1074,0,2016-01-03 05:00:00,35.216
1074,0,2016-01-03 06:00:00,36.727
1074,0,2016-01-03 07:00:00,36.627
1074,0,2016-01-03 08:00:00,36.11
1074,0,2016-01-03 09:00:00,34.118
1074,0,2016-01-03 10:00:00,33.483000000000004
1074,0,2016-01-03 11:00:00,33.351
1074,0,2016-01-03 12:00:00,33.589
1074,0,2016-01-03 13:00:00,33.569
1074,0,2016-01-03 14:00:00,33.563
1074,0,2016-01-03 15:00:00,33.3
1074,0,2016-01-03 16:00:00,33.41
1074,0,2016-01-03 17:00:00,33.565
1074,0,2016-01-03 18:00:00,35.157
1074,0,2016-01-03 19:00:00,35.253
1074,0,2016-01-03 20:00:00,35.263000000000005
1074,0,2016-01-03 21:00:00,35.875
1074,0,2016-01-03 22:00:00,35.936
1074,0,2016-01-03 23:00:00,35.839
1074,0,2016-01-04 00:00:00,36.769
1074,0,2016-01-04 01:00:00,37.15
1074,0,2016-01-04 02:00:00,36.785
1074,0,2016-01-04 03:00:00,35.803000000000004
1074,0,2016-01-04 04:00:00,35.596
1074,0,2016-01-04 05:00:00,35.439
1074,0,2016-01-04 06:00:00,41.893
1074,0,2016-01-04 07:00:00,63.35
1074,0,2016-01-04 08:00:00,64.707
1074,0,2016-01-04 09:00:00,75.835
1074,0,2016-01-04 10:00:00,88.60799999999999
1074,0,2016-01-04 11:00:00,90.278
1074,0,2016-01-04 12:00:00,92.292
1074,0,2016-01-04 13:00:00,94.876
1074,0,2016-01-04 14:00:00,92.427
1074,0,2016-01-04 15:00:00,93.793
1074,0,2016-01-04 16:00:00,91.671
1074,0,2016-01-04 17:00:00,81.7
1074,0,2016-01-04 18:00:00,67.81
1074,0,2016-01-04 19:00:00,58.496
1074,0,2016-01-04 20:00:00,40.811
1074,0,2016-01-04 21:00:00,38.178
1074,0,2016-01-04 22:00:00,38.056
1074,0,2016-01-04 23:00:00,38.329
1074,0,2016-01-05 00:00:00,40.295
1074,0,2016-01-05 01:00:00,40.957
1074,0,2016-01-05 02:00:00,39.901
1074,0,2016-01-05 03:00:00,37.88
1074,0,2016-01-05 04:00:00,37.515
1074,0,2016-01-05 05:00:00,37.594
1074,0,2016-01-05 06:00:00,41.476000000000006
1074,0,2016-01-05 07:00:00,65.563
1074,0,2016-01-05 08:00:00,70.278
1074,0,2016-01-05 09:00:00,80.47399999999999
1074,0,2016-01-05 10:00:00,95.584
1074,0,2016-01-05 11:00:00,98.248
1074,0,2016-01-05 12:00:00,101.584
1074,0,2016-01-05 13:00:00,102.111
1074,0,2016-01-05 14:00:00,102.584
1074,0,2016-01-05 15:00:00,98.794
1074,0,2016-01-05 16:00:00,96.633
1074,0,2016-01-05 17:00:00,89.279
1074,0,2016-01-05 18:00:00,70.69800000000001
1074,0,2016-01-05 19:00:00,59.16
1074,0,2016-01-05 20:00:00,41.736
1074,0,2016-01-05 21:00:00,39.572
1074,0,2016-01-05 22:00:00,39.707
1074,0,2016-01-05 23:00:00,39.801
1074,0,2016-01-06 00:00:00,41.413
1074,0,2016-01-06 01:00:00,42.075
1074,0,2016-01-06 02:00:00,41.193000000000005
1074,0,2016-01-06 03:00:00,39.687
1074,0,2016-01-06 04:00:00,39.493
1074,0,2016-01-06 05:00:00,39.359
1074,0,2016-01-06 06:00:00,42.542
1074,0,2016-01-06 07:00:00,66.256
1074,0,2016-01-06 08:00:00,72.01100000000001
1074,0,2016-01-06 09:00:00,80.586
1074,0,2016-01-06 10:00:00,93.907
1074,0,2016-01-06 11:00:00,95.623
1074,0,2016-01-06 12:00:00,95.502
1074,0,2016-01-06 13:00:00,94.125
1074,0,2016-01-06 14:00:00,97.998
1074,0,2016-01-06 15:00:00,100.432
1074,0,2016-01-06 16:00:00,96.738
1074,0,2016-01-06 17:00:00,81.852
1074,0,2016-01-06 18:00:00,64.208
1074,0,2016-01-06 19:00:00,57.668
1074,0,2016-01-06 20:00:00,41.74
1074,0,2016-01-06 21:00:00,38.766
1074,0,2016-01-06 22:00:00,38.796
1074,0,2016-01-06 23:00:00,38.95
1074,0,2016-01-07 00:00:00,40.73
1074,0,2016-01-07 01:00:00,41.457
1074,0,2016-01-07 02:00:00,40.475
1074,0,2016-01-07 03:00:00,38.704
1074,0,2016-01-07 04:00:00,38.465
1074,0,2016-01-07 05:00:00,38.372
1074,0,2016-01-07 06:00:00,41.467
1074,0,2016-01-07 07:00:00,65.445
1074,0,2016-01-07 08:00:00,67.45
1074,0,2016-01-07 09:00:00,76.47399999999999
1074,0,2016-01-07 10:00:00,78.399
1074,0,2016-01-07 11:00:00,84.90100000000001
1074,0,2016-01-07 12:00:00,84.554
1074,0,2016-01-07 13:00:00,94.124
1074,0,2016-01-07 14:00:00,88.56299999999999
1074,0,2016-01-07 15:00:00,93.826
1074,0,2016-01-07 16:00:00,93.145
1074,0,2016-01-07 17:00:00,83.755
1074,0,2016-01-07 18:00:00,68.902
1074,0,2016-01-07 19:00:00,57.748000000000005
1074,0,2016-01-07 20:00:00,41.636
1074,0,2016-01-07 21:00:00,39.804
1074,0,2016-01-07 22:00:00,39.774
1074,0,2016-01-07 23:00:00,41.326
1074,0,2016-01-08 00:00:00,43.362
1074,0,2016-01-08 01:00:00,42.038
1074,0,2016-01-08 02:00:00,40.597
1074,0,2016-01-08 03:00:00,38.798
1074,0,2016-01-08 04:00:00,38.74
1074,0,2016-01-08 05:00:00,38.534
1074,0,2016-01-08 06:00:00,40.948
1074,0,2016-01-08 07:00:00,66.587
1074,0,2016-01-08 08:00:00,69.862
1074,0,2016-01-08 09:00:00,76.63600000000001
1074,0,2016-01-08 10:00:00,86.887
1074,0,2016-01-08 11:00:00,89.015
1074,0,2016-01-08 12:00:00,93.62
1074,0,2016-01-08 13:00:00,91.137
1074,0,2016-01-08 14:00:00,87.89
1074,0,2016-01-08 15:00:00,88.57600000000001
1074,0,2016-01-08 16:00:00,86.521
1074,0,2016-01-08 17:00:00,75.876
1074,0,2016-01-08 18:00:00,55.769
1074,0,2016-01-08 19:00:00,43.078
1074,0,2016-01-08 20:00:00,38.101
1074,0,2016-01-08 21:00:00,37.949
1074,0,2016-01-08 22:00:00,38.079
1074,0,2016-01-08 23:00:00,39.084
1074,0,2016-01-09 00:00:00,40.273
1074,0,2016-01-09 01:00:00,40.955
1074,0,2016-01-09 02:00:00,40.081
1074,0,2016-01-09 03:00:00,38.245
1074,0,2016-01-09 04:00:00,38.179
1074,0,2016-01-09 05:00:00,38.197
1074,0,2016-01-09 06:00:00,40.259
1074,0,2016-01-09 07:00:00,40.214
1074,0,2016-01-09 08:00:00,39.784
1074,0,2016-01-09 09:00:00,36.31
1074,0,2016-01-09 10:00:00,36.029
1074,0,2016-01-09 11:00:00,35.78
1074,0,2016-01-09 12:00:00,35.887
1074,0,2016-01-09 13:00:00,36.242
1074,0,2016-01-09 14:00:00,36.177
1074,0,2016-01-09 15:00:00,36.102
1074,0,2016-01-09 16:00:00,36.054
1074,0,2016-01-09 17:00:00,36.257
1074,0,2016-01-09 18:00:00,37.78
1074,0,2016-01-09 19:00:00,37.983
1074,0,2016-01-09 20:00:00,37.898
1074,0,2016-01-09 21:00:00,37.719
1074,0,2016-01-09 22:00:00,37.923
1074,0,2016-01-09 23:00:00,38.114
1074,0,2016-01-10 00:00:00,39.933
1074,0,2016-01-10 01:00:00,40.992
1074,0,2016-01-10 02:00:00,39.806
1074,0,2016-01-10 03:00:00,37.963
1074,0,2016-01-10 04:00:00,37.778
1074,0,2016-01-10 05:00:00,38.112
1074,0,2016-01-10 06:00:00,40.37
1074,0,2016-01-10 07:00:00,40.329
1074,0,2016-01-10 08:00:00,39.412
1074,0,2016-01-10 09:00:00,36.309
1074,0,2016-01-10 10:00:00,35.917
1074,0,2016-01-10 11:00:00,36.058
1074,0,2016-01-10 12:00:00,35.783
1074,0,2016-01-10 13:00:00,36.226
1074,0,2016-01-10 14:00:00,36.12
1074,0,2016-01-10 15:00:00,35.755
1074,0,2016-01-10 16:00:00,35.92
1074,0,2016-01-10 17:00:00,36.057
1074,0,2016-01-10 18:00:00,37.429
1074,0,2016-01-10 19:00:00,37.993
1074,0,2016-01-10 20:00:00,37.902
1074,0,2016-01-10 21:00:00,37.9
1074,0,2016-01-10 22:00:00,37.299
1074,0,2016-01-10 23:00:00,36.902
1074,0,2016-01-11 00:00:00,38.726
1074,0,2016-01-11 01:00:00,39.358
1074,0,2016-01-11 02:00:00,38.408
1074,0,2016-01-11 03:00:00,36.765
1074,0,2016-01-11 04:00:00,36.48
1074,0,2016-01-11 05:00:00,36.964
1074,0,2016-01-11 06:00:00,43.196000000000005
1074,0,2016-01-11 07:00:00,64.655
1074,0,2016-01-11 08:00:00,68.65899999999999
1074,0,2016-01-11 09:00:00,83.529
1074,0,2016-01-11 10:00:00,100.898
1074,0,2016-01-11 11:00:00,104.419
1074,0,2016-01-11 12:00:00,107.448
1074,0,2016-01-11 13:00:00,100.244
1074,0,2016-01-11 14:00:00,98.365
1074,0,2016-01-11 15:00:00,99.673
1074,0,2016-01-11 16:00:00,103.559
1074,0,2016-01-11 17:00:00,91.473
1074,0,2016-01-11 18:00:00,73.31
1074,0,2016-01-11 19:00:00,59.281000000000006
1074,0,2016-01-11 20:00:00,43.972
1074,0,2016-01-11 21:00:00,40.739
1074,0,2016-01-11 22:00:00,40.389
1074,0,2016-01-11 23:00:00,40.414
1074,0,2016-01-12 00:00:00,41.663
1074,0,2016-01-12 01:00:00,42.02
1074,0,2016-01-12 02:00:00,41.059
1074,0,2016-01-12 03:00:00,39.18
1074,0,2016-01-12 04:00:00,38.923
1074,0,2016-01-12 05:00:00,38.798
1074,0,2016-01-12 06:00:00,41.618
1074,0,2016-01-12 07:00:00,63.379
1074,0,2016-01-12 08:00:00,67.945
1074,0,2016-01-12 09:00:00,87.279
1074,0,2016-01-12 10:00:00,111.514
1074,0,2016-01-12 11:00:00,113.477
1074,0,2016-01-12 12:00:00,118.223
1074,0,2016-01-12 13:00:00,112.463
1074,0,2016-01-12 14:00:00,108.139
1074,0,2016-01-12 15:00:00,102.632
1074,0,2016-01-12 16:00:00,102.124
1074,0,2016-01-12 17:00:00,90.693
1074,0,2016-01-12 18:00:00,69.831
1074,0,2016-01-12 19:00:00,58.143
1074,0,2016-01-12 20:00:00,42.398
1074,0,2016-01-12 21:00:00,40.043
1074,0,2016-01-12 22:00:00,39.601
1074,0,2016-01-12 23:00:00,39.945
1074,0,2016-01-13 00:00:00,41.235
1074,0,2016-01-13 01:00:00,41.726000000000006
1074,0,2016-01-13 02:00:00,41.078
1074,0,2016-01-13 03:00:00,39.748000000000005
1074,0,2016-01-13 04:00:00,38.871
1074,0,2016-01-13 05:00:00,38.645
1074,0,2016-01-13 06:00:00,41.429
1074,0,2016-01-13 07:00:00,63.068000000000005
1074,0,2016-01-13 08:00:00,66.888
1074,0,2016-01-13 09:00:00,80.32300000000001
1074,0,2016-01-13 10:00:00,91.177
1074,0,2016-01-13 11:00:00,102.788
1074,0,2016-01-13 12:00:00,105.768
1074,0,2016-01-13 13:00:00,94.166
1074,0,2016-01-13 14:00:00,100.057
1074,0,2016-01-13 15:00:00,93.739
1074,0,2016-01-13 16:00:00,86.079
1074,0,2016-01-13 17:00:00,75.25399999999999
1074,0,2016-01-13 18:00:00,64.579
1074,0,2016-01-13 19:00:00,56.818000000000005
1074,0,2016-01-13 20:00:00,42.474
1074,0,2016-01-13 21:00:00,40.185
1074,0,2016-01-13 22:00:00,40.191
1074,0,2016-01-13 23:00:00,40.599
1074,0,2016-01-14 00:00:00,42.021
1074,0,2016-01-14 01:00:00,42.086000000000006
1074,0,2016-01-14 02:00:00,40.851
1074,0,2016-01-14 03:00:00,39.053
1074,0,2016-01-14 04:00:00,39.173
1074,0,2016-01-14 05:00:00,38.816
1074,0,2016-01-14 06:00:00,41.161
1074,0,2016-01-14 07:00:00,64.917
1074,0,2016-01-14 08:00:00,67.13600000000001
1074,0,2016-01-14 09:00:00,80.939
1074,0,2016-01-14 10:00:00,87.79
1074,0,2016-01-14 11:00:00,94.088
1074,0,2016-01-14 12:00:00,93.66
1074,0,2016-01-14 13:00:00,94.326
1074,0,2016-01-14 14:00:00,95.099
1074,0,2016-01-14 15:00:00,93.35
1074,0,2016-01-14 16:00:00,88.885
1074,0,2016-01-14 17:00:00,81.315
1074,0,2016-01-14 18:00:00,68.028
1074,0,2016-01-14 19:00:00,56.924
1074,0,2016-01-14 20:00:00,41.264
1074,0,2016-01-14 21:00:00,39.515
1074,0,2016-01-14 22:00:00,39.776
1074,0,2016-01-14 23:00:00,39.561
1074,0,2016-01-15 00:00:00,41.091
1074,0,2016-01-15 01:00:00,41.434
1074,0,2016-01-15 02:00:00,40.334
1074,0,2016-01-15 03:00:00,38.581
1074,0,2016-01-15 04:00:00,38.554
1074,0,2016-01-15 05:00:00,38.567
1074,0,2016-01-15 06:00:00,41.149
1074,0,2016-01-15 07:00:00,65.382
1074,0,2016-01-15 08:00:00,72.657
1074,0,2016-01-15 09:00:00,82.448
1074,0,2016-01-15 10:00:00,93.198
1074,0,2016-01-15 11:00:00,96.279
1074,0,2016-01-15 12:00:00,94.787
1074,0,2016-01-15 13:00:00,96.434
1074,0,2016-01-15 14:00:00,96.849
1074,0,2016-01-15 15:00:00,91.1
1074,0,2016-01-15 16:00:00,89.15299999999999
1074,0,2016-01-15 17:00:00,76.432
1074,0,2016-01-15 18:00:00,61.232
1074,0,2016-01-15 19:00:00,46.645
1074,0,2016-01-15 20:00:00,40.272
1074,0,2016-01-15 21:00:00,40.083
1074,0,2016-01-15 22:00:00,39.86
1074,0,2016-01-15 23:00:00,40.269
1074,0,2016-01-16 00:00:00,41.926
1074,0,2016-01-16 01:00:00,42.808
1074,0,2016-01-16 02:00:00,41.813
1074,0,2016-01-16 03:00:00,39.891
1074,0,2016-01-16 04:00:00,39.367
1074,0,2016-01-16 05:00:00,38.637
1074,0,2016-01-16 06:00:00,41.059
1074,0,2016-01-16 07:00:00,41.071000000000005
1074,0,2016-01-16 08:00:00,39.958
1074,0,2016-01-16 09:00:00,36.843
1074,0,2016-01-16 10:00:00,37.004
1074,0,2016-01-16 11:00:00,37.01
1074,0,2016-01-16 12:00:00,37.459
1074,0,2016-01-16 13:00:00,37.514
1074,0,2016-01-16 14:00:00,37.608
1074,0,2016-01-16 15:00:00,37.327
1074,0,2016-01-16 16:00:00,37.352
1074,0,2016-01-16 17:00:00,37.209
1074,0,2016-01-16 18:00:00,38.686
1074,0,2016-01-16 19:00:00,39.32
1074,0,2016-01-16 20:00:00,39.699
1074,0,2016-01-16 21:00:00,39.211
1074,0,2016-01-16 22:00:00,39.289
1074,0,2016-01-16 23:00:00,39.881
1074,0,2016-01-17 00:00:00,41.45399999999999
1074,0,2016-01-17 01:00:00,42.565
1074,0,2016-01-17 02:00:00,41.213
1074,0,2016-01-17 03:00:00,39.258
1074,0,2016-01-17 04:00:00,38.999
1074,0,2016-01-17 05:00:00,38.802
1074,0,2016-01-17 06:00:00,41.182
1074,0,2016-01-17 07:00:00,40.771
1074,0,2016-01-17 08:00:00,40.086
1074,0,2016-01-17 09:00:00,36.905
1074,0,2016-01-17 10:00:00,36.678
1074,0,2016-01-17 11:00:00,36.43
1074,0,2016-01-17 12:00:00,36.8
1074,0,2016-01-17 13:00:00,37.097
1074,0,2016-01-17 14:00:00,37.027
1074,0,2016-01-17 15:00:00,36.972
1074,0,2016-01-17 16:00:00,37.163
1074,0,2016-01-17 17:00:00,36.919
1074,0,2016-01-17 18:00:00,38.482
1074,0,2016-01-17 19:00:00,39.006
1074,0,2016-01-17 20:00:00,38.744
1074,0,2016-01-17 21:00:00,39.407
1074,0,2016-01-17 22:00:00,39.273
1074,0,2016-01-17 23:00:00,38.924
1074,0,2016-01-18 00:00:00,40.998000000000005
1074,0,2016-01-18 01:00:00,41.412
1074,0,2016-01-18 02:00:00,40.512
1074,0,2016-01-18 03:00:00,38.611
1074,0,2016-01-18 04:00:00,38.38
1074,0,2016-01-18 05:00:00,38.225
1074,0,2016-01-18 06:00:00,44.423
1074,0,2016-01-18 07:00:00,46.306
1074,0,2016-01-18 08:00:00,45.915
1074,0,2016-01-18 09:00:00,42.729
1074,0,2016-01-18 10:00:00,42.672
1074,0,2016-01-18 11:00:00,43.674
1074,0,2016-01-18 12:00:00,44.75
1074,0,2016-01-18 13:00:00,44.462
1074,0,2016-01-18 14:00:00,44.075
1074,0,2016-01-18 15:00:00,44.47
1074,0,2016-01-18 16:00:00,45.04
1074,0,2016-01-18 17:00:00,43.49
1074,0,2016-01-18 18:00:00,44.01
1074,0,2016-01-18 19:00:00,42.032
1074,0,2016-01-18 20:00:00,38.143
1074,0,2016-01-18 21:00:00,37.985
1074,0,2016-01-18 22:00:00,37.694
1074,0,2016-01-18 23:00:00,38.001
1074,0,2016-01-19 00:00:00,39.863
1074,0,2016-01-19 01:00:00,40.662
1074,0,2016-01-19 02:00:00,39.678
1074,0,2016-01-19 03:00:00,37.81
1074,0,2016-01-19 04:00:00,37.687
1074,0,2016-01-19 05:00:00,37.786
1074,0,2016-01-19 06:00:00,40.715
1074,0,2016-01-19 07:00:00,65.363
1074,0,2016-01-19 08:00:00,73.132
1074,0,2016-01-19 09:00:00,107.211
1074,0,2016-01-19 10:00:00,133.447
1074,0,2016-01-19 11:00:00,143.13
1074,0,2016-01-19 12:00:00,141.30100000000002
1074,0,2016-01-19 13:00:00,143.137
1074,0,2016-01-19 14:00:00,138.964
1074,0,2016-01-19 15:00:00,136.642
1074,0,2016-01-19 16:00:00,127.873
1074,0,2016-01-19 17:00:00,114.566
1074,0,2016-01-19 18:00:00,93.272
1074,0,2016-01-19 19:00:00,79.03399999999999
1074,0,2016-01-19 20:00:00,53.235
1074,0,2016-01-19 21:00:00,46.903
1074,0,2016-01-19 22:00:00,44.924
1074,0,2016-01-19 23:00:00,45.233
1074,0,2016-01-20 00:00:00,47.04600000000001
1074,0,2016-01-20 01:00:00,47.619
1074,0,2016-01-20 02:00:00,46.675
1074,0,2016-01-20 03:00:00,44.594
1074,0,2016-01-20 04:00:00,44.169
1074,0,2016-01-20 05:00:00,44.106
1074,0,2016-01-20 06:00:00,47.413
1074,0,2016-01-20 07:00:00,72.255
1074,0,2016-01-20 08:00:00,74.845
1074,0,2016-01-20 09:00:00,99.473
1074,0,2016-01-20 10:00:00,115.511
1074,0,2016-01-20 11:00:00,138.764
1074,0,2016-01-20 12:00:00,135.817
1074,0,2016-01-20 13:00:00,137.012
1074,0,2016-01-20 14:00:00,136.731
1074,0,2016-01-20 15:00:00,133.797
1074,0,2016-01-20 16:00:00,125.239
1074,0,2016-01-20 17:00:00,113.169
1074,0,2016-01-20 18:00:00,93.974
1074,0,2016-01-20 19:00:00,78.226
1074,0,2016-01-20 20:00:00,48.648
1074,0,2016-01-20 21:00:00,45.891000000000005
1074,0,2016-01-20 22:00:00,45.718
1074,0,2016-01-20 23:00:00,44.777
1074,0,2016-01-21 00:00:00,45.929
1074,0,2016-01-21 01:00:00,46.164
1074,0,2016-01-21 02:00:00,45.196000000000005
1074,0,2016-01-21 03:00:00,42.643
1074,0,2016-01-21 04:00:00,42.465
1074,0,2016-01-21 05:00:00,42.073
1074,0,2016-01-21 06:00:00,44.964
1074,0,2016-01-21 07:00:00,70.821
1074,0,2016-01-21 08:00:00,75.075
1074,0,2016-01-21 09:00:00,102.694
1074,0,2016-01-21 10:00:00,123.487
1074,0,2016-01-21 11:00:00,130.71
1074,0,2016-01-21 12:00:00,139.107
1074,0,2016-01-21 13:00:00,137.25799999999998
1074,0,2016-01-21 14:00:00,141.08
1074,0,2016-01-21 15:00:00,134.382
1074,0,2016-01-21 16:00:00,125.398
1074,0,2016-01-21 17:00:00,113.222
1074,0,2016-01-21 18:00:00,89.648
1074,0,2016-01-21 19:00:00,71.188
1074,0,2016-01-21 20:00:00,47.078
1074,0,2016-01-21 21:00:00,42.66
1074,0,2016-01-21 22:00:00,41.377
1074,0,2016-01-21 23:00:00,40.944
1074,0,2016-01-22 00:00:00,42.528
1074,0,2016-01-22 01:00:00,43.806
1074,0,2016-01-22 02:00:00,42.639
1074,0,2016-01-22 03:00:00,40.558
1074,0,2016-01-22 04:00:00,40.624
1074,0,2016-01-22 05:00:00,40.239
1074,0,2016-01-22 06:00:00,44.725
1074,0,2016-01-22 07:00:00,74.485
1074,0,2016-01-22 08:00:00,78.844
1074,0,2016-01-22 09:00:00,88.96799999999999
1074,0,2016-01-22 10:00:00,106.894
1074,0,2016-01-22 11:00:00,116.163
1074,0,2016-01-22 12:00:00,122.429
1074,0,2016-01-22 13:00:00,124.965
1074,0,2016-01-22 14:00:00,124.876
1074,0,2016-01-22 15:00:00,112.223
1074,0,2016-01-22 16:00:00,108.774
1074,0,2016-01-22 17:00:00,96.36
1074,0,2016-01-22 18:00:00,62.787
1074,0,2016-01-22 19:00:00,45.52
1074,0,2016-01-22 20:00:00,39.412
1074,0,2016-01-22 21:00:00,38.86
1074,0,2016-01-22 22:00:00,39.083
1074,0,2016-01-22 23:00:00,39.321
1074,0,2016-01-23 00:00:00,40.997
1074,0,2016-01-23 01:00:00,41.555
1074,0,2016-01-23 02:00:00,40.577
1074,0,2016-01-23 03:00:00,39.184
1074,0,2016-01-23 04:00:00,38.097
1074,0,2016-01-23 05:00:00,37.616
1074,0,2016-01-23 06:00:00,39.486
1074,0,2016-01-23 07:00:00,39.571
1074,0,2016-01-23 08:00:00,39.268
1074,0,2016-01-23 09:00:00,36.819
1074,0,2016-01-23 10:00:00,39.146
1074,0,2016-01-23 11:00:00,40.93
1074,0,2016-01-23 12:00:00,41.784
1074,0,2016-01-23 13:00:00,41.42
1074,0,2016-01-23 14:00:00,39.644
1074,0,2016-01-23 15:00:00,36.73
1074,0,2016-01-23 16:00:00,36.185
1074,0,2016-01-23 17:00:00,35.16
1074,0,2016-01-23 18:00:00,36.926
1074,0,2016-01-23 19:00:00,38.13
1074,0,2016-01-23 20:00:00,37.881
1074,0,2016-01-23 21:00:00,37.323
1074,0,2016-01-23 22:00:00,37.346
1074,0,2016-01-23 23:00:00,37.337
1074,0,2016-01-24 00:00:00,39.212
1074,0,2016-01-24 01:00:00,39.993
1074,0,2016-01-24 02:00:00,39.047
1074,0,2016-01-24 03:00:00,37.191
1074,0,2016-01-24 04:00:00,37.153
1074,0,2016-01-24 05:00:00,37.311
1074,0,2016-01-24 06:00:00,38.883
1074,0,2016-01-24 07:00:00,39.314
1074,0,2016-01-24 08:00:00,38.482
1074,0,2016-01-24 09:00:00,35.689
1074,0,2016-01-24 10:00:00,35.049
1074,0,2016-01-24 11:00:00,35.054
1074,0,2016-01-24 12:00:00,34.899
1074,0,2016-01-24 13:00:00,35.241
1074,0,2016-01-24 14:00:00,35.041
1074,0,2016-01-24 15:00:00,34.701
1074,0,2016-01-24 16:00:00,35.103
1074,0,2016-01-24 17:00:00,34.885
1074,0,2016-01-24 18:00:00,36.519
1074,0,2016-01-24 19:00:00,37.127
1074,0,2016-01-24 20:00:00,37.483
1074,0,2016-01-24 21:00:00,37.201
1074,0,2016-01-24 22:00:00,37.179
1074,0,2016-01-24 23:00:00,37.509
1074,0,2016-01-25 00:00:00,39.2
1074,0,2016-01-25 01:00:00,40.612
1074,0,2016-01-25 02:00:00,39.096
1074,0,2016-01-25 03:00:00,37.358
1074,0,2016-01-25 04:00:00,37.401
1074,0,2016-01-25 05:00:00,37.271
1074,0,2016-01-25 06:00:00,45.711000000000006
1074,0,2016-01-25 07:00:00,75.234
1074,0,2016-01-25 08:00:00,74.12100000000001
1074,0,2016-01-25 09:00:00,91.769
1074,0,2016-01-25 10:00:00,112.659
1074,0,2016-01-25 11:00:00,127.032
1074,0,2016-01-25 12:00:00,127.089
1074,0,2016-01-25 13:00:00,132.458
1074,0,2016-01-25 14:00:00,136.64700000000002
1074,0,2016-01-25 15:00:00,134.175
1074,0,2016-01-25 16:00:00,129.20600000000002
1074,0,2016-01-25 17:00:00,114.851
1074,0,2016-01-25 18:00:00,101.129
1074,0,2016-01-25 19:00:00,79.961
1074,0,2016-01-25 20:00:00,49.37
1074,0,2016-01-25 21:00:00,43.43600000000001
1074,0,2016-01-25 22:00:00,40.308
1074,0,2016-01-25 23:00:00,39.264
1074,0,2016-01-26 00:00:00,40.662
1074,0,2016-01-26 01:00:00,41.45
1074,0,2016-01-26 02:00:00,40.695
1074,0,2016-01-26 03:00:00,38.616
1074,0,2016-01-26 04:00:00,38.528
1074,0,2016-01-26 05:00:00,38.19
1074,0,2016-01-26 06:00:00,41.482
1074,0,2016-01-26 07:00:00,73.752
1074,0,2016-01-26 08:00:00,75.973
1074,0,2016-01-26 09:00:00,103.645
1074,0,2016-01-26 10:00:00,129.468
1074,0,2016-01-26 11:00:00,136.507
1074,0,2016-01-26 12:00:00,142.62
1074,0,2016-01-26 13:00:00,138.90200000000002
1074,0,2016-01-26 14:00:00,137.87
1074,0,2016-01-26 15:00:00,126.469
1074,0,2016-01-26 16:00:00,121.044
1074,0,2016-01-26 17:00:00,115.198
1074,0,2016-01-26 18:00:00,97.787
1074,0,2016-01-26 19:00:00,81.965
1074,0,2016-01-26 20:00:00,51.471
1074,0,2016-01-26 21:00:00,43.332
1074,0,2016-01-26 22:00:00,41.567
1074,0,2016-01-26 23:00:00,41.222
1074,0,2016-01-27 00:00:00,42.726000000000006
1074,0,2016-01-27 01:00:00,43.587
1074,0,2016-01-27 02:00:00,43.014
1074,0,2016-01-27 03:00:00,41.183
1074,0,2016-01-27 04:00:00,40.954
1074,0,2016-01-27 05:00:00,40.591
1074,0,2016-01-27 06:00:00,43.718
1074,0,2016-01-27 07:00:00,68.324
1074,0,2016-01-27 08:00:00,71.6
1074,0,2016-01-27 09:00:00,90.706
1074,0,2016-01-27 10:00:00,118.336
1074,0,2016-01-27 11:00:00,134.082
1074,0,2016-01-27 12:00:00,141.142
1074,0,2016-01-27 13:00:00,145.436
1074,0,2016-01-27 14:00:00,135.188
1074,0,2016-01-27 15:00:00,131.519
1074,0,2016-01-27 16:00:00,120.015
1074,0,2016-01-27 17:00:00,110.382
1074,0,2016-01-27 18:00:00,94.254
1074,0,2016-01-27 19:00:00,78.017
1074,0,2016-01-27 20:00:00,54.263000000000005
1074,0,2016-01-27 21:00:00,48.88399999999999
1074,0,2016-01-27 22:00:00,44.115
1074,0,2016-01-27 23:00:00,42.965
1074,0,2016-01-28 00:00:00,44.694
1074,0,2016-01-28 01:00:00,45.899
1074,0,2016-01-28 02:00:00,44.66
1074,0,2016-01-28 03:00:00,42.484
1074,0,2016-01-28 04:00:00,42.336000000000006
1074,0,2016-01-28 05:00:00,42.268
1074,0,2016-01-28 06:00:00,44.589
1074,0,2016-01-28 07:00:00,69.59
1074,0,2016-01-28 08:00:00,76.819
1074,0,2016-01-28 09:00:00,102.433
1074,0,2016-01-28 10:00:00,120.31
1074,0,2016-01-28 11:00:00,130.105
1074,0,2016-01-28 12:00:00,135.993
1074,0,2016-01-28 13:00:00,139.57299999999998
1074,0,2016-01-28 14:00:00,138.745
1074,0,2016-01-28 15:00:00,131.082
1074,0,2016-01-28 16:00:00,133.833
1074,0,2016-01-28 17:00:00,123.811
1074,0,2016-01-28 18:00:00,95.844
1074,0,2016-01-28 19:00:00,83.991
1074,0,2016-01-28 20:00:00,51.845
1074,0,2016-01-28 21:00:00,44.84
1074,0,2016-01-28 22:00:00,44.555
1074,0,2016-01-28 23:00:00,41.489
1074,0,2016-01-29 00:00:00,42.526
1074,0,2016-01-29 01:00:00,43.307
1074,0,2016-01-29 02:00:00,42.383
1074,0,2016-01-29 03:00:00,40.353
1074,0,2016-01-29 04:00:00,40.078
1074,0,2016-01-29 05:00:00,40.094
1074,0,2016-01-29 06:00:00,43.037
1074,0,2016-01-29 07:00:00,74.0
1074,0,2016-01-29 08:00:00,77.788
1074,0,2016-01-29 09:00:00,87.455
1074,0,2016-01-29 10:00:00,104.076
1074,0,2016-01-29 11:00:00,112.029
1074,0,2016-01-29 12:00:00,117.622
1074,0,2016-01-29 13:00:00,121.434
1074,0,2016-01-29 14:00:00,117.634
1074,0,2016-01-29 15:00:00,114.712
1074,0,2016-01-29 16:00:00,111.977
1074,0,2016-01-29 17:00:00,97.732
1074,0,2016-01-29 18:00:00,67.622
1074,0,2016-01-29 19:00:00,50.897
1074,0,2016-01-29 20:00:00,44.639
1074,0,2016-01-29 21:00:00,40.783
1074,0,2016-01-29 22:00:00,40.645
1074,0,2016-01-29 23:00:00,40.373000000000005
1074,0,2016-01-30 00:00:00,42.359
1074,0,2016-01-30 01:00:00,43.202
1074,0,2016-01-30 02:00:00,42.126000000000005
1074,0,2016-01-30 03:00:00,40.126
1074,0,2016-01-30 04:00:00,39.721
1074,0,2016-01-30 05:00:00,39.677
1074,0,2016-01-30 06:00:00,42.168
1074,0,2016-01-30 07:00:00,42.315
1074,0,2016-01-30 08:00:00,41.757
1074,0,2016-01-30 09:00:00,37.888000000000005
1074,0,2016-01-30 10:00:00,37.544
1074,0,2016-01-30 11:00:00,37.88
1074,0,2016-01-30 12:00:00,38.144
1074,0,2016-01-30 13:00:00,38.378
1074,0,2016-01-30 14:00:00,38.431
1074,0,2016-01-30 15:00:00,38.869
1074,0,2016-01-30 16:00:00,39.437
1074,0,2016-01-30 17:00:00,38.133
1074,0,2016-01-30 18:00:00,39.895
1074,0,2016-01-30 19:00:00,40.132
1074,0,2016-01-30 20:00:00,40.308
1074,0,2016-01-30 21:00:00,40.225
1074,0,2016-01-30 22:00:00,40.973
1074,0,2016-01-30 23:00:00,40.416
1074,0,2016-01-31 00:00:00,42.373000000000005
1074,0,2016-01-31 01:00:00,43.3
1074,0,2016-01-31 02:00:00,42.359
1074,0,2016-01-31 03:00:00,40.437
1074,0,2016-01-31 04:00:00,40.397
1074,0,2016-01-31 05:00:00,40.15
1074,0,2016-01-31 06:00:00,42.343
1074,0,2016-01-31 07:00:00,42.196000000000005
1074,0,2016-01-31 08:00:00,41.472
1074,0,2016-01-31 09:00:00,39.261
1074,0,2016-01-31 10:00:00,37.284
1074,0,2016-01-31 11:00:00,36.885
1074,0,2016-01-31 12:00:00,37.065
1074,0,2016-01-31 13:00:00,38.187
1074,0,2016-01-31 14:00:00,37.895
1074,0,2016-01-31 15:00:00,37.31
1074,0,2016-01-31 16:00:00,36.745
1074,0,2016-01-31 17:00:00,36.849
1074,0,2016-01-31 18:00:00,63.67
1074,0,2016-01-31 19:00:00,70.332
1074,0,2016-01-31 20:00:00,71.223
1074,0,2016-01-31 21:00:00,77.14399999999999
1074,0,2016-01-31 22:00:00,73.274
1074,0,2016-01-31 23:00:00,70.563
1074,0,2016-02-01 00:00:00,71.831
1074,0,2016-02-01 01:00:00,68.149
1074,0,2016-02-01 02:00:00,64.87899999999999
1074,0,2016-02-01 03:00:00,61.187
1074,0,2016-02-01 04:00:00,59.45399999999999
1074,0,2016-02-01 05:00:00,57.716
1074,0,2016-02-01 06:00:00,71.19
1074,0,2016-02-01 07:00:00,67.173
1074,0,2016-02-01 08:00:00,68.518
1074,0,2016-02-01 09:00:00,92.253
1074,0,2016-02-01 10:00:00,121.102
1074,0,2016-02-01 11:00:00,140.558
1074,0,2016-02-01 12:00:00,141.42600000000002
1074,0,2016-02-01 13:00:00,134.987
1074,0,2016-02-01 14:00:00,135.042
1074,0,2016-02-01 15:00:00,136.275
1074,0,2016-02-01 16:00:00,129.797
1074,0,2016-02-01 17:00:00,120.715
1074,0,2016-02-01 18:00:00,106.046
1074,0,2016-02-01 19:00:00,89.962
1074,0,2016-02-01 20:00:00,75.082
1074,0,2016-02-01 21:00:00,67.154
1074,0,2016-02-01 22:00:00,61.965
1074,0,2016-02-01 23:00:00,62.042
1074,0,2016-02-02 00:00:00,64.20100000000001
1074,0,2016-02-02 01:00:00,66.04899999999999
1074,0,2016-02-02 02:00:00,60.88
1074,0,2016-02-02 03:00:00,55.999
1074,0,2016-02-02 04:00:00,54.195
1074,0,2016-02-02 05:00:00,54.292
1074,0,2016-02-02 06:00:00,62.03
1074,0,2016-02-02 07:00:00,77.868
1074,0,2016-02-02 08:00:00,78.319
1074,0,2016-02-02 09:00:00,101.426
1074,0,2016-02-02 10:00:00,127.694
1074,0,2016-02-02 11:00:00,139.424
1074,0,2016-02-02 12:00:00,149.944
1074,0,2016-02-02 13:00:00,148.47
1074,0,2016-02-02 14:00:00,143.335
1074,0,2016-02-02 15:00:00,133.736
1074,0,2016-02-02 16:00:00,121.603
1074,0,2016-02-02 17:00:00,107.118
1074,0,2016-02-02 18:00:00,89.288
1074,0,2016-02-02 19:00:00,73.715
1074,0,2016-02-02 20:00:00,52.108
1074,0,2016-02-02 21:00:00,44.289
1074,0,2016-02-02 22:00:00,39.59
1074,0,2016-02-02 23:00:00,39.672
1074,0,2016-02-03 00:00:00,40.943000000000005
1074,0,2016-02-03 01:00:00,41.545
1074,0,2016-02-03 02:00:00,39.981
1074,0,2016-02-03 03:00:00,38.129
1074,0,2016-02-03 04:00:00,38.242
1074,0,2016-02-03 05:00:00,37.614
1074,0,2016-02-03 06:00:00,40.815
1074,0,2016-02-03 07:00:00,68.22399999999999
1074,0,2016-02-03 08:00:00,71.089
1074,0,2016-02-03 09:00:00,78.707
1074,0,2016-02-03 10:00:00,91.217
1074,0,2016-02-03 11:00:00,106.252
1074,0,2016-02-03 12:00:00,114.881
1074,0,2016-02-03 13:00:00,121.723
1074,0,2016-02-03 14:00:00,127.293
1074,0,2016-02-03 15:00:00,122.142
1074,0,2016-02-03 16:00:00,116.582
1074,0,2016-02-03 17:00:00,101.779
1074,0,2016-02-03 18:00:00,85.971
1074,0,2016-02-03 19:00:00,78.791
1074,0,2016-02-03 20:00:00,55.124
1074,0,2016-02-03 21:00:00,49.851000000000006
1074,0,2016-02-03 22:00:00,46.841
1074,0,2016-02-03 23:00:00,46.353
1074,0,2016-02-04 00:00:00,47.721
1074,0,2016-02-04 01:00:00,48.434
1074,0,2016-02-04 02:00:00,47.327
1074,0,2016-02-04 03:00:00,44.536
1074,0,2016-02-04 04:00:00,43.258
1074,0,2016-02-04 05:00:00,42.9
1074,0,2016-02-04 06:00:00,48.441
1074,0,2016-02-04 07:00:00,78.928
1074,0,2016-02-04 08:00:00,80.229
1074,0,2016-02-04 09:00:00,103.334
1074,0,2016-02-04 10:00:00,127.561
1074,0,2016-02-04 11:00:00,137.799
1074,0,2016-02-04 12:00:00,147.233
1074,0,2016-02-04 13:00:00,144.317
1074,0,2016-02-04 14:00:00,143.79
1074,0,2016-02-04 15:00:00,133.2
1074,0,2016-02-04 16:00:00,127.693
1074,0,2016-02-04 17:00:00,116.332
1074,0,2016-02-04 18:00:00,94.727
1074,0,2016-02-04 19:00:00,81.24600000000001
1074,0,2016-02-04 20:00:00,53.27
1074,0,2016-02-04 21:00:00,49.852
1074,0,2016-02-04 22:00:00,47.043
1074,0,2016-02-04 23:00:00,44.445
1074,0,2016-02-05 00:00:00,45.639
1074,0,2016-02-05 01:00:00,45.651
1074,0,2016-02-05 02:00:00,44.824
1074,0,2016-02-05 03:00:00,41.963
1074,0,2016-02-05 04:00:00,42.424
1074,0,2016-02-05 05:00:00,41.765
1074,0,2016-02-05 06:00:00,46.403
1074,0,2016-02-05 07:00:00,75.211
1074,0,2016-02-05 08:00:00,80.94800000000001
1074,0,2016-02-05 09:00:00,97.521
1074,0,2016-02-05 10:00:00,113.577
1074,0,2016-02-05 11:00:00,120.02
1074,0,2016-02-05 12:00:00,123.088
1074,0,2016-02-05 13:00:00,126.411
1074,0,2016-02-05 14:00:00,122.547
1074,0,2016-02-05 15:00:00,122.977
1074,0,2016-02-05 16:00:00,113.112
1074,0,2016-02-05 17:00:00,100.448
1074,0,2016-02-05 18:00:00,71.214
1074,0,2016-02-05 19:00:00,51.358
1074,0,2016-02-05 20:00:00,44.083
1074,0,2016-02-05 21:00:00,41.793
1074,0,2016-02-05 22:00:00,39.229
1074,0,2016-02-05 23:00:00,38.588
1074,0,2016-02-06 00:00:00,40.221
1074,0,2016-02-06 01:00:00,41.431
1074,0,2016-02-06 02:00:00,39.977
1074,0,2016-02-06 03:00:00,37.511
1074,0,2016-02-06 04:00:00,37.193000000000005
1074,0,2016-02-06 05:00:00,37.35
1074,0,2016-02-06 06:00:00,39.977
1074,0,2016-02-06 07:00:00,40.106
1074,0,2016-02-06 08:00:00,38.946
1074,0,2016-02-06 09:00:00,37.889
1074,0,2016-02-06 10:00:00,39.873000000000005
1074,0,2016-02-06 11:00:00,40.125
1074,0,2016-02-06 12:00:00,40.424
1074,0,2016-02-06 13:00:00,39.07
1074,0,2016-02-06 14:00:00,62.901
1074,0,2016-02-06 15:00:00,60.273
1074,0,2016-02-06 16:00:00,55.144
1074,0,2016-02-06 17:00:00,48.713
1074,0,2016-02-06 18:00:00,48.157
1074,0,2016-02-06 19:00:00,48.512
1074,0,2016-02-06 20:00:00,47.433
1074,0,2016-02-06 21:00:00,36.791
1074,0,2016-02-06 22:00:00,35.465
1074,0,2016-02-06 23:00:00,35.596
1074,0,2016-02-07 00:00:00,37.998000000000005
1074,0,2016-02-07 01:00:00,38.405
1074,0,2016-02-07 02:00:00,37.549
1074,0,2016-02-07 03:00:00,35.514
1074,0,2016-02-07 04:00:00,35.259
1074,0,2016-02-07 05:00:00,35.302
1074,0,2016-02-07 06:00:00,37.553
1074,0,2016-02-07 07:00:00,37.823
1074,0,2016-02-07 08:00:00,36.448
1074,0,2016-02-07 09:00:00,51.361
1074,0,2016-02-07 10:00:00,51.262
1074,0,2016-02-07 11:00:00,52.196000000000005
1074,0,2016-02-07 12:00:00,53.943000000000005
1074,0,2016-02-07 13:00:00,52.554
1074,0,2016-02-07 14:00:00,50.897
1074,0,2016-02-07 15:00:00,49.103
1074,0,2016-02-07 16:00:00,37.058
1074,0,2016-02-07 17:00:00,34.056
1074,0,2016-02-07 18:00:00,35.143
1074,0,2016-02-07 19:00:00,35.902
1074,0,2016-02-07 20:00:00,36.116
1074,0,2016-02-07 21:00:00,36.674
1074,0,2016-02-07 22:00:00,36.32
1074,0,2016-02-07 23:00:00,36.839
1074,0,2016-02-08 00:00:00,38.487
1074,0,2016-02-08 01:00:00,38.915
1074,0,2016-02-08 02:00:00,37.599
1074,0,2016-02-08 03:00:00,35.552
1074,0,2016-02-08 04:00:00,35.478
1074,0,2016-02-08 05:00:00,35.246
1074,0,2016-02-08 06:00:00,46.337
1074,0,2016-02-08 07:00:00,72.133
1074,0,2016-02-08 08:00:00,74.366
1074,0,2016-02-08 09:00:00,92.94
1074,0,2016-02-08 10:00:00,116.906
1074,0,2016-02-08 11:00:00,135.737
1074,0,2016-02-08 12:00:00,136.757
1074,0,2016-02-08 13:00:00,139.735
1074,0,2016-02-08 14:00:00,136.958
1074,0,2016-02-08 15:00:00,136.665
1074,0,2016-02-08 16:00:00,131.414
1074,0,2016-02-08 17:00:00,114.797
1074,0,2016-02-08 18:00:00,102.96
1074,0,2016-02-08 19:00:00,88.45200000000001
1074,0,2016-02-08 20:00:00,53.907
1074,0,2016-02-08 21:00:00,49.554
1074,0,2016-02-08 22:00:00,47.859
1074,0,2016-02-08 23:00:00,44.903
1074,0,2016-02-09 00:00:00,46.254
1074,0,2016-02-09 01:00:00,46.152
1074,0,2016-02-09 02:00:00,44.543
1074,0,2016-02-09 03:00:00,42.737
1074,0,2016-02-09 04:00:00,42.832
1074,0,2016-02-09 05:00:00,42.594
1074,0,2016-02-09 06:00:00,49.07899999999999
1074,0,2016-02-09 07:00:00,73.84
1074,0,2016-02-09 08:00:00,73.17399999999999
1074,0,2016-02-09 09:00:00,102.611
1074,0,2016-02-09 10:00:00,123.524
1074,0,2016-02-09 11:00:00,140.012
1074,0,2016-02-09 12:00:00,143.61700000000002
1074,0,2016-02-09 13:00:00,146.873
1074,0,2016-02-09 14:00:00,144.812
1074,0,2016-02-09 15:00:00,136.36
1074,0,2016-02-09 16:00:00,131.803
1074,0,2016-02-09 17:00:00,121.75
1074,0,2016-02-09 18:00:00,104.724
1074,0,2016-02-09 19:00:00,88.30799999999999
1074,0,2016-02-09 20:00:00,60.456
1074,0,2016-02-09 21:00:00,53.554
1074,0,2016-02-09 22:00:00,49.694
1074,0,2016-02-09 23:00:00,46.547
1074,0,2016-02-10 00:00:00,47.322
1074,0,2016-02-10 01:00:00,47.871
1074,0,2016-02-10 02:00:00,46.178
1074,0,2016-02-10 03:00:00,44.784
1074,0,2016-02-10 04:00:00,42.458
1074,0,2016-02-10 05:00:00,41.992
1074,0,2016-02-10 06:00:00,48.618
1074,0,2016-02-10 07:00:00,74.908
1074,0,2016-02-10 08:00:00,77.665
1074,0,2016-02-10 09:00:00,100.785
1074,0,2016-02-10 10:00:00,120.226
1074,0,2016-02-10 11:00:00,136.036
1074,0,2016-02-10 12:00:00,141.205
1074,0,2016-02-10 13:00:00,141.09799999999998
1074,0,2016-02-10 14:00:00,139.815
1074,0,2016-02-10 15:00:00,135.534
1074,0,2016-02-10 16:00:00,129.694
1074,0,2016-02-10 17:00:00,120.188
1074,0,2016-02-10 18:00:00,105.916
1074,0,2016-02-10 19:00:00,94.926
1074,0,2016-02-10 20:00:00,64.586
1074,0,2016-02-10 21:00:00,56.131
1074,0,2016-02-10 22:00:00,51.627
1074,0,2016-02-10 23:00:00,47.58
1074,0,2016-02-11 00:00:00,47.673
1074,0,2016-02-11 01:00:00,45.871
1074,0,2016-02-11 02:00:00,45.283
1074,0,2016-02-11 03:00:00,44.685
1074,0,2016-02-11 04:00:00,41.577
1074,0,2016-02-11 05:00:00,40.804
1074,0,2016-02-11 06:00:00,46.703
1074,0,2016-02-11 07:00:00,73.99600000000001
1074,0,2016-02-11 08:00:00,79.47800000000001
1074,0,2016-02-11 09:00:00,105.544
1074,0,2016-02-11 10:00:00,124.983
1074,0,2016-02-11 11:00:00,136.51
1074,0,2016-02-11 12:00:00,143.062
1074,0,2016-02-11 13:00:00,144.066
1074,0,2016-02-11 14:00:00,142.082
1074,0,2016-02-11 15:00:00,134.672
1074,0,2016-02-11 16:00:00,134.46
1074,0,2016-02-11 17:00:00,124.035
1074,0,2016-02-11 18:00:00,103.573
1074,0,2016-02-11 19:00:00,91.141
1074,0,2016-02-11 20:00:00,52.985
1074,0,2016-02-11 21:00:00,46.308
1074,0,2016-02-11 22:00:00,42.857
1074,0,2016-02-11 23:00:00,40.436
1074,0,2016-02-12 00:00:00,41.179
1074,0,2016-02-12 01:00:00,42.144
1074,0,2016-02-12 02:00:00,41.33
1074,0,2016-02-12 03:00:00,39.419
1074,0,2016-02-12 04:00:00,38.973
1074,0,2016-02-12 05:00:00,38.811
1074,0,2016-02-12 06:00:00,43.56
1074,0,2016-02-12 07:00:00,70.736
1074,0,2016-02-12 08:00:00,75.516
1074,0,2016-02-12 09:00:00,95.556
1074,0,2016-02-12 10:00:00,113.789
1074,0,2016-02-12 11:00:00,120.777
1074,0,2016-02-12 12:00:00,126.903
1074,0,2016-02-12 13:00:00,128.482
1074,0,2016-02-12 14:00:00,130.58
1074,0,2016-02-12 15:00:00,128.145
1074,0,2016-02-12 16:00:00,123.86
1074,0,2016-02-12 17:00:00,110.109
1074,0,2016-02-12 18:00:00,73.803
1074,0,2016-02-12 19:00:00,52.758
1074,0,2016-02-12 20:00:00,45.549
1074,0,2016-02-12 21:00:00,43.033
1074,0,2016-02-12 22:00:00,41.768
1074,0,2016-02-12 23:00:00,42.09
1074,0,2016-02-13 00:00:00,43.864
1074,0,2016-02-13 01:00:00,44.547
1074,0,2016-02-13 02:00:00,43.82899999999999
1074,0,2016-02-13 03:00:00,41.919
1074,0,2016-02-13 04:00:00,41.195
1074,0,2016-02-13 05:00:00,41.195
1074,0,2016-02-13 06:00:00,43.834
1074,0,2016-02-13 07:00:00,43.776
1074,0,2016-02-13 08:00:00,41.937
1074,0,2016-02-13 09:00:00,40.528
1074,0,2016-02-13 10:00:00,40.948
1074,0,2016-02-13 11:00:00,41.606
1074,0,2016-02-13 12:00:00,42.728
1074,0,2016-02-13 13:00:00,43.777
1074,0,2016-02-13 14:00:00,63.81399999999999
1074,0,2016-02-13 15:00:00,63.929
1074,0,2016-02-13 16:00:00,61.887
1074,0,2016-02-13 17:00:00,57.696000000000005
1074,0,2016-02-13 18:00:00,54.178
1074,0,2016-02-13 19:00:00,53.548
1074,0,2016-02-13 20:00:00,52.596
1074,0,2016-02-13 21:00:00,42.344
1074,0,2016-02-13 22:00:00,41.08
1074,0,2016-02-13 23:00:00,41.607
1074,0,2016-02-14 00:00:00,41.266000000000005
1074,0,2016-02-14 01:00:00,40.164
1074,0,2016-02-14 02:00:00,39.259
1074,0,2016-02-14 03:00:00,37.223
1074,0,2016-02-14 04:00:00,36.825
1074,0,2016-02-14 05:00:00,36.674
1074,0,2016-02-14 06:00:00,39.389
1074,0,2016-02-14 07:00:00,39.714
1074,0,2016-02-14 08:00:00,38.207
1074,0,2016-02-14 09:00:00,53.09
1074,0,2016-02-14 10:00:00,52.783
1074,0,2016-02-14 11:00:00,52.695
1074,0,2016-02-14 12:00:00,53.434
1074,0,2016-02-14 13:00:00,53.889
1074,0,2016-02-14 14:00:00,51.208
1074,0,2016-02-14 15:00:00,48.869
1074,0,2016-02-14 16:00:00,36.645
1074,0,2016-02-14 17:00:00,36.756
1074,0,2016-02-14 18:00:00,36.611
1074,0,2016-02-14 19:00:00,39.765
1074,0,2016-02-14 20:00:00,41.246
1074,0,2016-02-14 21:00:00,40.864
1074,0,2016-02-14 22:00:00,40.484
1074,0,2016-02-14 23:00:00,41.269
1074,0,2016-02-15 00:00:00,43.152
1074,0,2016-02-15 01:00:00,43.088
1074,0,2016-02-15 02:00:00,41.774
1074,0,2016-02-15 03:00:00,39.372
1074,0,2016-02-15 04:00:00,38.186
1074,0,2016-02-15 05:00:00,37.423
1074,0,2016-02-15 06:00:00,44.307
1074,0,2016-02-15 07:00:00,68.021
1074,0,2016-02-15 08:00:00,69.581
1074,0,2016-02-15 09:00:00,86.646
1074,0,2016-02-15 10:00:00,111.906
1074,0,2016-02-15 11:00:00,127.621
1074,0,2016-02-15 12:00:00,130.78
1074,0,2016-02-15 13:00:00,130.484
1074,0,2016-02-15 14:00:00,127.368
1074,0,2016-02-15 15:00:00,127.715
1074,0,2016-02-15 16:00:00,123.071
1074,0,2016-02-15 17:00:00,110.261
1074,0,2016-02-15 18:00:00,93.705
1074,0,2016-02-15 19:00:00,83.94200000000001
1074,0,2016-02-15 20:00:00,53.841
1074,0,2016-02-15 21:00:00,45.106
1074,0,2016-02-15 22:00:00,45.631
1074,0,2016-02-15 23:00:00,44.511
1074,0,2016-02-16 00:00:00,44.705
1074,0,2016-02-16 01:00:00,45.487
1074,0,2016-02-16 02:00:00,46.32899999999999
1074,0,2016-02-16 03:00:00,42.807
1074,0,2016-02-16 04:00:00,40.32
1074,0,2016-02-16 05:00:00,40.294
1074,0,2016-02-16 06:00:00,43.554
1074,0,2016-02-16 07:00:00,69.242
1074,0,2016-02-16 08:00:00,72.637
1074,0,2016-02-16 09:00:00,102.571
1074,0,2016-02-16 10:00:00,126.58
1074,0,2016-02-16 11:00:00,135.202
1074,0,2016-02-16 12:00:00,140.52
1074,0,2016-02-16 13:00:00,145.35
1074,0,2016-02-16 14:00:00,141.129
1074,0,2016-02-16 15:00:00,132.889
1074,0,2016-02-16 16:00:00,125.067
1074,0,2016-02-16 17:00:00,117.362
1074,0,2016-02-16 18:00:00,95.85
1074,0,2016-02-16 19:00:00,84.949
1074,0,2016-02-16 20:00:00,56.574
1074,0,2016-02-16 21:00:00,50.333
1074,0,2016-02-16 22:00:00,46.737
1074,0,2016-02-16 23:00:00,47.005
1074,0,2016-02-17 00:00:00,47.902
1074,0,2016-02-17 01:00:00,49.557
1074,0,2016-02-17 02:00:00,48.559
1074,0,2016-02-17 03:00:00,47.664
1074,0,2016-02-17 04:00:00,44.824
1074,0,2016-02-17 05:00:00,44.11
1074,0,2016-02-17 06:00:00,48.001000000000005
1074,0,2016-02-17 07:00:00,74.473
1074,0,2016-02-17 08:00:00,72.937
1074,0,2016-02-17 09:00:00,89.988
1074,0,2016-02-17 10:00:00,106.835
1074,0,2016-02-17 11:00:00,117.814
1074,0,2016-02-17 12:00:00,127.32
1074,0,2016-02-17 13:00:00,136.189
1074,0,2016-02-17 14:00:00,138.685
1074,0,2016-02-17 15:00:00,133.921
1074,0,2016-02-17 16:00:00,123.44
1074,0,2016-02-17 17:00:00,109.428
1074,0,2016-02-17 18:00:00,96.204
1074,0,2016-02-17 19:00:00,87.963
1074,0,2016-02-17 20:00:00,56.773
1074,0,2016-02-17 21:00:00,49.608
1074,0,2016-02-17 22:00:00,46.068000000000005
1074,0,2016-02-17 23:00:00,43.872
1074,0,2016-02-18 00:00:00,45.494
1074,0,2016-02-18 01:00:00,45.526
1074,0,2016-02-18 02:00:00,46.207
1074,0,2016-02-18 03:00:00,43.661
1074,0,2016-02-18 04:00:00,39.166
1074,0,2016-02-18 05:00:00,38.43
1074,0,2016-02-18 06:00:00,42.016000000000005
1074,0,2016-02-18 07:00:00,75.531
1074,0,2016-02-18 08:00:00,80.39399999999999
1074,0,2016-02-18 09:00:00,102.734
1074,0,2016-02-18 10:00:00,122.575
1074,0,2016-02-18 11:00:00,136.22299999999998
1074,0,2016-02-18 12:00:00,142.439
1074,0,2016-02-18 13:00:00,139.785
1074,0,2016-02-18 14:00:00,134.046
1074,0,2016-02-18 15:00:00,131.849
1074,0,2016-02-18 16:00:00,124.353
1074,0,2016-02-18 17:00:00,114.715
1074,0,2016-02-18 18:00:00,96.457
1074,0,2016-02-18 19:00:00,81.53
1074,0,2016-02-18 20:00:00,49.161
1074,0,2016-02-18 21:00:00,42.497
1074,0,2016-02-18 22:00:00,40.046
1074,0,2016-02-18 23:00:00,38.55
1074,0,2016-02-19 00:00:00,39.717
1074,0,2016-02-19 01:00:00,40.194
1074,0,2016-02-19 02:00:00,38.894
1074,0,2016-02-19 03:00:00,36.733
1074,0,2016-02-19 04:00:00,36.245
1074,0,2016-02-19 05:00:00,36.292
1074,0,2016-02-19 06:00:00,40.554
1074,0,2016-02-19 07:00:00,69.902
1074,0,2016-02-19 08:00:00,73.77
1074,0,2016-02-19 09:00:00,87.382
1074,0,2016-02-19 10:00:00,98.003
1074,0,2016-02-19 11:00:00,112.351
1074,0,2016-02-19 12:00:00,119.894
1074,0,2016-02-19 13:00:00,120.695
1074,0,2016-02-19 14:00:00,114.917
1074,0,2016-02-19 15:00:00,110.01
1074,0,2016-02-19 16:00:00,108.613
1074,0,2016-02-19 17:00:00,104.947
1074,0,2016-02-19 18:00:00,72.734
1074,0,2016-02-19 19:00:00,51.506
1074,0,2016-02-19 20:00:00,44.062
1074,0,2016-02-19 21:00:00,42.587
1074,0,2016-02-19 22:00:00,41.287
1074,0,2016-02-19 23:00:00,40.774
1074,0,2016-02-20 00:00:00,41.607
1074,0,2016-02-20 01:00:00,41.614
1074,0,2016-02-20 02:00:00,40.983
1074,0,2016-02-20 03:00:00,39.355
1074,0,2016-02-20 04:00:00,38.195
1074,0,2016-02-20 05:00:00,38.51
1074,0,2016-02-20 06:00:00,40.804
1074,0,2016-02-20 07:00:00,41.61600000000001
1074,0,2016-02-20 08:00:00,39.139
1074,0,2016-02-20 09:00:00,36.806
1074,0,2016-02-20 10:00:00,36.589
1074,0,2016-02-20 11:00:00,36.864
1074,0,2016-02-20 12:00:00,36.16
1074,0,2016-02-20 13:00:00,38.949
1074,0,2016-02-20 14:00:00,38.746
1074,0,2016-02-20 15:00:00,39.221
1074,0,2016-02-20 16:00:00,39.416
1074,0,2016-02-20 17:00:00,36.515
1074,0,2016-02-20 18:00:00,38.841
1074,0,2016-02-20 19:00:00,40.704
1074,0,2016-02-20 20:00:00,39.685
1074,0,2016-02-20 21:00:00,39.604
1074,0,2016-02-20 22:00:00,39.108
1074,0,2016-02-20 23:00:00,40.183
1074,0,2016-02-21 00:00:00,41.342
1074,0,2016-02-21 01:00:00,42.346
1074,0,2016-02-21 02:00:00,41.026
1074,0,2016-02-21 03:00:00,38.806
1074,0,2016-02-21 04:00:00,38.891
1074,0,2016-02-21 05:00:00,39.056
1074,0,2016-02-21 06:00:00,41.237
1074,0,2016-02-21 07:00:00,40.799
1074,0,2016-02-21 08:00:00,39.177
1074,0,2016-02-21 09:00:00,36.954
1074,0,2016-02-21 10:00:00,35.58
1074,0,2016-02-21 11:00:00,35.806999999999995
1074,0,2016-02-21 12:00:00,35.664
1074,0,2016-02-21 13:00:00,37.036
1074,0,2016-02-21 14:00:00,37.195
1074,0,2016-02-21 15:00:00,38.094
1074,0,2016-02-21 16:00:00,38.261
1074,0,2016-02-21 17:00:00,37.178
1074,0,2016-02-21 18:00:00,38.224
1074,0,2016-02-21 19:00:00,39.855
1074,0,2016-02-21 20:00:00,39.111
1074,0,2016-02-21 21:00:00,38.218
1074,0,2016-02-21 22:00:00,37.333
1074,0,2016-02-21 23:00:00,37.041
1074,0,2016-02-22 00:00:00,37.844
1074,0,2016-02-22 01:00:00,39.042
1074,0,2016-02-22 02:00:00,38.484
1074,0,2016-02-22 03:00:00,36.629
1074,0,2016-02-22 04:00:00,36.283
1074,0,2016-02-22 05:00:00,36.001999999999995
1074,0,2016-02-22 06:00:00,44.124
1074,0,2016-02-22 07:00:00,73.794
1074,0,2016-02-22 08:00:00,72.721
1074,0,2016-02-22 09:00:00,94.849
1074,0,2016-02-22 10:00:00,117.941
1074,0,2016-02-22 11:00:00,136.519
1074,0,2016-02-22 12:00:00,138.375
1074,0,2016-02-22 13:00:00,134.654
1074,0,2016-02-22 14:00:00,130.388
1074,0,2016-02-22 15:00:00,133.187
1074,0,2016-02-22 16:00:00,125.005
1074,0,2016-02-22 17:00:00,114.663
1074,0,2016-02-22 18:00:00,98.961
1074,0,2016-02-22 19:00:00,83.81700000000001
1074,0,2016-02-22 20:00:00,49.725
1074,0,2016-02-22 21:00:00,43.456
1074,0,2016-02-22 22:00:00,39.811
1074,0,2016-02-22 23:00:00,39.528
1074,0,2016-02-23 00:00:00,41.95399999999999
1074,0,2016-02-23 01:00:00,42.277
1074,0,2016-02-23 02:00:00,40.9
1074,0,2016-02-23 03:00:00,38.41
1074,0,2016-02-23 04:00:00,37.492
1074,0,2016-02-23 05:00:00,37.558
1074,0,2016-02-23 06:00:00,41.438
1074,0,2016-02-23 07:00:00,71.218
1074,0,2016-02-23 08:00:00,74.887
1074,0,2016-02-23 09:00:00,101.917
1074,0,2016-02-23 10:00:00,129.234
1074,0,2016-02-23 11:00:00,137.887
1074,0,2016-02-23 12:00:00,142.089
1074,0,2016-02-23 13:00:00,139.595
1074,0,2016-02-23 14:00:00,140.55100000000002
1074,0,2016-02-23 15:00:00,132.952
1074,0,2016-02-23 16:00:00,127.482
1074,0,2016-02-23 17:00:00,115.621
1074,0,2016-02-23 18:00:00,96.094
1074,0,2016-02-23 19:00:00,73.202
1074,0,2016-02-23 20:00:00,49.004
1074,0,2016-02-23 21:00:00,43.489
1074,0,2016-02-23 22:00:00,39.593
1074,0,2016-02-23 23:00:00,38.974
1074,0,2016-02-24 00:00:00,40.826
1074,0,2016-02-24 01:00:00,42.155
1074,0,2016-02-24 02:00:00,41.397
1074,0,2016-02-24 03:00:00,39.003
1074,0,2016-02-24 04:00:00,38.368
1074,0,2016-02-24 05:00:00,38.373000000000005
1074,0,2016-02-24 06:00:00,41.877
1074,0,2016-02-24 07:00:00,68.859
1074,0,2016-02-24 08:00:00,71.182
1074,0,2016-02-24 09:00:00,94.433
1074,0,2016-02-24 10:00:00,111.88
1074,0,2016-02-24 11:00:00,130.019
1074,0,2016-02-24 12:00:00,140.703
1074,0,2016-02-24 13:00:00,136.494
1074,0,2016-02-24 14:00:00,135.264
1074,0,2016-02-24 15:00:00,132.499
1074,0,2016-02-24 16:00:00,126.921
1074,0,2016-02-24 17:00:00,107.99
1074,0,2016-02-24 18:00:00,92.431
1074,0,2016-02-24 19:00:00,79.01
1074,0,2016-02-24 20:00:00,53.156000000000006
1074,0,2016-02-24 21:00:00,48.2
1074,0,2016-02-24 22:00:00,45.12
1074,0,2016-02-24 23:00:00,43.41
1074,0,2016-02-25 00:00:00,44.614
1074,0,2016-02-25 01:00:00,45.783
1074,0,2016-02-25 02:00:00,44.352
1074,0,2016-02-25 03:00:00,42.33
1074,0,2016-02-25 04:00:00,42.13
1074,0,2016-02-25 05:00:00,42.185
1074,0,2016-02-25 06:00:00,46.302
1074,0,2016-02-25 07:00:00,72.166
1074,0,2016-02-25 08:00:00,79.65
1074,0,2016-02-25 09:00:00,100.916
1074,0,2016-02-25 10:00:00,118.902
1074,0,2016-02-25 11:00:00,131.915
1074,0,2016-02-25 12:00:00,140.29
1074,0,2016-02-25 13:00:00,142.494
1074,0,2016-02-25 14:00:00,136.411
1074,0,2016-02-25 15:00:00,130.828
1074,0,2016-02-25 16:00:00,126.347
1074,0,2016-02-25 17:00:00,114.518
1074,0,2016-02-25 18:00:00,93.572
1074,0,2016-02-25 19:00:00,83.195
1074,0,2016-02-25 20:00:00,54.926
1074,0,2016-02-25 21:00:00,48.003
1074,0,2016-02-25 22:00:00,47.455
1074,0,2016-02-25 23:00:00,44.164
1074,0,2016-02-26 00:00:00,44.484
1074,0,2016-02-26 01:00:00,44.058
1074,0,2016-02-26 02:00:00,41.672
1074,0,2016-02-26 03:00:00,40.176
1074,0,2016-02-26 04:00:00,39.668
1074,0,2016-02-26 05:00:00,39.632
1074,0,2016-02-26 06:00:00,42.493
1074,0,2016-02-26 07:00:00,72.025
1074,0,2016-02-26 08:00:00,69.90100000000001
1074,0,2016-02-26 09:00:00,86.072
1074,0,2016-02-26 10:00:00,101.636
1074,0,2016-02-26 11:00:00,108.201
1074,0,2016-02-26 12:00:00,111.661
1074,0,2016-02-26 13:00:00,115.223
1074,0,2016-02-26 14:00:00,115.897
1074,0,2016-02-26 15:00:00,110.317
1074,0,2016-02-26 16:00:00,107.896
1074,0,2016-02-26 17:00:00,95.365
1074,0,2016-02-26 18:00:00,65.899
1074,0,2016-02-26 19:00:00,47.9
1074,0,2016-02-26 20:00:00,40.301
1074,0,2016-02-26 21:00:00,39.452
1074,0,2016-02-26 22:00:00,37.91
1074,0,2016-02-26 23:00:00,37.749
1074,0,2016-02-27 00:00:00,38.542
1074,0,2016-02-27 01:00:00,39.055
1074,0,2016-02-27 02:00:00,38.284
1074,0,2016-02-27 03:00:00,36.301
1074,0,2016-02-27 04:00:00,35.772
1074,0,2016-02-27 05:00:00,36.031
1074,0,2016-02-27 06:00:00,38.226
1074,0,2016-02-27 07:00:00,38.202
1074,0,2016-02-27 08:00:00,36.314
1074,0,2016-02-27 09:00:00,35.465
1074,0,2016-02-27 10:00:00,36.311
1074,0,2016-02-27 11:00:00,36.435
1074,0,2016-02-27 12:00:00,36.327
1074,0,2016-02-27 13:00:00,36.983
1074,0,2016-02-27 14:00:00,36.93
1074,0,2016-02-27 15:00:00,35.46
1074,0,2016-02-27 16:00:00,34.522
1074,0,2016-02-27 17:00:00,34.881
1074,0,2016-02-27 18:00:00,34.591
1074,0,2016-02-27 19:00:00,36.262
1074,0,2016-02-27 20:00:00,36.11
1074,0,2016-02-27 21:00:00,36.078
1074,0,2016-02-27 22:00:00,35.934
1074,0,2016-02-27 23:00:00,36.406
1074,0,2016-02-28 00:00:00,37.25
1074,0,2016-02-28 01:00:00,37.656
1074,0,2016-02-28 02:00:00,37.146
1074,0,2016-02-28 03:00:00,35.159
1074,0,2016-02-28 04:00:00,35.176
1074,0,2016-02-28 05:00:00,34.611999999999995
1074,0,2016-02-28 06:00:00,37.465
1074,0,2016-02-28 07:00:00,37.801
1074,0,2016-02-28 08:00:00,36.703
1074,0,2016-02-28 09:00:00,33.823
1074,0,2016-02-28 10:00:00,33.734
1074,0,2016-02-28 11:00:00,33.249
1074,0,2016-02-28 12:00:00,33.461
1074,0,2016-02-28 13:00:00,33.507
1074,0,2016-02-28 14:00:00,33.405
1074,0,2016-02-28 15:00:00,33.478
1074,0,2016-02-28 16:00:00,34.373000000000005
1074,0,2016-02-28 17:00:00,34.289
1074,0,2016-02-28 18:00:00,33.075
1074,0,2016-02-28 19:00:00,34.88
1074,0,2016-02-28 20:00:00,34.827
1074,0,2016-02-28 21:00:00,34.721
1074,0,2016-02-28 22:00:00,35.724000000000004
1074,0,2016-02-28 23:00:00,36.01
1074,0,2016-02-29 00:00:00,37.366
1074,0,2016-02-29 01:00:00,38.123000000000005
1074,0,2016-02-29 02:00:00,37.348
1074,0,2016-02-29 03:00:00,35.468
1074,0,2016-02-29 04:00:00,35.204
1074,0,2016-02-29 05:00:00,35.284
1074,0,2016-02-29 06:00:00,47.398
1074,0,2016-02-29 07:00:00,82.344
1074,0,2016-02-29 08:00:00,81.251
1074,0,2016-02-29 09:00:00,97.163
1074,0,2016-02-29 10:00:00,122.522
1074,0,2016-02-29 11:00:00,129.256
1074,0,2016-02-29 12:00:00,139.815
1074,0,2016-02-29 13:00:00,140.93
1074,0,2016-02-29 14:00:00,142.732
1074,0,2016-02-29 15:00:00,145.02
1074,0,2016-02-29 16:00:00,140.533
1074,0,2016-02-29 17:00:00,130.123
1074,0,2016-02-29 18:00:00,108.609
1074,0,2016-02-29 19:00:00,88.353
1074,0,2016-02-29 20:00:00,49.074
1074,0,2016-02-29 21:00:00,43.8
1074,0,2016-02-29 22:00:00,41.92
1074,0,2016-02-29 23:00:00,41.278
1074,0,2016-03-01 00:00:00,41.556
1074,0,2016-03-01 01:00:00,41.326
1074,0,2016-03-01 02:00:00,40.498000000000005
1074,0,2016-03-01 03:00:00,38.602
1074,0,2016-03-01 04:00:00,38.135
1074,0,2016-03-01 05:00:00,38.191
1074,0,2016-03-01 06:00:00,43.986
1074,0,2016-03-01 07:00:00,74.314
1074,0,2016-03-01 08:00:00,74.646
1074,0,2016-03-01 09:00:00,105.797
1074,0,2016-03-01 10:00:00,128.02200000000002
1074,0,2016-03-01 11:00:00,137.53
1074,0,2016-03-01 12:00:00,142.86700000000002
1074,0,2016-03-01 13:00:00,145.697
1074,0,2016-03-01 14:00:00,143.586
1074,0,2016-03-01 15:00:00,142.084
1074,0,2016-03-01 16:00:00,140.525
1074,0,2016-03-01 17:00:00,129.24200000000002
1074,0,2016-03-01 18:00:00,110.524
1074,0,2016-03-01 19:00:00,88.786
1074,0,2016-03-01 20:00:00,53.647
1074,0,2016-03-01 21:00:00,48.947
1074,0,2016-03-01 22:00:00,44.958
1074,0,2016-03-01 23:00:00,43.291
1074,0,2016-03-02 00:00:00,44.841
1074,0,2016-03-02 01:00:00,45.059
1074,0,2016-03-02 02:00:00,43.925
1074,0,2016-03-02 03:00:00,42.264
1074,0,2016-03-02 04:00:00,41.86600000000001
1074,0,2016-03-02 05:00:00,42.258
1074,0,2016-03-02 06:00:00,47.425
1074,0,2016-03-02 07:00:00,72.321
1074,0,2016-03-02 08:00:00,78.734
1074,0,2016-03-02 09:00:00,97.731
1074,0,2016-03-02 10:00:00,115.203
1074,0,2016-03-02 11:00:00,131.739
1074,0,2016-03-02 12:00:00,138.39700000000002
1074,0,2016-03-02 13:00:00,139.774
1074,0,2016-03-02 14:00:00,136.786
1074,0,2016-03-02 15:00:00,133.162
1074,0,2016-03-02 16:00:00,124.426
1074,0,2016-03-02 17:00:00,109.048
1074,0,2016-03-02 18:00:00,91.086
1074,0,2016-03-02 19:00:00,80.433
1074,0,2016-03-02 20:00:00,51.607
1074,0,2016-03-02 21:00:00,46.065
1074,0,2016-03-02 22:00:00,42.417
1074,0,2016-03-02 23:00:00,40.375
1074,0,2016-03-03 00:00:00,42.601000000000006
1074,0,2016-03-03 01:00:00,43.725
1074,0,2016-03-03 02:00:00,42.381
1074,0,2016-03-03 03:00:00,40.212
1074,0,2016-03-03 04:00:00,40.395
1074,0,2016-03-03 05:00:00,39.807
1074,0,2016-03-03 06:00:00,47.121
1074,0,2016-03-03 07:00:00,70.628
1074,0,2016-03-03 08:00:00,71.938
1074,0,2016-03-03 09:00:00,95.711
1074,0,2016-03-03 10:00:00,116.551
1074,0,2016-03-03 11:00:00,126.554
1074,0,2016-03-03 12:00:00,135.584
1074,0,2016-03-03 13:00:00,138.813
1074,0,2016-03-03 14:00:00,122.909
1074,0,2016-03-03 15:00:00,133.472
1074,0,2016-03-03 16:00:00,129.45
1074,0,2016-03-03 17:00:00,113.69
1074,0,2016-03-03 18:00:00,92.493
1074,0,2016-03-03 19:00:00,78.827
1074,0,2016-03-03 20:00:00,51.598
1074,0,2016-03-03 21:00:00,44.048
1074,0,2016-03-03 22:00:00,42.789
1074,0,2016-03-03 23:00:00,39.576
1074,0,2016-03-04 00:00:00,39.726
1074,0,2016-03-04 01:00:00,40.394
1074,0,2016-03-04 02:00:00,39.639
1074,0,2016-03-04 03:00:00,37.736
1074,0,2016-03-04 04:00:00,37.052
1074,0,2016-03-04 05:00:00,37.411
1074,0,2016-03-04 06:00:00,42.085
1074,0,2016-03-04 07:00:00,70.994
1074,0,2016-03-04 08:00:00,73.251
1074,0,2016-03-04 09:00:00,89.932
1074,0,2016-03-04 10:00:00,107.115
1074,0,2016-03-04 11:00:00,108.274
1074,0,2016-03-04 12:00:00,117.088
1074,0,2016-03-04 13:00:00,121.93
1074,0,2016-03-04 14:00:00,118.73
1074,0,2016-03-04 15:00:00,118.071
1074,0,2016-03-04 16:00:00,114.629
1074,0,2016-03-04 17:00:00,98.593
1074,0,2016-03-04 18:00:00,66.47
1074,0,2016-03-04 19:00:00,49.682
1074,0,2016-03-04 20:00:00,40.984
1074,0,2016-03-04 21:00:00,36.564
1074,0,2016-03-04 22:00:00,37.122
1074,0,2016-03-04 23:00:00,36.524
1074,0,2016-03-05 00:00:00,37.965
1074,0,2016-03-05 01:00:00,38.563
1074,0,2016-03-05 02:00:00,37.978
1074,0,2016-03-05 03:00:00,36.398
1074,0,2016-03-05 04:00:00,36.111
1074,0,2016-03-05 05:00:00,36.188
1074,0,2016-03-05 06:00:00,38.338
1074,0,2016-03-05 07:00:00,38.338
1074,0,2016-03-05 08:00:00,36.632
1074,0,2016-03-05 09:00:00,34.544000000000004
1074,0,2016-03-05 10:00:00,36.844
1074,0,2016-03-05 11:00:00,36.746
1074,0,2016-03-05 12:00:00,35.989000000000004
1074,0,2016-03-05 13:00:00,35.709
1074,0,2016-03-05 14:00:00,35.354
1074,0,2016-03-05 15:00:00,34.832
1074,0,2016-03-05 16:00:00,34.311
1074,0,2016-03-05 17:00:00,33.842
1074,0,2016-03-05 18:00:00,33.783
1074,0,2016-03-05 19:00:00,35.497
1074,0,2016-03-05 20:00:00,35.884
1074,0,2016-03-05 21:00:00,35.708
1074,0,2016-03-05 22:00:00,35.817
1074,0,2016-03-05 23:00:00,36.099
1074,0,2016-03-06 00:00:00,37.598
1074,0,2016-03-06 01:00:00,38.476
1074,0,2016-03-06 02:00:00,37.275
1074,0,2016-03-06 03:00:00,35.483000000000004
1074,0,2016-03-06 04:00:00,35.501
1074,0,2016-03-06 05:00:00,35.446
1074,0,2016-03-06 06:00:00,37.69
1074,0,2016-03-06 07:00:00,37.405
1074,0,2016-03-06 08:00:00,35.243
1074,0,2016-03-06 09:00:00,33.506
1074,0,2016-03-06 10:00:00,33.118
1074,0,2016-03-06 11:00:00,33.17
1074,0,2016-03-06 12:00:00,33.072
1074,0,2016-03-06 13:00:00,33.527
1074,0,2016-03-06 14:00:00,34.245
1074,0,2016-03-06 15:00:00,34.194
1074,0,2016-03-06 16:00:00,33.942
1074,0,2016-03-06 17:00:00,33.479
1074,0,2016-03-06 18:00:00,34.486999999999995
1074,0,2016-03-06 19:00:00,37.36
1074,0,2016-03-06 20:00:00,37.93
1074,0,2016-03-06 21:00:00,37.666
1074,0,2016-03-06 22:00:00,37.221
1074,0,2016-03-06 23:00:00,35.609
1074,0,2016-03-07 00:00:00,37.045
1074,0,2016-03-07 01:00:00,37.972
1074,0,2016-03-07 02:00:00,37.439
1074,0,2016-03-07 03:00:00,35.479
1074,0,2016-03-07 04:00:00,35.352
1074,0,2016-03-07 05:00:00,35.76
1074,0,2016-03-07 06:00:00,47.413
1074,0,2016-03-07 07:00:00,77.05
1074,0,2016-03-07 08:00:00,84.728
1074,0,2016-03-07 09:00:00,98.716
1074,0,2016-03-07 10:00:00,123.148
1074,0,2016-03-07 11:00:00,138.532
1074,0,2016-03-07 12:00:00,142.315
1074,0,2016-03-07 13:00:00,140.111
1074,0,2016-03-07 14:00:00,134.602
1074,0,2016-03-07 15:00:00,133.858
1074,0,2016-03-07 16:00:00,135.77100000000002
1074,0,2016-03-07 17:00:00,125.44
1074,0,2016-03-07 18:00:00,111.23
1074,0,2016-03-07 19:00:00,91.904
1074,0,2016-03-07 20:00:00,51.6
1074,0,2016-03-07 21:00:00,46.157
1074,0,2016-03-07 22:00:00,45.426
1074,0,2016-03-07 23:00:00,44.739
1074,0,2016-03-08 00:00:00,45.929
1074,0,2016-03-08 01:00:00,45.698
1074,0,2016-03-08 02:00:00,45.225
1074,0,2016-03-08 03:00:00,42.77
1074,0,2016-03-08 04:00:00,42.593
1074,0,2016-03-08 05:00:00,41.486
1074,0,2016-03-08 06:00:00,45.217
1074,0,2016-03-08 07:00:00,79.694
1074,0,2016-03-08 08:00:00,85.68799999999999
1074,0,2016-03-08 09:00:00,113.564
1074,0,2016-03-08 10:00:00,137.737
1074,0,2016-03-08 11:00:00,149.245
1074,0,2016-03-08 12:00:00,149.107
1074,0,2016-03-08 13:00:00,146.468
1074,0,2016-03-08 14:00:00,141.41899999999998
1074,0,2016-03-08 15:00:00,136.259
1074,0,2016-03-08 16:00:00,139.59
1074,0,2016-03-08 17:00:00,116.862
1074,0,2016-03-08 18:00:00,97.059
1074,0,2016-03-08 19:00:00,78.934
1074,0,2016-03-08 20:00:00,49.745
1074,0,2016-03-08 21:00:00,44.078
1074,0,2016-03-08 22:00:00,40.577
1074,0,2016-03-08 23:00:00,39.543
1074,0,2016-03-09 00:00:00,39.996
1074,0,2016-03-09 01:00:00,41.049
1074,0,2016-03-09 02:00:00,40.11
1074,0,2016-03-09 03:00:00,38.292
1074,0,2016-03-09 04:00:00,38.066
1074,0,2016-03-09 05:00:00,37.804
1074,0,2016-03-09 06:00:00,42.596
1074,0,2016-03-09 07:00:00,65.619
1074,0,2016-03-09 08:00:00,66.681
1074,0,2016-03-09 09:00:00,88.07799999999999
1074,0,2016-03-09 10:00:00,120.889
1074,0,2016-03-09 11:00:00,140.009
1074,0,2016-03-09 12:00:00,144.376
1074,0,2016-03-09 13:00:00,141.4
1074,0,2016-03-09 14:00:00,131.99
1074,0,2016-03-09 15:00:00,126.558
1074,0,2016-03-09 16:00:00,121.11
1074,0,2016-03-09 17:00:00,102.768
1074,0,2016-03-09 18:00:00,89.764
1074,0,2016-03-09 19:00:00,80.202
1074,0,2016-03-09 20:00:00,48.627
1074,0,2016-03-09 21:00:00,44.597
1074,0,2016-03-09 22:00:00,42.073
1074,0,2016-03-09 23:00:00,38.418
1074,0,2016-03-10 00:00:00,38.982
1074,0,2016-03-10 01:00:00,40.027
1074,0,2016-03-10 02:00:00,39.059
1074,0,2016-03-10 03:00:00,37.065
1074,0,2016-03-10 04:00:00,37.026
1074,0,2016-03-10 05:00:00,36.797
1074,0,2016-03-10 06:00:00,40.92
1074,0,2016-03-10 07:00:00,73.406
1074,0,2016-03-10 08:00:00,79.581
1074,0,2016-03-10 09:00:00,97.701
1074,0,2016-03-10 10:00:00,123.557
1074,0,2016-03-10 11:00:00,136.122
1074,0,2016-03-10 12:00:00,137.671
1074,0,2016-03-10 13:00:00,138.317
1074,0,2016-03-10 14:00:00,135.037
1074,0,2016-03-10 15:00:00,129.841
1074,0,2016-03-10 16:00:00,124.609
1074,0,2016-03-10 17:00:00,121.673
1074,0,2016-03-10 18:00:00,107.962
1074,0,2016-03-10 19:00:00,82.634
1074,0,2016-03-10 20:00:00,49.904
1074,0,2016-03-10 21:00:00,45.002
1074,0,2016-03-10 22:00:00,42.961000000000006
1074,0,2016-03-10 23:00:00,39.713
1074,0,2016-03-11 00:00:00,41.235
1074,0,2016-03-11 01:00:00,42.13399999999999
1074,0,2016-03-11 02:00:00,41.114
1074,0,2016-03-11 03:00:00,39.07
1074,0,2016-03-11 04:00:00,38.918
1074,0,2016-03-11 05:00:00,38.647
1074,0,2016-03-11 06:00:00,42.873000000000005
1074,0,2016-03-11 07:00:00,72.652
1074,0,2016-03-11 08:00:00,71.554
1074,0,2016-03-11 09:00:00,88.765
1074,0,2016-03-11 10:00:00,100.574
1074,0,2016-03-11 11:00:00,113.879
1074,0,2016-03-11 12:00:00,118.477
1074,0,2016-03-11 13:00:00,124.177
1074,0,2016-03-11 14:00:00,123.582
1074,0,2016-03-11 15:00:00,122.416
1074,0,2016-03-11 16:00:00,113.263
1074,0,2016-03-11 17:00:00,99.347
1074,0,2016-03-11 18:00:00,69.708
1074,0,2016-03-11 19:00:00,47.42
1074,0,2016-03-11 20:00:00,38.739
1074,0,2016-03-11 21:00:00,37.019
1074,0,2016-03-11 22:00:00,38.687
1074,0,2016-03-11 23:00:00,38.985
1074,0,2016-03-12 00:00:00,40.846
1074,0,2016-03-12 01:00:00,41.287
1074,0,2016-03-12 02:00:00,40.645
1074,0,2016-03-12 03:00:00,38.891
1074,0,2016-03-12 04:00:00,38.478
1074,0,2016-03-12 05:00:00,37.186
1074,0,2016-03-12 06:00:00,38.375
1074,0,2016-03-12 07:00:00,38.344
1074,0,2016-03-12 08:00:00,36.17
1074,0,2016-03-12 09:00:00,35.016
1074,0,2016-03-12 10:00:00,34.796
1074,0,2016-03-12 11:00:00,34.181999999999995
1074,0,2016-03-12 12:00:00,32.604
1074,0,2016-03-12 13:00:00,32.222
1074,0,2016-03-12 14:00:00,34.172
1074,0,2016-03-12 15:00:00,32.616
1074,0,2016-03-12 16:00:00,31.159
1074,0,2016-03-12 17:00:00,31.742
1074,0,2016-03-12 18:00:00,31.675
1074,0,2016-03-12 19:00:00,33.731
1074,0,2016-03-12 20:00:00,34.71
1074,0,2016-03-12 21:00:00,35.478
1074,0,2016-03-12 22:00:00,37.01
1074,0,2016-03-12 23:00:00,36.871
1074,0,2016-03-13 00:00:00,38.54
1074,0,2016-03-13 01:00:00,39.484
1074,0,2016-03-13 02:00:00,18.5085
1074,0,2016-03-13 03:00:00,18.5085
1074,0,2016-03-13 04:00:00,32.303000000000004
1074,0,2016-03-13 05:00:00,32.51
1074,0,2016-03-13 06:00:00,34.66
1074,0,2016-03-13 07:00:00,34.666
1074,0,2016-03-13 08:00:00,34.331
1074,0,2016-03-13 09:00:00,31.07
1074,0,2016-03-13 10:00:00,30.271
1074,0,2016-03-13 11:00:00,29.912
1074,0,2016-03-13 12:00:00,30.038
1074,0,2016-03-13 13:00:00,30.14
1074,0,2016-03-13 14:00:00,30.154
1074,0,2016-03-13 15:00:00,30.448
1074,0,2016-03-13 16:00:00,30.346
1074,0,2016-03-13 17:00:00,29.95
1074,0,2016-03-13 18:00:00,29.848000000000003
1074,0,2016-03-13 19:00:00,30.02
1074,0,2016-03-13 20:00:00,32.177
1074,0,2016-03-13 21:00:00,32.209
1074,0,2016-03-13 22:00:00,32.119
1074,0,2016-03-13 23:00:00,32.596
1074,0,2016-03-14 00:00:00,34.548
1074,0,2016-03-14 01:00:00,35.236
1074,0,2016-03-14 02:00:00,34.02
1074,0,2016-03-14 03:00:00,32.575
1074,0,2016-03-14 04:00:00,32.328
1074,0,2016-03-14 05:00:00,31.697
1074,0,2016-03-14 06:00:00,43.619
1074,0,2016-03-14 07:00:00,73.087
1074,0,2016-03-14 08:00:00,73.378
1074,0,2016-03-14 09:00:00,80.426
1074,0,2016-03-14 10:00:00,88.741
1074,0,2016-03-14 11:00:00,102.215
1074,0,2016-03-14 12:00:00,94.98
1074,0,2016-03-14 13:00:00,92.955
1074,0,2016-03-14 14:00:00,95.57
1074,0,2016-03-14 15:00:00,93.563
1074,0,2016-03-14 16:00:00,95.23
1074,0,2016-03-14 17:00:00,86.434
1074,0,2016-03-14 18:00:00,77.10600000000001
1074,0,2016-03-14 19:00:00,66.56
1074,0,2016-03-14 20:00:00,41.458
1074,0,2016-03-14 21:00:00,37.682
1074,0,2016-03-14 22:00:00,37.091
1074,0,2016-03-14 23:00:00,36.797
1074,0,2016-03-15 00:00:00,38.935
1074,0,2016-03-15 01:00:00,39.95
1074,0,2016-03-15 02:00:00,39.023
1074,0,2016-03-15 03:00:00,36.714
1074,0,2016-03-15 04:00:00,36.621
1074,0,2016-03-15 05:00:00,36.468
1074,0,2016-03-15 06:00:00,39.009
1074,0,2016-03-15 07:00:00,77.188
1074,0,2016-03-15 08:00:00,76.815
1074,0,2016-03-15 09:00:00,87.35700000000001
1074,0,2016-03-15 10:00:00,95.572
1074,0,2016-03-15 11:00:00,99.62
1074,0,2016-03-15 12:00:00,97.05
1074,0,2016-03-15 13:00:00,99.361
1074,0,2016-03-15 14:00:00,96.571
1074,0,2016-03-15 15:00:00,98.568
1074,0,2016-03-15 16:00:00,100.922
1074,0,2016-03-15 17:00:00,88.978
1074,0,2016-03-15 18:00:00,69.616
1074,0,2016-03-15 19:00:00,56.629
1074,0,2016-03-15 20:00:00,42.556
1074,0,2016-03-15 21:00:00,39.539
1074,0,2016-03-15 22:00:00,36.868
1074,0,2016-03-15 23:00:00,36.527
1074,0,2016-03-16 00:00:00,37.949
1074,0,2016-03-16 01:00:00,39.041
1074,0,2016-03-16 02:00:00,37.881
1074,0,2016-03-16 03:00:00,36.025
1074,0,2016-03-16 04:00:00,35.853
1074,0,2016-03-16 05:00:00,35.416
1074,0,2016-03-16 06:00:00,39.27
1074,0,2016-03-16 07:00:00,71.014
1074,0,2016-03-16 08:00:00,70.257
1074,0,2016-03-16 09:00:00,76.583
1074,0,2016-03-16 10:00:00,89.774
1074,0,2016-03-16 11:00:00,90.739
1074,0,2016-03-16 12:00:00,94.372
1074,0,2016-03-16 13:00:00,89.949
1074,0,2016-03-16 14:00:00,89.792
1074,0,2016-03-16 15:00:00,93.825
1074,0,2016-03-16 16:00:00,90.62
1074,0,2016-03-16 17:00:00,75.34899999999999
1074,0,2016-03-16 18:00:00,64.22399999999999
1074,0,2016-03-16 19:00:00,57.718
1074,0,2016-03-16 20:00:00,42.274
1074,0,2016-03-16 21:00:00,40.029
1074,0,2016-03-16 22:00:00,38.447
1074,0,2016-03-16 23:00:00,39.272
1074,0,2016-03-17 00:00:00,41.498000000000005
1074,0,2016-03-17 01:00:00,41.72
1074,0,2016-03-17 02:00:00,41.09
1074,0,2016-03-17 03:00:00,38.983
1074,0,2016-03-17 04:00:00,38.66
1074,0,2016-03-17 05:00:00,38.401
1074,0,2016-03-17 06:00:00,42.549
1074,0,2016-03-17 07:00:00,65.726
1074,0,2016-03-17 08:00:00,64.657
1074,0,2016-03-17 09:00:00,75.944
1074,0,2016-03-17 10:00:00,86.01100000000001
1074,0,2016-03-17 11:00:00,87.33200000000001
1074,0,2016-03-17 12:00:00,84.932
1074,0,2016-03-17 13:00:00,83.485
1074,0,2016-03-17 14:00:00,82.762
1074,0,2016-03-17 15:00:00,78.597
1074,0,2016-03-17 16:00:00,80.637
1074,0,2016-03-17 17:00:00,74.984
1074,0,2016-03-17 18:00:00,62.1
1074,0,2016-03-17 19:00:00,49.862
1074,0,2016-03-17 20:00:00,38.177
1074,0,2016-03-17 21:00:00,36.441
1074,0,2016-03-17 22:00:00,36.215
1074,0,2016-03-17 23:00:00,36.08
1074,0,2016-03-18 00:00:00,38.09
1074,0,2016-03-18 01:00:00,38.656
1074,0,2016-03-18 02:00:00,36.562
1074,0,2016-03-18 03:00:00,34.665
1074,0,2016-03-18 04:00:00,34.507
1074,0,2016-03-18 05:00:00,34.401
1074,0,2016-03-18 06:00:00,37.075
1074,0,2016-03-18 07:00:00,58.207
1074,0,2016-03-18 08:00:00,56.524
1074,0,2016-03-18 09:00:00,52.39
1074,0,2016-03-18 10:00:00,51.92
1074,0,2016-03-18 11:00:00,50.594
1074,0,2016-03-18 12:00:00,51.017
1074,0,2016-03-18 13:00:00,50.896
1074,0,2016-03-18 14:00:00,50.907
1074,0,2016-03-18 15:00:00,50.373000000000005
1074,0,2016-03-18 16:00:00,50.255
1074,0,2016-03-18 17:00:00,49.823
1074,0,2016-03-18 18:00:00,45.832
1074,0,2016-03-18 19:00:00,37.188
1074,0,2016-03-18 20:00:00,34.672
1074,0,2016-03-18 21:00:00,34.755
1074,0,2016-03-18 22:00:00,34.915
1074,0,2016-03-18 23:00:00,34.98
1074,0,2016-03-19 00:00:00,36.716
1074,0,2016-03-19 01:00:00,36.889
1074,0,2016-03-19 02:00:00,36.192
1074,0,2016-03-19 03:00:00,34.978
1074,0,2016-03-19 04:00:00,34.611999999999995
1074,0,2016-03-19 05:00:00,34.461
1074,0,2016-03-19 06:00:00,36.688
1074,0,2016-03-19 07:00:00,36.605
1074,0,2016-03-19 08:00:00,36.134
1074,0,2016-03-19 09:00:00,33.082
1074,0,2016-03-19 10:00:00,32.198
1074,0,2016-03-19 11:00:00,32.318000000000005
1074,0,2016-03-19 12:00:00,32.327
1074,0,2016-03-19 13:00:00,32.681
1074,0,2016-03-19 14:00:00,32.465
1074,0,2016-03-19 15:00:00,32.492
1074,0,2016-03-19 16:00:00,32.484
1074,0,2016-03-19 17:00:00,32.583
1074,0,2016-03-19 18:00:00,32.592
1074,0,2016-03-19 19:00:00,32.378
1074,0,2016-03-19 20:00:00,33.649
1074,0,2016-03-19 21:00:00,34.278
1074,0,2016-03-19 22:00:00,35.303000000000004
1074,0,2016-03-19 23:00:00,35.15
1074,0,2016-03-20 00:00:00,36.64
1074,0,2016-03-20 01:00:00,37.338
1074,0,2016-03-20 02:00:00,36.499
1074,0,2016-03-20 03:00:00,34.511
1074,0,2016-03-20 04:00:00,34.435
1074,0,2016-03-20 05:00:00,34.373000000000005
1074,0,2016-03-20 06:00:00,36.552
1074,0,2016-03-20 07:00:00,36.498000000000005
1074,0,2016-03-20 08:00:00,35.385
1074,0,2016-03-20 09:00:00,32.588
1074,0,2016-03-20 10:00:00,32.301
1074,0,2016-03-20 11:00:00,32.304
1074,0,2016-03-20 12:00:00,32.101
1074,0,2016-03-20 13:00:00,32.273
1074,0,2016-03-20 14:00:00,32.653
1074,0,2016-03-20 15:00:00,32.828
1074,0,2016-03-20 16:00:00,32.785
1074,0,2016-03-20 17:00:00,32.279
1074,0,2016-03-20 18:00:00,32.119
1074,0,2016-03-20 19:00:00,31.94
1074,0,2016-03-20 20:00:00,33.191
1074,0,2016-03-20 21:00:00,34.099000000000004
1074,0,2016-03-20 22:00:00,34.171
1074,0,2016-03-20 23:00:00,33.824
1074,0,2016-03-21 00:00:00,34.446
1074,0,2016-03-21 01:00:00,34.926
1074,0,2016-03-21 02:00:00,33.959
1074,0,2016-03-21 03:00:00,31.851
1074,0,2016-03-21 04:00:00,31.466
1074,0,2016-03-21 05:00:00,31.288
1074,0,2016-03-21 06:00:00,39.642
1074,0,2016-03-21 07:00:00,64.933
1074,0,2016-03-21 08:00:00,64.562
1074,0,2016-03-21 09:00:00,91.759
1074,0,2016-03-21 10:00:00,114.335
1074,0,2016-03-21 11:00:00,123.738
1074,0,2016-03-21 12:00:00,129.691
1074,0,2016-03-21 13:00:00,126.707
1074,0,2016-03-21 14:00:00,122.975
1074,0,2016-03-21 15:00:00,118.018
1074,0,2016-03-21 16:00:00,114.566
1074,0,2016-03-21 17:00:00,111.324
1074,0,2016-03-21 18:00:00,95.257
1074,0,2016-03-21 19:00:00,80.178
1074,0,2016-03-21 20:00:00,44.495
1074,0,2016-03-21 21:00:00,40.163
1074,0,2016-03-21 22:00:00,37.975
1074,0,2016-03-21 23:00:00,37.817
1074,0,2016-03-22 00:00:00,39.429
1074,0,2016-03-22 01:00:00,40.526
1074,0,2016-03-22 02:00:00,39.488
1074,0,2016-03-22 03:00:00,37.357
1074,0,2016-03-22 04:00:00,37.242
1074,0,2016-03-22 05:00:00,36.841
1074,0,2016-03-22 06:00:00,40.653
1074,0,2016-03-22 07:00:00,66.11
1074,0,2016-03-22 08:00:00,67.70100000000001
1074,0,2016-03-22 09:00:00,92.339
1074,0,2016-03-22 10:00:00,120.526
1074,0,2016-03-22 11:00:00,133.014
1074,0,2016-03-22 12:00:00,133.201
1074,0,2016-03-22 13:00:00,130.276
1074,0,2016-03-22 14:00:00,130.629
1074,0,2016-03-22 15:00:00,130.00799999999998
1074,0,2016-03-22 16:00:00,130.856
1074,0,2016-03-22 17:00:00,122.389
1074,0,2016-03-22 18:00:00,103.559
1074,0,2016-03-22 19:00:00,88.181
1074,0,2016-03-22 20:00:00,55.39
1074,0,2016-03-22 21:00:00,48.057
1074,0,2016-03-22 22:00:00,44.778
1074,0,2016-03-22 23:00:00,41.07899999999999
1074,0,2016-03-23 00:00:00,40.348
1074,0,2016-03-23 01:00:00,41.941
1074,0,2016-03-23 02:00:00,40.225
1074,0,2016-03-23 03:00:00,38.448
1074,0,2016-03-23 04:00:00,37.967
1074,0,2016-03-23 05:00:00,37.72
1074,0,2016-03-23 06:00:00,40.678
1074,0,2016-03-23 07:00:00,69.48100000000001
1074,0,2016-03-23 08:00:00,69.998
1074,0,2016-03-23 09:00:00,87.181
1074,0,2016-03-23 10:00:00,109.722
1074,0,2016-03-23 11:00:00,127.32
1074,0,2016-03-23 12:00:00,131.714
1074,0,2016-03-23 13:00:00,133.721
1074,0,2016-03-23 14:00:00,127.779
1074,0,2016-03-23 15:00:00,120.533
1074,0,2016-03-23 16:00:00,111.844
1074,0,2016-03-23 17:00:00,100.233
1074,0,2016-03-23 18:00:00,85.665
1074,0,2016-03-23 19:00:00,77.986
1074,0,2016-03-23 20:00:00,48.949
1074,0,2016-03-23 21:00:00,44.554
1074,0,2016-03-23 22:00:00,40.912
1074,0,2016-03-23 23:00:00,38.884
1074,0,2016-03-24 00:00:00,40.16
1074,0,2016-03-24 01:00:00,40.696
1074,0,2016-03-24 02:00:00,39.557
1074,0,2016-03-24 03:00:00,37.468
1074,0,2016-03-24 04:00:00,37.208
1074,0,2016-03-24 05:00:00,36.824
1074,0,2016-03-24 06:00:00,39.681
1074,0,2016-03-24 07:00:00,68.73100000000001
1074,0,2016-03-24 08:00:00,73.655
1074,0,2016-03-24 09:00:00,95.654
1074,0,2016-03-24 10:00:00,121.664
1074,0,2016-03-24 11:00:00,131.72899999999998
1074,0,2016-03-24 12:00:00,136.39600000000002
1074,0,2016-03-24 13:00:00,136.783
1074,0,2016-03-24 14:00:00,131.882
1074,0,2016-03-24 15:00:00,129.747
1074,0,2016-03-24 16:00:00,122.269
1074,0,2016-03-24 17:00:00,117.808
1074,0,2016-03-24 18:00:00,96.935
1074,0,2016-03-24 19:00:00,83.166
1074,0,2016-03-24 20:00:00,48.746
1074,0,2016-03-24 21:00:00,44.565
1074,0,2016-03-24 22:00:00,43.4
1074,0,2016-03-24 23:00:00,39.239
1074,0,2016-03-25 00:00:00,39.309
1074,0,2016-03-25 01:00:00,40.232
1074,0,2016-03-25 02:00:00,39.354
1074,0,2016-03-25 03:00:00,37.283
1074,0,2016-03-25 04:00:00,37.13
1074,0,2016-03-25 05:00:00,36.856
1074,0,2016-03-25 06:00:00,40.191
1074,0,2016-03-25 07:00:00,68.64699999999999
1074,0,2016-03-25 08:00:00,67.804
1074,0,2016-03-25 09:00:00,82.014
1074,0,2016-03-25 10:00:00,98.983
1074,0,2016-03-25 11:00:00,109.62
1074,0,2016-03-25 12:00:00,114.535
1074,0,2016-03-25 13:00:00,114.072
1074,0,2016-03-25 14:00:00,112.248
1074,0,2016-03-25 15:00:00,111.736
1074,0,2016-03-25 16:00:00,107.821
1074,0,2016-03-25 17:00:00,95.626
1074,0,2016-03-25 18:00:00,68.779
1074,0,2016-03-25 19:00:00,48.864
1074,0,2016-03-25 20:00:00,44.151
1074,0,2016-03-25 21:00:00,41.085
1074,0,2016-03-25 22:00:00,37.379
1074,0,2016-03-25 23:00:00,35.034
1074,0,2016-03-26 00:00:00,37.003
1074,0,2016-03-26 01:00:00,37.35
1074,0,2016-03-26 02:00:00,36.425
1074,0,2016-03-26 03:00:00,34.878
1074,0,2016-03-26 04:00:00,34.364000000000004
1074,0,2016-03-26 05:00:00,34.288000000000004
1074,0,2016-03-26 06:00:00,36.453
1074,0,2016-03-26 07:00:00,36.82
1074,0,2016-03-26 08:00:00,35.165
1074,0,2016-03-26 09:00:00,32.202
1074,0,2016-03-26 10:00:00,31.721
1074,0,2016-03-26 11:00:00,31.865
1074,0,2016-03-26 12:00:00,31.92
1074,0,2016-03-26 13:00:00,31.954
1074,0,2016-03-26 14:00:00,31.959
1074,0,2016-03-26 15:00:00,31.816
1074,0,2016-03-26 16:00:00,32.283
1074,0,2016-03-26 17:00:00,31.696
1074,0,2016-03-26 18:00:00,33.02
1074,0,2016-03-26 19:00:00,34.543
1074,0,2016-03-26 20:00:00,34.054
1074,0,2016-03-26 21:00:00,34.784
1074,0,2016-03-26 22:00:00,34.997
1074,0,2016-03-26 23:00:00,34.423
1074,0,2016-03-27 00:00:00,36.549
1074,0,2016-03-27 01:00:00,37.191
1074,0,2016-03-27 02:00:00,36.529
1074,0,2016-03-27 03:00:00,34.705
1074,0,2016-03-27 04:00:00,34.28
1074,0,2016-03-27 05:00:00,34.277
1074,0,2016-03-27 06:00:00,36.473
1074,0,2016-03-27 07:00:00,36.681
1074,0,2016-03-27 08:00:00,35.956
1074,0,2016-03-27 09:00:00,32.725
1074,0,2016-03-27 10:00:00,32.351
1074,0,2016-03-27 11:00:00,32.331
1074,0,2016-03-27 12:00:00,32.199
1074,0,2016-03-27 13:00:00,32.299
1074,0,2016-03-27 14:00:00,32.192
1074,0,2016-03-27 15:00:00,32.286
1074,0,2016-03-27 16:00:00,32.417
1074,0,2016-03-27 17:00:00,32.19
1074,0,2016-03-27 18:00:00,32.233000000000004
1074,0,2016-03-27 19:00:00,31.948
1074,0,2016-03-27 20:00:00,32.786
1074,0,2016-03-27 21:00:00,34.567
1074,0,2016-03-27 22:00:00,34.292
1074,0,2016-03-27 23:00:00,34.529
1074,0,2016-03-28 00:00:00,36.593
1074,0,2016-03-28 01:00:00,37.23
1074,0,2016-03-28 02:00:00,36.138000000000005
1074,0,2016-03-28 03:00:00,34.719
1074,0,2016-03-28 04:00:00,34.099000000000004
1074,0,2016-03-28 05:00:00,34.199
1074,0,2016-03-28 06:00:00,47.04
1074,0,2016-03-28 07:00:00,75.392
1074,0,2016-03-28 08:00:00,70.789
1074,0,2016-03-28 09:00:00,86.348
1074,0,2016-03-28 10:00:00,114.152
1074,0,2016-03-28 11:00:00,126.431
1074,0,2016-03-28 12:00:00,128.928
1074,0,2016-03-28 13:00:00,129.995
1074,0,2016-03-28 14:00:00,129.108
1074,0,2016-03-28 15:00:00,133.816
1074,0,2016-03-28 16:00:00,132.60399999999998
1074,0,2016-03-28 17:00:00,120.744
1074,0,2016-03-28 18:00:00,105.491
1074,0,2016-03-28 19:00:00,91.112
1074,0,2016-03-28 20:00:00,49.346
1074,0,2016-03-28 21:00:00,44.678
1074,0,2016-03-28 22:00:00,42.956
1074,0,2016-03-28 23:00:00,41.072
1074,0,2016-03-29 00:00:00,41.724
1074,0,2016-03-29 01:00:00,41.492
1074,0,2016-03-29 02:00:00,39.721
1074,0,2016-03-29 03:00:00,36.87
1074,0,2016-03-29 04:00:00,36.704
1074,0,2016-03-29 05:00:00,36.734
1074,0,2016-03-29 06:00:00,44.519
1074,0,2016-03-29 07:00:00,76.817
1074,0,2016-03-29 08:00:00,68.382
1074,0,2016-03-29 09:00:00,93.633
1074,0,2016-03-29 10:00:00,116.358
1074,0,2016-03-29 11:00:00,127.264
1074,0,2016-03-29 12:00:00,145.517
1074,0,2016-03-29 13:00:00,150.562
1074,0,2016-03-29 14:00:00,143.833
1074,0,2016-03-29 15:00:00,139.889
1074,0,2016-03-29 16:00:00,136.454
1074,0,2016-03-29 17:00:00,124.924
1074,0,2016-03-29 18:00:00,110.707
1074,0,2016-03-29 19:00:00,96.016
1074,0,2016-03-29 20:00:00,53.122
1074,0,2016-03-29 21:00:00,52.213
1074,0,2016-03-29 22:00:00,46.118
1074,0,2016-03-29 23:00:00,44.338
1074,0,2016-03-30 00:00:00,44.19
1074,0,2016-03-30 01:00:00,44.344
1074,0,2016-03-30 02:00:00,42.355
1074,0,2016-03-30 03:00:00,40.426
1074,0,2016-03-30 04:00:00,40.081
1074,0,2016-03-30 05:00:00,39.67
1074,0,2016-03-30 06:00:00,44.468
1074,0,2016-03-30 07:00:00,76.027
1074,0,2016-03-30 08:00:00,72.455
1074,0,2016-03-30 09:00:00,97.114
1074,0,2016-03-30 10:00:00,118.572
1074,0,2016-03-30 11:00:00,130.391
1074,0,2016-03-30 12:00:00,137.48
1074,0,2016-03-30 13:00:00,136.889
1074,0,2016-03-30 14:00:00,127.902
1074,0,2016-03-30 15:00:00,125.745
1074,0,2016-03-30 16:00:00,119.492
1074,0,2016-03-30 17:00:00,107.635
1074,0,2016-03-30 18:00:00,92.101
1074,0,2016-03-30 19:00:00,78.79899999999999
1074,0,2016-03-30 20:00:00,49.339
1074,0,2016-03-30 21:00:00,44.894
1074,0,2016-03-30 22:00:00,43.435
1074,0,2016-03-30 23:00:00,43.391000000000005
1074,0,2016-03-31 00:00:00,45.419
1074,0,2016-03-31 01:00:00,45.86600000000001
1074,0,2016-03-31 02:00:00,45.242
1074,0,2016-03-31 03:00:00,42.763000000000005
1074,0,2016-03-31 04:00:00,42.538
1074,0,2016-03-31 05:00:00,42.465
1074,0,2016-03-31 06:00:00,48.977
1074,0,2016-03-31 07:00:00,80.686
1074,0,2016-03-31 08:00:00,82.99
1074,0,2016-03-31 09:00:00,102.053
1074,0,2016-03-31 10:00:00,124.117
1074,0,2016-03-31 11:00:00,133.202
1074,0,2016-03-31 12:00:00,141.99
1074,0,2016-03-31 13:00:00,138.634
1074,0,2016-03-31 14:00:00,129.80100000000002
1074,0,2016-03-31 15:00:00,125.878
1074,0,2016-03-31 16:00:00,121.471
1074,0,2016-03-31 17:00:00,111.262
1074,0,2016-03-31 18:00:00,92.525
1074,0,2016-03-31 19:00:00,77.895
1074,0,2016-03-31 20:00:00,48.524
1074,0,2016-03-31 21:00:00,44.739
1074,0,2016-03-31 22:00:00,41.362
1074,0,2016-03-31 23:00:00,38.881
1074,0,2016-04-01 00:00:00,40.252
1074,0,2016-04-01 01:00:00,40.993
1074,0,2016-04-01 02:00:00,40.162
1074,0,2016-04-01 03:00:00,37.577
1074,0,2016-04-01 04:00:00,37.119
1074,0,2016-04-01 05:00:00,37.072
1074,0,2016-04-01 06:00:00,41.005
1074,0,2016-04-01 07:00:00,72.321
1074,0,2016-04-01 08:00:00,73.62899999999999
1074,0,2016-04-01 09:00:00,84.66
1074,0,2016-04-01 10:00:00,104.259
1074,0,2016-04-01 11:00:00,117.779
1074,0,2016-04-01 12:00:00,127.202
1074,0,2016-04-01 13:00:00,128.366
1074,0,2016-04-01 14:00:00,123.544
1074,0,2016-04-01 15:00:00,117.491
1074,0,2016-04-01 16:00:00,111.648
1074,0,2016-04-01 17:00:00,101.833
1074,0,2016-04-01 18:00:00,68.789
1074,0,2016-04-01 19:00:00,49.22
1074,0,2016-04-01 20:00:00,39.159
1074,0,2016-04-01 21:00:00,38.484
1074,0,2016-04-01 22:00:00,36.384
1074,0,2016-04-01 23:00:00,35.823
1074,0,2016-04-02 00:00:00,37.808
1074,0,2016-04-02 01:00:00,38.426
1074,0,2016-04-02 02:00:00,37.438
1074,0,2016-04-02 03:00:00,35.479
1074,0,2016-04-02 04:00:00,35.028
1074,0,2016-04-02 05:00:00,35.02
1074,0,2016-04-02 06:00:00,37.781
1074,0,2016-04-02 07:00:00,38.208
1074,0,2016-04-02 08:00:00,36.052
1074,0,2016-04-02 09:00:00,33.658
1074,0,2016-04-02 10:00:00,35.273
1074,0,2016-04-02 11:00:00,35.33
1074,0,2016-04-02 12:00:00,35.579
1074,0,2016-04-02 13:00:00,34.908
1074,0,2016-04-02 14:00:00,34.741
1074,0,2016-04-02 15:00:00,34.504
1074,0,2016-04-02 16:00:00,32.687
1074,0,2016-04-02 17:00:00,32.376
1074,0,2016-04-02 18:00:00,32.43
1074,0,2016-04-02 19:00:00,31.791
1074,0,2016-04-02 20:00:00,32.742
1074,0,2016-04-02 21:00:00,34.041
1074,0,2016-04-02 22:00:00,34.047
1074,0,2016-04-02 23:00:00,34.524
1074,0,2016-04-03 00:00:00,36.641
1074,0,2016-04-03 01:00:00,37.388000000000005
1074,0,2016-04-03 02:00:00,36.677
1074,0,2016-04-03 03:00:00,34.169000000000004
1074,0,2016-04-03 04:00:00,33.965
1074,0,2016-04-03 05:00:00,34.126999999999995
1074,0,2016-04-03 06:00:00,36.711
1074,0,2016-04-03 07:00:00,37.043
1074,0,2016-04-03 08:00:00,34.562
1074,0,2016-04-03 09:00:00,32.251
1074,0,2016-04-03 10:00:00,31.975
1074,0,2016-04-03 11:00:00,31.997
1074,0,2016-04-03 12:00:00,31.686
1074,0,2016-04-03 13:00:00,31.586
1074,0,2016-04-03 14:00:00,31.016
1074,0,2016-04-03 15:00:00,30.125
1074,0,2016-04-03 16:00:00,31.241
1074,0,2016-04-03 17:00:00,32.337
1074,0,2016-04-03 18:00:00,31.404
1074,0,2016-04-03 19:00:00,31.503
1074,0,2016-04-03 20:00:00,31.752
1074,0,2016-04-03 21:00:00,33.236
1074,0,2016-04-03 22:00:00,33.988
1074,0,2016-04-03 23:00:00,34.42
1074,0,2016-04-04 00:00:00,37.363
1074,0,2016-04-04 01:00:00,37.956
1074,0,2016-04-04 02:00:00,36.643
1074,0,2016-04-04 03:00:00,34.486
1074,0,2016-04-04 04:00:00,33.95
1074,0,2016-04-04 05:00:00,33.681999999999995
1074,0,2016-04-04 06:00:00,46.879
1074,0,2016-04-04 07:00:00,75.555
1074,0,2016-04-04 08:00:00,71.75
1074,0,2016-04-04 09:00:00,94.716
1074,0,2016-04-04 10:00:00,116.983
1074,0,2016-04-04 11:00:00,124.088
1074,0,2016-04-04 12:00:00,127.783
1074,0,2016-04-04 13:00:00,131.035
1074,0,2016-04-04 14:00:00,135.523
1074,0,2016-04-04 15:00:00,132.437
1074,0,2016-04-04 16:00:00,125.079
1074,0,2016-04-04 17:00:00,116.405
1074,0,2016-04-04 18:00:00,105.818
1074,0,2016-04-04 19:00:00,89.68700000000001
1074,0,2016-04-04 20:00:00,47.416
1074,0,2016-04-04 21:00:00,42.197
1074,0,2016-04-04 22:00:00,39.518
1074,0,2016-04-04 23:00:00,39.275
1074,0,2016-04-05 00:00:00,41.425
1074,0,2016-04-05 01:00:00,42.127
1074,0,2016-04-05 02:00:00,40.905
1074,0,2016-04-05 03:00:00,38.716
1074,0,2016-04-05 04:00:00,38.335
1074,0,2016-04-05 05:00:00,38.506
1074,0,2016-04-05 06:00:00,43.62
1074,0,2016-04-05 07:00:00,74.059
1074,0,2016-04-05 08:00:00,72.348
1074,0,2016-04-05 09:00:00,95.798
1074,0,2016-04-05 10:00:00,121.34
1074,0,2016-04-05 11:00:00,132.82399999999998
1074,0,2016-04-05 12:00:00,136.237
1074,0,2016-04-05 13:00:00,134.575
1074,0,2016-04-05 14:00:00,129.45
1074,0,2016-04-05 15:00:00,126.257
1074,0,2016-04-05 16:00:00,120.763
1074,0,2016-04-05 17:00:00,114.119
1074,0,2016-04-05 18:00:00,102.009
1074,0,2016-04-05 19:00:00,80.865
1074,0,2016-04-05 20:00:00,49.68600000000001
1074,0,2016-04-05 21:00:00,45.365
1074,0,2016-04-05 22:00:00,44.331
1074,0,2016-04-05 23:00:00,44.183
1074,0,2016-04-06 00:00:00,44.79600000000001
1074,0,2016-04-06 01:00:00,43.504
1074,0,2016-04-06 02:00:00,42.622
1074,0,2016-04-06 03:00:00,41.39
1074,0,2016-04-06 04:00:00,41.302
1074,0,2016-04-06 05:00:00,40.126
1074,0,2016-04-06 06:00:00,44.15
1074,0,2016-04-06 07:00:00,71.873
1074,0,2016-04-06 08:00:00,65.367
1074,0,2016-04-06 09:00:00,86.85700000000001
1074,0,2016-04-06 10:00:00,108.159
1074,0,2016-04-06 11:00:00,126.781
1074,0,2016-04-06 12:00:00,132.701
1074,0,2016-04-06 13:00:00,136.583
1074,0,2016-04-06 14:00:00,130.17700000000002
1074,0,2016-04-06 15:00:00,118.677
1074,0,2016-04-06 16:00:00,113.498
1074,0,2016-04-06 17:00:00,98.277
1074,0,2016-04-06 18:00:00,83.17200000000001
1074,0,2016-04-06 19:00:00,75.81
1074,0,2016-04-06 20:00:00,51.216
1074,0,2016-04-06 21:00:00,46.965
1074,0,2016-04-06 22:00:00,41.149
1074,0,2016-04-06 23:00:00,41.377
1074,0,2016-04-07 00:00:00,42.48
1074,0,2016-04-07 01:00:00,40.545
1074,0,2016-04-07 02:00:00,39.559
1074,0,2016-04-07 03:00:00,37.445
1074,0,2016-04-07 04:00:00,36.901
1074,0,2016-04-07 05:00:00,37.017
1074,0,2016-04-07 06:00:00,42.758
1074,0,2016-04-07 07:00:00,70.188
1074,0,2016-04-07 08:00:00,77.824
1074,0,2016-04-07 09:00:00,93.223
1074,0,2016-04-07 10:00:00,115.579
1074,0,2016-04-07 11:00:00,130.778
1074,0,2016-04-07 12:00:00,134.928
1074,0,2016-04-07 13:00:00,133.78799999999998
1074,0,2016-04-07 14:00:00,127.562
1074,0,2016-04-07 15:00:00,126.183
1074,0,2016-04-07 16:00:00,125.856
1074,0,2016-04-07 17:00:00,119.428
1074,0,2016-04-07 18:00:00,95.443
1074,0,2016-04-07 19:00:00,72.7
1074,0,2016-04-07 20:00:00,48.719
1074,0,2016-04-07 21:00:00,45.798
1074,0,2016-04-07 22:00:00,44.07899999999999
1074,0,2016-04-07 23:00:00,41.172
1074,0,2016-04-08 00:00:00,41.327
1074,0,2016-04-08 01:00:00,40.847
1074,0,2016-04-08 02:00:00,39.811
1074,0,2016-04-08 03:00:00,38.251
1074,0,2016-04-08 04:00:00,37.976
1074,0,2016-04-08 05:00:00,37.759
1074,0,2016-04-08 06:00:00,41.43
1074,0,2016-04-08 07:00:00,72.907
1074,0,2016-04-08 08:00:00,68.418
1074,0,2016-04-08 09:00:00,82.51
1074,0,2016-04-08 10:00:00,96.458
1074,0,2016-04-08 11:00:00,109.678
1074,0,2016-04-08 12:00:00,118.772
1074,0,2016-04-08 13:00:00,117.412
1074,0,2016-04-08 14:00:00,115.849
1074,0,2016-04-08 15:00:00,111.822
1074,0,2016-04-08 16:00:00,107.192
1074,0,2016-04-08 17:00:00,96.268
1074,0,2016-04-08 18:00:00,63.57899999999999
1074,0,2016-04-08 19:00:00,46.229
1074,0,2016-04-08 20:00:00,39.258
1074,0,2016-04-08 21:00:00,40.135
1074,0,2016-04-08 22:00:00,38.838
1074,0,2016-04-08 23:00:00,37.976
1074,0,2016-04-09 00:00:00,39.645
1074,0,2016-04-09 01:00:00,40.26
1074,0,2016-04-09 02:00:00,39.594
1074,0,2016-04-09 03:00:00,38.044
1074,0,2016-04-09 04:00:00,37.533
1074,0,2016-04-09 05:00:00,37.152
1074,0,2016-04-09 06:00:00,39.865
1074,0,2016-04-09 07:00:00,39.852
1074,0,2016-04-09 08:00:00,37.177
1074,0,2016-04-09 09:00:00,35.05
1074,0,2016-04-09 10:00:00,35.201
1074,0,2016-04-09 11:00:00,36.118
1074,0,2016-04-09 12:00:00,35.295
1074,0,2016-04-09 13:00:00,35.121
1074,0,2016-04-09 14:00:00,35.143
1074,0,2016-04-09 15:00:00,35.024
1074,0,2016-04-09 16:00:00,34.953
1074,0,2016-04-09 17:00:00,35.412
1074,0,2016-04-09 18:00:00,35.451
1074,0,2016-04-09 19:00:00,35.029
1074,0,2016-04-09 20:00:00,35.916
1074,0,2016-04-09 21:00:00,37.959
1074,0,2016-04-09 22:00:00,37.477
1074,0,2016-04-09 23:00:00,37.698
1074,0,2016-04-10 00:00:00,39.704
1074,0,2016-04-10 01:00:00,40.157
1074,0,2016-04-10 02:00:00,39.264
1074,0,2016-04-10 03:00:00,37.31
1074,0,2016-04-10 04:00:00,36.903
1074,0,2016-04-10 05:00:00,36.877
1074,0,2016-04-10 06:00:00,39.271
1074,0,2016-04-10 07:00:00,39.568000000000005
1074,0,2016-04-10 08:00:00,36.966
1074,0,2016-04-10 09:00:00,35.124
1074,0,2016-04-10 10:00:00,34.756
1074,0,2016-04-10 11:00:00,34.778
1074,0,2016-04-10 12:00:00,34.477
1074,0,2016-04-10 13:00:00,34.323
1074,0,2016-04-10 14:00:00,34.463
1074,0,2016-04-10 15:00:00,34.854
1074,0,2016-04-10 16:00:00,35.428000000000004
1074,0,2016-04-10 17:00:00,34.709
1074,0,2016-04-10 18:00:00,34.638000000000005
1074,0,2016-04-10 19:00:00,34.922
1074,0,2016-04-10 20:00:00,35.762
1074,0,2016-04-10 21:00:00,36.879
1074,0,2016-04-10 22:00:00,36.892
1074,0,2016-04-10 23:00:00,37.218
1074,0,2016-04-11 00:00:00,39.079
1074,0,2016-04-11 01:00:00,39.381
1074,0,2016-04-11 02:00:00,37.474
1074,0,2016-04-11 03:00:00,35.735
1074,0,2016-04-11 04:00:00,35.501999999999995
1074,0,2016-04-11 05:00:00,35.463
1074,0,2016-04-11 06:00:00,43.369
1074,0,2016-04-11 07:00:00,68.362
1074,0,2016-04-11 08:00:00,69.26
1074,0,2016-04-11 09:00:00,88.184
1074,0,2016-04-11 10:00:00,108.526
1074,0,2016-04-11 11:00:00,119.507
1074,0,2016-04-11 12:00:00,119.747
1074,0,2016-04-11 13:00:00,127.369
1074,0,2016-04-11 14:00:00,123.834
1074,0,2016-04-11 15:00:00,122.38
1074,0,2016-04-11 16:00:00,122.198
1074,0,2016-04-11 17:00:00,109.196
1074,0,2016-04-11 18:00:00,97.075
1074,0,2016-04-11 19:00:00,82.13799999999999
1074,0,2016-04-11 20:00:00,48.066
1074,0,2016-04-11 21:00:00,42.676
1074,0,2016-04-11 22:00:00,40.967
1074,0,2016-04-11 23:00:00,39.689
1074,0,2016-04-12 00:00:00,42.257
1074,0,2016-04-12 01:00:00,42.111
1074,0,2016-04-12 02:00:00,40.87
1074,0,2016-04-12 03:00:00,38.573
1074,0,2016-04-12 04:00:00,38.562
1074,0,2016-04-12 05:00:00,38.583
1074,0,2016-04-12 06:00:00,41.639
1074,0,2016-04-12 07:00:00,68.7
1074,0,2016-04-12 08:00:00,70.309
1074,0,2016-04-12 09:00:00,94.131
1074,0,2016-04-12 10:00:00,123.752
1074,0,2016-04-12 11:00:00,136.967
1074,0,2016-04-12 12:00:00,147.05
1074,0,2016-04-12 13:00:00,143.893
1074,0,2016-04-12 14:00:00,140.561
1074,0,2016-04-12 15:00:00,135.33
1074,0,2016-04-12 16:00:00,127.681
1074,0,2016-04-12 17:00:00,118.542
1074,0,2016-04-12 18:00:00,96.208
1074,0,2016-04-12 19:00:00,80.293
1074,0,2016-04-12 20:00:00,49.513000000000005
1074,0,2016-04-12 21:00:00,43.578
1074,0,2016-04-12 22:00:00,42.278
1074,0,2016-04-12 23:00:00,42.54
1074,0,2016-04-13 00:00:00,43.684
1074,0,2016-04-13 01:00:00,43.238
1074,0,2016-04-13 02:00:00,42.215
1074,0,2016-04-13 03:00:00,40.283
1074,0,2016-04-13 04:00:00,40.742
1074,0,2016-04-13 05:00:00,39.806
1074,0,2016-04-13 06:00:00,42.648
1074,0,2016-04-13 07:00:00,72.736
1074,0,2016-04-13 08:00:00,77.44800000000001
1074,0,2016-04-13 09:00:00,96.652
1074,0,2016-04-13 10:00:00,120.53
1074,0,2016-04-13 11:00:00,130.155
1074,0,2016-04-13 12:00:00,137.088
1074,0,2016-04-13 13:00:00,136.275
1074,0,2016-04-13 14:00:00,124.422
1074,0,2016-04-13 15:00:00,119.717
1074,0,2016-04-13 16:00:00,111.423
1074,0,2016-04-13 17:00:00,99.035
1074,0,2016-04-13 18:00:00,83.72200000000001
1074,0,2016-04-13 19:00:00,70.608
1074,0,2016-04-13 20:00:00,42.896
1074,0,2016-04-13 21:00:00,41.937
1074,0,2016-04-13 22:00:00,40.857
1074,0,2016-04-13 23:00:00,39.715
1074,0,2016-04-14 00:00:00,42.422
1074,0,2016-04-14 01:00:00,43.153
1074,0,2016-04-14 02:00:00,41.84
1074,0,2016-04-14 03:00:00,39.66
1074,0,2016-04-14 04:00:00,39.416
1074,0,2016-04-14 05:00:00,39.217
1074,0,2016-04-14 06:00:00,42.74
1074,0,2016-04-14 07:00:00,75.34899999999999
1074,0,2016-04-14 08:00:00,76.891
1074,0,2016-04-14 09:00:00,95.169
1074,0,2016-04-14 10:00:00,121.05
1074,0,2016-04-14 11:00:00,135.178
1074,0,2016-04-14 12:00:00,138.356
1074,0,2016-04-14 13:00:00,130.066
1074,0,2016-04-14 14:00:00,130.069
1074,0,2016-04-14 15:00:00,118.933
1074,0,2016-04-14 16:00:00,121.001
1074,0,2016-04-14 17:00:00,112.524
1074,0,2016-04-14 18:00:00,91.062
1074,0,2016-04-14 19:00:00,69.343
1074,0,2016-04-14 20:00:00,44.098
1074,0,2016-04-14 21:00:00,41.529
1074,0,2016-04-14 22:00:00,40.11
1074,0,2016-04-14 23:00:00,37.054
1074,0,2016-04-15 00:00:00,38.311
1074,0,2016-04-15 01:00:00,39.104
1074,0,2016-04-15 02:00:00,38.736
1074,0,2016-04-15 03:00:00,35.552
1074,0,2016-04-15 04:00:00,34.172
1074,0,2016-04-15 05:00:00,34.072
1074,0,2016-04-15 06:00:00,37.392
1074,0,2016-04-15 07:00:00,70.717
1074,0,2016-04-15 08:00:00,72.583
1074,0,2016-04-15 09:00:00,90.685
1074,0,2016-04-15 10:00:00,105.321
1074,0,2016-04-15 11:00:00,114.907
1074,0,2016-04-15 12:00:00,116.145
1074,0,2016-04-15 13:00:00,115.401
1074,0,2016-04-15 14:00:00,110.835
1074,0,2016-04-15 15:00:00,111.814
1074,0,2016-04-15 16:00:00,97.825
1074,0,2016-04-15 17:00:00,84.62700000000001
1074,0,2016-04-15 18:00:00,63.104
1074,0,2016-04-15 19:00:00,41.835
1074,0,2016-04-15 20:00:00,36.739
1074,0,2016-04-15 21:00:00,36.93
1074,0,2016-04-15 22:00:00,35.459
1074,0,2016-04-15 23:00:00,35.528
1074,0,2016-04-16 00:00:00,37.201
1074,0,2016-04-16 01:00:00,38.402
1074,0,2016-04-16 02:00:00,37.723
1074,0,2016-04-16 03:00:00,35.394
1074,0,2016-04-16 04:00:00,34.902
1074,0,2016-04-16 05:00:00,34.611999999999995
1074,0,2016-04-16 06:00:00,37.299
1074,0,2016-04-16 07:00:00,36.961
1074,0,2016-04-16 08:00:00,34.448
1074,0,2016-04-16 09:00:00,32.382
1074,0,2016-04-16 10:00:00,32.227
1074,0,2016-04-16 11:00:00,32.586
1074,0,2016-04-16 12:00:00,32.229
1074,0,2016-04-16 13:00:00,32.725
1074,0,2016-04-16 14:00:00,33.111999999999995
1074,0,2016-04-16 15:00:00,32.486999999999995
1074,0,2016-04-16 16:00:00,32.757
1074,0,2016-04-16 17:00:00,32.521
1074,0,2016-04-16 18:00:00,32.969
1074,0,2016-04-16 19:00:00,32.933
1074,0,2016-04-16 20:00:00,32.809
1074,0,2016-04-16 21:00:00,35.064
1074,0,2016-04-16 22:00:00,35.039
1074,0,2016-04-16 23:00:00,35.451
1074,0,2016-04-17 00:00:00,37.404
1074,0,2016-04-17 01:00:00,37.76
1074,0,2016-04-17 02:00:00,37.129
1074,0,2016-04-17 03:00:00,35.15
1074,0,2016-04-17 04:00:00,35.31
1074,0,2016-04-17 05:00:00,35.16
1074,0,2016-04-17 06:00:00,37.484
1074,0,2016-04-17 07:00:00,36.813
1074,0,2016-04-17 08:00:00,34.504
1074,0,2016-04-17 09:00:00,32.715
1074,0,2016-04-17 10:00:00,32.396
1074,0,2016-04-17 11:00:00,32.322
1074,0,2016-04-17 12:00:00,32.516
1074,0,2016-04-17 13:00:00,32.578
1074,0,2016-04-17 14:00:00,32.663000000000004
1074,0,2016-04-17 15:00:00,32.735
1074,0,2016-04-17 16:00:00,33.183
1074,0,2016-04-17 17:00:00,33.103
1074,0,2016-04-17 18:00:00,32.861999999999995
1074,0,2016-04-17 19:00:00,33.255
1074,0,2016-04-17 20:00:00,34.225
1074,0,2016-04-17 21:00:00,34.907
1074,0,2016-04-17 22:00:00,34.698
1074,0,2016-04-17 23:00:00,35.213
1074,0,2016-04-18 00:00:00,37.787
1074,0,2016-04-18 01:00:00,37.847
1074,0,2016-04-18 02:00:00,37.043
1074,0,2016-04-18 03:00:00,34.885
1074,0,2016-04-18 04:00:00,34.419000000000004
1074,0,2016-04-18 05:00:00,34.747
1074,0,2016-04-18 06:00:00,45.285
1074,0,2016-04-18 07:00:00,78.334
1074,0,2016-04-18 08:00:00,77.653
1074,0,2016-04-18 09:00:00,96.435
1074,0,2016-04-18 10:00:00,114.178
1074,0,2016-04-18 11:00:00,129.898
1074,0,2016-04-18 12:00:00,127.373
1074,0,2016-04-18 13:00:00,130.113
1074,0,2016-04-18 14:00:00,133.694
1074,0,2016-04-18 15:00:00,132.097
1074,0,2016-04-18 16:00:00,135.483
1074,0,2016-04-18 17:00:00,124.513
1074,0,2016-04-18 18:00:00,99.245
1074,0,2016-04-18 19:00:00,72.932
1074,0,2016-04-18 20:00:00,41.398
1074,0,2016-04-18 21:00:00,38.369
1074,0,2016-04-18 22:00:00,37.515
1074,0,2016-04-18 23:00:00,37.282
1074,0,2016-04-19 00:00:00,38.375
1074,0,2016-04-19 01:00:00,39.819
1074,0,2016-04-19 02:00:00,38.89
1074,0,2016-04-19 03:00:00,36.26
1074,0,2016-04-19 04:00:00,36.039
1074,0,2016-04-19 05:00:00,35.727
1074,0,2016-04-19 06:00:00,39.153
1074,0,2016-04-19 07:00:00,70.873
1074,0,2016-04-19 08:00:00,70.783
1074,0,2016-04-19 09:00:00,91.148
1074,0,2016-04-19 10:00:00,108.146
1074,0,2016-04-19 11:00:00,129.39600000000002
1074,0,2016-04-19 12:00:00,133.36700000000002
1074,0,2016-04-19 13:00:00,131.937
1074,0,2016-04-19 14:00:00,124.576
1074,0,2016-04-19 15:00:00,123.745
1074,0,2016-04-19 16:00:00,121.624
1074,0,2016-04-19 17:00:00,108.922
1074,0,2016-04-19 18:00:00,91.478
1074,0,2016-04-19 19:00:00,76.316
1074,0,2016-04-19 20:00:00,49.191
1074,0,2016-04-19 21:00:00,44.628
1074,0,2016-04-19 22:00:00,41.645
1074,0,2016-04-19 23:00:00,40.484
1074,0,2016-04-20 00:00:00,42.48
1074,0,2016-04-20 01:00:00,42.07899999999999
1074,0,2016-04-20 02:00:00,40.716
1074,0,2016-04-20 03:00:00,38.593
1074,0,2016-04-20 04:00:00,38.433
1074,0,2016-04-20 05:00:00,38.132
1074,0,2016-04-20 06:00:00,41.339
1074,0,2016-04-20 07:00:00,63.969
1074,0,2016-04-20 08:00:00,63.29
1074,0,2016-04-20 09:00:00,79.896
1074,0,2016-04-20 10:00:00,105.389
1074,0,2016-04-20 11:00:00,115.268
1074,0,2016-04-20 12:00:00,118.063
1074,0,2016-04-20 13:00:00,116.745
1074,0,2016-04-20 14:00:00,114.449
1074,0,2016-04-20 15:00:00,112.289
1074,0,2016-04-20 16:00:00,106.319
1074,0,2016-04-20 17:00:00,97.459
1074,0,2016-04-20 18:00:00,82.021
1074,0,2016-04-20 19:00:00,68.15
1074,0,2016-04-20 20:00:00,48.24100000000001
1074,0,2016-04-20 21:00:00,46.058
1074,0,2016-04-20 22:00:00,43.062
1074,0,2016-04-20 23:00:00,39.735
1074,0,2016-04-21 00:00:00,40.349
1074,0,2016-04-21 01:00:00,40.928
1074,0,2016-04-21 02:00:00,39.819
1074,0,2016-04-21 03:00:00,37.851
1074,0,2016-04-21 04:00:00,37.598
1074,0,2016-04-21 05:00:00,37.176
1074,0,2016-04-21 06:00:00,40.507
1074,0,2016-04-21 07:00:00,62.24
1074,0,2016-04-21 08:00:00,58.383
1074,0,2016-04-21 09:00:00,90.929
1074,0,2016-04-21 10:00:00,114.379
1074,0,2016-04-21 11:00:00,123.781
1074,0,2016-04-21 12:00:00,132.026
1074,0,2016-04-21 13:00:00,131.137
1074,0,2016-04-21 14:00:00,126.106
1074,0,2016-04-21 15:00:00,116.727
1074,0,2016-04-21 16:00:00,113.067
1074,0,2016-04-21 17:00:00,108.854
1074,0,2016-04-21 18:00:00,82.82
1074,0,2016-04-21 19:00:00,63.765
1074,0,2016-04-21 20:00:00,41.044
1074,0,2016-04-21 21:00:00,40.83
1074,0,2016-04-21 22:00:00,40.146
1074,0,2016-04-21 23:00:00,38.349
1074,0,2016-04-22 00:00:00,37.91
1074,0,2016-04-22 01:00:00,38.08
1074,0,2016-04-22 02:00:00,36.951
1074,0,2016-04-22 03:00:00,35.199
1074,0,2016-04-22 04:00:00,35.201
1074,0,2016-04-22 05:00:00,34.766
1074,0,2016-04-22 06:00:00,37.477
1074,0,2016-04-22 07:00:00,58.504
1074,0,2016-04-22 08:00:00,57.325
1074,0,2016-04-22 09:00:00,80.464
1074,0,2016-04-22 10:00:00,101.185
1074,0,2016-04-22 11:00:00,110.414
1074,0,2016-04-22 12:00:00,116.769
1074,0,2016-04-22 13:00:00,112.05
1074,0,2016-04-22 14:00:00,101.82
1074,0,2016-04-22 15:00:00,104.904
1074,0,2016-04-22 16:00:00,100.961
1074,0,2016-04-22 17:00:00,84.59200000000001
1074,0,2016-04-22 18:00:00,61.559
1074,0,2016-04-22 19:00:00,44.133
1074,0,2016-04-22 20:00:00,34.214
1074,0,2016-04-22 21:00:00,34.598
1074,0,2016-04-22 22:00:00,33.696
1074,0,2016-04-22 23:00:00,33.825
1074,0,2016-04-23 00:00:00,35.215
1074,0,2016-04-23 01:00:00,36.272
1074,0,2016-04-23 02:00:00,35.331
1074,0,2016-04-23 03:00:00,33.663000000000004
1074,0,2016-04-23 04:00:00,33.212
1074,0,2016-04-23 05:00:00,33.07
1074,0,2016-04-23 06:00:00,35.418
1074,0,2016-04-23 07:00:00,34.725
1074,0,2016-04-23 08:00:00,32.491
1074,0,2016-04-23 09:00:00,30.624
1074,0,2016-04-23 10:00:00,30.748
1074,0,2016-04-23 11:00:00,30.479
1074,0,2016-04-23 12:00:00,30.676
1074,0,2016-04-23 13:00:00,31.46
1074,0,2016-04-23 14:00:00,30.794
1074,0,2016-04-23 15:00:00,30.661
1074,0,2016-04-23 16:00:00,31.837
1074,0,2016-04-23 17:00:00,32.821
1074,0,2016-04-23 18:00:00,31.907
1074,0,2016-04-23 19:00:00,30.527
1074,0,2016-04-23 20:00:00,31.293000000000003
1074,0,2016-04-23 21:00:00,33.089
1074,0,2016-04-23 22:00:00,32.904
1074,0,2016-04-23 23:00:00,33.336
1074,0,2016-04-24 00:00:00,35.177
1074,0,2016-04-24 01:00:00,35.867
1074,0,2016-04-24 02:00:00,35.253
1074,0,2016-04-24 03:00:00,33.183
1074,0,2016-04-24 04:00:00,33.029
1074,0,2016-04-24 05:00:00,32.762
1074,0,2016-04-24 06:00:00,35.531
1074,0,2016-04-24 07:00:00,35.785
1074,0,2016-04-24 08:00:00,34.8
1074,0,2016-04-24 09:00:00,32.713
1074,0,2016-04-24 10:00:00,32.352
1074,0,2016-04-24 11:00:00,32.081
1074,0,2016-04-24 12:00:00,31.779
1074,0,2016-04-24 13:00:00,31.741
1074,0,2016-04-24 14:00:00,31.958
1074,0,2016-04-24 15:00:00,31.623
1074,0,2016-04-24 16:00:00,30.745
1074,0,2016-04-24 17:00:00,30.747
1074,0,2016-04-24 18:00:00,30.953000000000003
1074,0,2016-04-24 19:00:00,31.155
1074,0,2016-04-24 20:00:00,31.147
1074,0,2016-04-24 21:00:00,33.171
1074,0,2016-04-24 22:00:00,33.575
1074,0,2016-04-24 23:00:00,33.652
1074,0,2016-04-25 00:00:00,35.415
1074,0,2016-04-25 01:00:00,36.509
1074,0,2016-04-25 02:00:00,35.338
1074,0,2016-04-25 03:00:00,33.729
1074,0,2016-04-25 04:00:00,33.179
1074,0,2016-04-25 05:00:00,33.048
1074,0,2016-04-25 06:00:00,43.553
1074,0,2016-04-25 07:00:00,63.653
1074,0,2016-04-25 08:00:00,58.161
1074,0,2016-04-25 09:00:00,82.37200000000001
1074,0,2016-04-25 10:00:00,107.441
1074,0,2016-04-25 11:00:00,121.496
1074,0,2016-04-25 12:00:00,126.222
1074,0,2016-04-25 13:00:00,131.32
1074,0,2016-04-25 14:00:00,122.549
1074,0,2016-04-25 15:00:00,119.208
1074,0,2016-04-25 16:00:00,120.481
1074,0,2016-04-25 17:00:00,109.208
1074,0,2016-04-25 18:00:00,92.645
1074,0,2016-04-25 19:00:00,72.04
1074,0,2016-04-25 20:00:00,44.93899999999999
1074,0,2016-04-25 21:00:00,40.118
1074,0,2016-04-25 22:00:00,39.395
1074,0,2016-04-25 23:00:00,39.299
1074,0,2016-04-26 00:00:00,40.692
1074,0,2016-04-26 01:00:00,41.237
1074,0,2016-04-26 02:00:00,40.134
1074,0,2016-04-26 03:00:00,38.186
1074,0,2016-04-26 04:00:00,37.961
1074,0,2016-04-26 05:00:00,37.833
1074,0,2016-04-26 06:00:00,43.168
1074,0,2016-04-26 07:00:00,62.514
1074,0,2016-04-26 08:00:00,61.047
1074,0,2016-04-26 09:00:00,93.173
1074,0,2016-04-26 10:00:00,124.095
1074,0,2016-04-26 11:00:00,138.515
1074,0,2016-04-26 12:00:00,144.156
1074,0,2016-04-26 13:00:00,141.19799999999998
1074,0,2016-04-26 14:00:00,138.781
1074,0,2016-04-26 15:00:00,131.58
1074,0,2016-04-26 16:00:00,126.756
1074,0,2016-04-26 17:00:00,116.869
1074,0,2016-04-26 18:00:00,91.49
1074,0,2016-04-26 19:00:00,75.311
1074,0,2016-04-26 20:00:00,47.071000000000005
1074,0,2016-04-26 21:00:00,41.291
1074,0,2016-04-26 22:00:00,38.449
1074,0,2016-04-26 23:00:00,36.504
1074,0,2016-04-27 00:00:00,37.891
1074,0,2016-04-27 01:00:00,38.516
1074,0,2016-04-27 02:00:00,37.714
1074,0,2016-04-27 03:00:00,35.813
1074,0,2016-04-27 04:00:00,35.397
1074,0,2016-04-27 05:00:00,35.059
1074,0,2016-04-27 06:00:00,40.682
1074,0,2016-04-27 07:00:00,57.237
1074,0,2016-04-27 08:00:00,56.43899999999999
1074,0,2016-04-27 09:00:00,87.98899999999999
1074,0,2016-04-27 10:00:00,120.545
1074,0,2016-04-27 11:00:00,134.783
1074,0,2016-04-27 12:00:00,141.642
1074,0,2016-04-27 13:00:00,136.156
1074,0,2016-04-27 14:00:00,130.599
1074,0,2016-04-27 15:00:00,130.043
1074,0,2016-04-27 16:00:00,127.499
1074,0,2016-04-27 17:00:00,108.554
1074,0,2016-04-27 18:00:00,81.188
1074,0,2016-04-27 19:00:00,62.078
1074,0,2016-04-27 20:00:00,46.956
1074,0,2016-04-27 21:00:00,41.792
1074,0,2016-04-27 22:00:00,36.24
1074,0,2016-04-27 23:00:00,35.401
1074,0,2016-04-28 00:00:00,37.555
1074,0,2016-04-28 01:00:00,37.926
1074,0,2016-04-28 02:00:00,37.155
1074,0,2016-04-28 03:00:00,34.875
1074,0,2016-04-28 04:00:00,34.6
1074,0,2016-04-28 05:00:00,34.652
1074,0,2016-04-28 06:00:00,39.711
1074,0,2016-04-28 07:00:00,60.211000000000006
1074,0,2016-04-28 08:00:00,66.35300000000001
1074,0,2016-04-28 09:00:00,103.55
1074,0,2016-04-28 10:00:00,130.84
1074,0,2016-04-28 11:00:00,144.536
1074,0,2016-04-28 12:00:00,150.095
1074,0,2016-04-28 13:00:00,147.14
1074,0,2016-04-28 14:00:00,145.411
1074,0,2016-04-28 15:00:00,134.64
1074,0,2016-04-28 16:00:00,126.817
1074,0,2016-04-28 17:00:00,111.166
1074,0,2016-04-28 18:00:00,91.085
1074,0,2016-04-28 19:00:00,71.295
1074,0,2016-04-28 20:00:00,48.852
1074,0,2016-04-28 21:00:00,43.944
1074,0,2016-04-28 22:00:00,41.318000000000005
1074,0,2016-04-28 23:00:00,38.608
1074,0,2016-04-29 00:00:00,39.631
1074,0,2016-04-29 01:00:00,39.377
1074,0,2016-04-29 02:00:00,38.632
1074,0,2016-04-29 03:00:00,36.324
1074,0,2016-04-29 04:00:00,36.049
1074,0,2016-04-29 05:00:00,35.959
1074,0,2016-04-29 06:00:00,38.734
1074,0,2016-04-29 07:00:00,48.651
1074,0,2016-04-29 08:00:00,51.217
1074,0,2016-04-29 09:00:00,88.58200000000001
1074,0,2016-04-29 10:00:00,115.813
1074,0,2016-04-29 11:00:00,123.756
1074,0,2016-04-29 12:00:00,130.283
1074,0,2016-04-29 13:00:00,127.067
1074,0,2016-04-29 14:00:00,125.015
1074,0,2016-04-29 15:00:00,118.665
1074,0,2016-04-29 16:00:00,109.91
1074,0,2016-04-29 17:00:00,88.99799999999999
1074,0,2016-04-29 18:00:00,58.369
1074,0,2016-04-29 19:00:00,43.722
1074,0,2016-04-29 20:00:00,34.836
1074,0,2016-04-29 21:00:00,35.035
1074,0,2016-04-29 22:00:00,34.849000000000004
1074,0,2016-04-29 23:00:00,35.028
1074,0,2016-04-30 00:00:00,37.383
1074,0,2016-04-30 01:00:00,37.657
1074,0,2016-04-30 02:00:00,37.271
1074,0,2016-04-30 03:00:00,35.141
1074,0,2016-04-30 04:00:00,34.806999999999995
1074,0,2016-04-30 05:00:00,34.616
1074,0,2016-04-30 06:00:00,37.129
1074,0,2016-04-30 07:00:00,36.323
1074,0,2016-04-30 08:00:00,34.676
1074,0,2016-04-30 09:00:00,33.507
1074,0,2016-04-30 10:00:00,35.16
1074,0,2016-04-30 11:00:00,37.796
1074,0,2016-04-30 12:00:00,39.243
1074,0,2016-04-30 13:00:00,38.545
1074,0,2016-04-30 14:00:00,35.87
1074,0,2016-04-30 15:00:00,33.35
1074,0,2016-04-30 16:00:00,33.152
1074,0,2016-04-30 17:00:00,33.082
1074,0,2016-04-30 18:00:00,33.335
1074,0,2016-04-30 19:00:00,33.105
1074,0,2016-04-30 20:00:00,33.379
1074,0,2016-04-30 21:00:00,35.389
1074,0,2016-04-30 22:00:00,35.202
1074,0,2016-04-30 23:00:00,35.857
1074,0,2016-05-01 00:00:00,38.663
1074,0,2016-05-01 01:00:00,39.185
1074,0,2016-05-01 02:00:00,37.946
1074,0,2016-05-01 03:00:00,35.361
1074,0,2016-05-01 04:00:00,35.326
1074,0,2016-05-01 05:00:00,35.353
1074,0,2016-05-01 06:00:00,37.765
1074,0,2016-05-01 07:00:00,37.066
1074,0,2016-05-01 08:00:00,34.961
1074,0,2016-05-01 09:00:00,33.045
1074,0,2016-05-01 10:00:00,34.743
1074,0,2016-05-01 11:00:00,35.257
1074,0,2016-05-01 12:00:00,34.114000000000004
1074,0,2016-05-01 13:00:00,33.628
1074,0,2016-05-01 14:00:00,33.818000000000005
1074,0,2016-05-01 15:00:00,33.666
1074,0,2016-05-01 16:00:00,33.781
1074,0,2016-05-01 17:00:00,34.431
1074,0,2016-05-01 18:00:00,33.459
1074,0,2016-05-01 19:00:00,33.126999999999995
1074,0,2016-05-01 20:00:00,33.129
1074,0,2016-05-01 21:00:00,34.482
1074,0,2016-05-01 22:00:00,35.273
1074,0,2016-05-01 23:00:00,35.849000000000004
1074,0,2016-05-02 00:00:00,37.743
1074,0,2016-05-02 01:00:00,38.635
1074,0,2016-05-02 02:00:00,37.701
1074,0,2016-05-02 03:00:00,35.522
1074,0,2016-05-02 04:00:00,35.306999999999995
1074,0,2016-05-02 05:00:00,34.941
1074,0,2016-05-02 06:00:00,44.998000000000005
1074,0,2016-05-02 07:00:00,58.962
1074,0,2016-05-02 08:00:00,55.75
1074,0,2016-05-02 09:00:00,85.712
1074,0,2016-05-02 10:00:00,114.961
1074,0,2016-05-02 11:00:00,127.375
1074,0,2016-05-02 12:00:00,132.585
1074,0,2016-05-02 13:00:00,126.58
1074,0,2016-05-02 14:00:00,118.628
1074,0,2016-05-02 15:00:00,117.566
1074,0,2016-05-02 16:00:00,115.169
1074,0,2016-05-02 17:00:00,97.659
1074,0,2016-05-02 18:00:00,70.461
1074,0,2016-05-02 19:00:00,56.927
1074,0,2016-05-02 20:00:00,44.357
1074,0,2016-05-02 21:00:00,42.707
1074,0,2016-05-02 22:00:00,40.249
1074,0,2016-05-02 23:00:00,37.875
1074,0,2016-05-03 00:00:00,38.382
1074,0,2016-05-03 01:00:00,38.607
1074,0,2016-05-03 02:00:00,37.724
1074,0,2016-05-03 03:00:00,35.28
1074,0,2016-05-03 04:00:00,35.385
1074,0,2016-05-03 05:00:00,35.172
1074,0,2016-05-03 06:00:00,40.423
1074,0,2016-05-03 07:00:00,61.293
1074,0,2016-05-03 08:00:00,57.874
1074,0,2016-05-03 09:00:00,88.64200000000001
1074,0,2016-05-03 10:00:00,119.119
1074,0,2016-05-03 11:00:00,124.746
1074,0,2016-05-03 12:00:00,132.591
1074,0,2016-05-03 13:00:00,125.49
1074,0,2016-05-03 14:00:00,120.139
1074,0,2016-05-03 15:00:00,119.137
1074,0,2016-05-03 16:00:00,114.28
1074,0,2016-05-03 17:00:00,100.93
1074,0,2016-05-03 18:00:00,72.097
1074,0,2016-05-03 19:00:00,61.682
1074,0,2016-05-03 20:00:00,41.141000000000005
1074,0,2016-05-03 21:00:00,40.029
1074,0,2016-05-03 22:00:00,38.181
1074,0,2016-05-03 23:00:00,36.934
1074,0,2016-05-04 00:00:00,38.456
1074,0,2016-05-04 01:00:00,38.393
1074,0,2016-05-04 02:00:00,35.605
1074,0,2016-05-04 03:00:00,33.392
1074,0,2016-05-04 04:00:00,32.552
1074,0,2016-05-04 05:00:00,32.327
1074,0,2016-05-04 06:00:00,38.567
1074,0,2016-05-04 07:00:00,59.653
1074,0,2016-05-04 08:00:00,57.699
1074,0,2016-05-04 09:00:00,85.603
1074,0,2016-05-04 10:00:00,119.749
1074,0,2016-05-04 11:00:00,119.241
1074,0,2016-05-04 12:00:00,124.486
1074,0,2016-05-04 13:00:00,123.011
1074,0,2016-05-04 14:00:00,124.996
1074,0,2016-05-04 15:00:00,119.698
1074,0,2016-05-04 16:00:00,114.194
1074,0,2016-05-04 17:00:00,94.624
1074,0,2016-05-04 18:00:00,75.8
1074,0,2016-05-04 19:00:00,63.072
1074,0,2016-05-04 20:00:00,40.488
1074,0,2016-05-04 21:00:00,38.554
1074,0,2016-05-04 22:00:00,40.08
1074,0,2016-05-04 23:00:00,38.221
1074,0,2016-05-05 00:00:00,40.33
1074,0,2016-05-05 01:00:00,41.461000000000006
1074,0,2016-05-05 02:00:00,40.143
1074,0,2016-05-05 03:00:00,37.242
1074,0,2016-05-05 04:00:00,36.653
1074,0,2016-05-05 05:00:00,36.682
1074,0,2016-05-05 06:00:00,40.195
1074,0,2016-05-05 07:00:00,56.813
1074,0,2016-05-05 08:00:00,57.654
1074,0,2016-05-05 09:00:00,84.477
1074,0,2016-05-05 10:00:00,113.495
1074,0,2016-05-05 11:00:00,129.957
1074,0,2016-05-05 12:00:00,128.441
1074,0,2016-05-05 13:00:00,126.72
1074,0,2016-05-05 14:00:00,117.374
1074,0,2016-05-05 15:00:00,109.168
1074,0,2016-05-05 16:00:00,100.216
1074,0,2016-05-05 17:00:00,96.808
1074,0,2016-05-05 18:00:00,82.04899999999999
1074,0,2016-05-05 19:00:00,69.564
1074,0,2016-05-05 20:00:00,46.98
1074,0,2016-05-05 21:00:00,43.067
1074,0,2016-05-05 22:00:00,43.435
1074,0,2016-05-05 23:00:00,38.334
1074,0,2016-05-06 00:00:00,39.166
1074,0,2016-05-06 01:00:00,39.652
1074,0,2016-05-06 02:00:00,38.553
1074,0,2016-05-06 03:00:00,35.869
1074,0,2016-05-06 04:00:00,35.672
1074,0,2016-05-06 05:00:00,35.594
1074,0,2016-05-06 06:00:00,39.611
1074,0,2016-05-06 07:00:00,61.572
1074,0,2016-05-06 08:00:00,58.39
1074,0,2016-05-06 09:00:00,80.657
1074,0,2016-05-06 10:00:00,90.161
1074,0,2016-05-06 11:00:00,102.757
1074,0,2016-05-06 12:00:00,99.802
1074,0,2016-05-06 13:00:00,94.615
1074,0,2016-05-06 14:00:00,91.685
1074,0,2016-05-06 15:00:00,84.544
1074,0,2016-05-06 16:00:00,80.676
1074,0,2016-05-06 17:00:00,76.782
1074,0,2016-05-06 18:00:00,56.568000000000005
1074,0,2016-05-06 19:00:00,45.2
1074,0,2016-05-06 20:00:00,36.495
1074,0,2016-05-06 21:00:00,36.688
1074,0,2016-05-06 22:00:00,36.931
1074,0,2016-05-06 23:00:00,35.645
1074,0,2016-05-07 00:00:00,37.118
1074,0,2016-05-07 01:00:00,37.347
1074,0,2016-05-07 02:00:00,36.855
1074,0,2016-05-07 03:00:00,35.756
1074,0,2016-05-07 04:00:00,35.152
1074,0,2016-05-07 05:00:00,35.378
1074,0,2016-05-07 06:00:00,39.021
1074,0,2016-05-07 07:00:00,55.128
1074,0,2016-05-07 08:00:00,45.222
1074,0,2016-05-07 09:00:00,43.102
1074,0,2016-05-07 10:00:00,43.08
1074,0,2016-05-07 11:00:00,41.465
1074,0,2016-05-07 12:00:00,43.576
1074,0,2016-05-07 13:00:00,46.714
1074,0,2016-05-07 14:00:00,46.776
1074,0,2016-05-07 15:00:00,45.701
1074,0,2016-05-07 16:00:00,43.82899999999999
1074,0,2016-05-07 17:00:00,44.66
1074,0,2016-05-07 18:00:00,43.597
1074,0,2016-05-07 19:00:00,43.31
1074,0,2016-05-07 20:00:00,42.584
1074,0,2016-05-07 21:00:00,42.396
1074,0,2016-05-07 22:00:00,42.088
1074,0,2016-05-07 23:00:00,35.784
1074,0,2016-05-08 00:00:00,37.232
1074,0,2016-05-08 01:00:00,37.504
1074,0,2016-05-08 02:00:00,36.924
1074,0,2016-05-08 03:00:00,34.411
1074,0,2016-05-08 04:00:00,34.505
1074,0,2016-05-08 05:00:00,34.281
1074,0,2016-05-08 06:00:00,37.092
1074,0,2016-05-08 07:00:00,35.366
1074,0,2016-05-08 08:00:00,34.121
1074,0,2016-05-08 09:00:00,32.173
1074,0,2016-05-08 10:00:00,32.109
1074,0,2016-05-08 11:00:00,32.34
1074,0,2016-05-08 12:00:00,32.033
1074,0,2016-05-08 13:00:00,32.138000000000005
1074,0,2016-05-08 14:00:00,32.979
1074,0,2016-05-08 15:00:00,32.911
1074,0,2016-05-08 16:00:00,33.493
1074,0,2016-05-08 17:00:00,33.873000000000005
1074,0,2016-05-08 18:00:00,33.247
1074,0,2016-05-08 19:00:00,33.091
1074,0,2016-05-08 20:00:00,33.075
1074,0,2016-05-08 21:00:00,34.603
1074,0,2016-05-08 22:00:00,35.541
1074,0,2016-05-08 23:00:00,35.213
1074,0,2016-05-09 00:00:00,36.88
1074,0,2016-05-09 01:00:00,37.663
1074,0,2016-05-09 02:00:00,36.836
1074,0,2016-05-09 03:00:00,34.567
1074,0,2016-05-09 04:00:00,34.606
1074,0,2016-05-09 05:00:00,34.192
1074,0,2016-05-09 06:00:00,42.383
1074,0,2016-05-09 07:00:00,62.438
1074,0,2016-05-09 08:00:00,54.891000000000005
1074,0,2016-05-09 09:00:00,73.635
1074,0,2016-05-09 10:00:00,91.992
1074,0,2016-05-09 11:00:00,107.601
1074,0,2016-05-09 12:00:00,110.107
1074,0,2016-05-09 13:00:00,104.834
1074,0,2016-05-09 14:00:00,101.013
1074,0,2016-05-09 15:00:00,101.839
1074,0,2016-05-09 16:00:00,99.439
1074,0,2016-05-09 17:00:00,83.618
1074,0,2016-05-09 18:00:00,66.407
1074,0,2016-05-09 19:00:00,57.725
1074,0,2016-05-09 20:00:00,38.218
1074,0,2016-05-09 21:00:00,39.231
1074,0,2016-05-09 22:00:00,37.545
1074,0,2016-05-09 23:00:00,37.857
1074,0,2016-05-10 00:00:00,38.856
1074,0,2016-05-10 01:00:00,39.466
1074,0,2016-05-10 02:00:00,37.788
1074,0,2016-05-10 03:00:00,34.934
1074,0,2016-05-10 04:00:00,35.248000000000005
1074,0,2016-05-10 05:00:00,35.411
1074,0,2016-05-10 06:00:00,38.311
1074,0,2016-05-10 07:00:00,59.612
1074,0,2016-05-10 08:00:00,60.835
1074,0,2016-05-10 09:00:00,87.572
1074,0,2016-05-10 10:00:00,99.276
1074,0,2016-05-10 11:00:00,108.418
1074,0,2016-05-10 12:00:00,111.891
1074,0,2016-05-10 13:00:00,114.887
1074,0,2016-05-10 14:00:00,115.185
1074,0,2016-05-10 15:00:00,117.568
1074,0,2016-05-10 16:00:00,113.473
1074,0,2016-05-10 17:00:00,95.503
1074,0,2016-05-10 18:00:00,75.178
1074,0,2016-05-10 19:00:00,63.086000000000006
1074,0,2016-05-10 20:00:00,40.363
1074,0,2016-05-10 21:00:00,39.615
1074,0,2016-05-10 22:00:00,38.076
1074,0,2016-05-10 23:00:00,35.556
1074,0,2016-05-11 00:00:00,36.353
1074,0,2016-05-11 01:00:00,36.763000000000005
1074,0,2016-05-11 02:00:00,35.926
1074,0,2016-05-11 03:00:00,34.294000000000004
1074,0,2016-05-11 04:00:00,33.727
1074,0,2016-05-11 05:00:00,33.873000000000005
1074,0,2016-05-11 06:00:00,37.579
1074,0,2016-05-11 07:00:00,60.568000000000005
1074,0,2016-05-11 08:00:00,58.218
1074,0,2016-05-11 09:00:00,73.262
1074,0,2016-05-11 10:00:00,85.44
1074,0,2016-05-11 11:00:00,104.191
1074,0,2016-05-11 12:00:00,107.034
1074,0,2016-05-11 13:00:00,112.415
1074,0,2016-05-11 14:00:00,119.277
1074,0,2016-05-11 15:00:00,113.495
1074,0,2016-05-11 16:00:00,116.788
1074,0,2016-05-11 17:00:00,93.403
1074,0,2016-05-11 18:00:00,74.783
1074,0,2016-05-11 19:00:00,60.723
1074,0,2016-05-11 20:00:00,40.472
1074,0,2016-05-11 21:00:00,37.913
1074,0,2016-05-11 22:00:00,37.886
1074,0,2016-05-11 23:00:00,37.983
1074,0,2016-05-12 00:00:00,38.57
1074,0,2016-05-12 01:00:00,39.079
1074,0,2016-05-12 02:00:00,38.338
1074,0,2016-05-12 03:00:00,36.054
1074,0,2016-05-12 04:00:00,35.818000000000005
1074,0,2016-05-12 05:00:00,36.123000000000005
1074,0,2016-05-12 06:00:00,38.589
1074,0,2016-05-12 07:00:00,54.902
1074,0,2016-05-12 08:00:00,55.469
1074,0,2016-05-12 09:00:00,77.337
1074,0,2016-05-12 10:00:00,94.523
1074,0,2016-05-12 11:00:00,99.134
1074,0,2016-05-12 12:00:00,102.132
1074,0,2016-05-12 13:00:00,98.452
1074,0,2016-05-12 14:00:00,104.139
1074,0,2016-05-12 15:00:00,98.417
1074,0,2016-05-12 16:00:00,93.656
1074,0,2016-05-12 17:00:00,76.817
1074,0,2016-05-12 18:00:00,64.76
1074,0,2016-05-12 19:00:00,52.045
1074,0,2016-05-12 20:00:00,36.122
1074,0,2016-05-12 21:00:00,37.234
1074,0,2016-05-12 22:00:00,36.513000000000005
1074,0,2016-05-12 23:00:00,35.927
1074,0,2016-05-13 00:00:00,36.666
1074,0,2016-05-13 01:00:00,37.353
1074,0,2016-05-13 02:00:00,35.789
1074,0,2016-05-13 03:00:00,33.787
1074,0,2016-05-13 04:00:00,33.391
1074,0,2016-05-13 05:00:00,33.496
1074,0,2016-05-13 06:00:00,36.919
1074,0,2016-05-13 07:00:00,52.359
1074,0,2016-05-13 08:00:00,53.54
1074,0,2016-05-13 09:00:00,74.697
1074,0,2016-05-13 10:00:00,97.548
1074,0,2016-05-13 11:00:00,104.158
1074,0,2016-05-13 12:00:00,101.626
1074,0,2016-05-13 13:00:00,94.564
1074,0,2016-05-13 14:00:00,94.905
1074,0,2016-05-13 15:00:00,105.206
1074,0,2016-05-13 16:00:00,97.321
1074,0,2016-05-13 17:00:00,80.958
1074,0,2016-05-13 18:00:00,54.42100000000001
1074,0,2016-05-13 19:00:00,41.437
1074,0,2016-05-13 20:00:00,34.97
1074,0,2016-05-13 21:00:00,37.151
1074,0,2016-05-13 22:00:00,38.142
1074,0,2016-05-13 23:00:00,37.736
1074,0,2016-05-14 00:00:00,39.897
1074,0,2016-05-14 01:00:00,40.378
1074,0,2016-05-14 02:00:00,38.281
1074,0,2016-05-14 03:00:00,35.479
1074,0,2016-05-14 04:00:00,35.029
1074,0,2016-05-14 05:00:00,34.76
1074,0,2016-05-14 06:00:00,37.632
1074,0,2016-05-14 07:00:00,46.313
1074,0,2016-05-14 08:00:00,45.59
1074,0,2016-05-14 09:00:00,46.715
1074,0,2016-05-14 10:00:00,44.364
1074,0,2016-05-14 11:00:00,44.317
1074,0,2016-05-14 12:00:00,51.801
1074,0,2016-05-14 13:00:00,46.202
1074,0,2016-05-14 14:00:00,48.153
1074,0,2016-05-14 15:00:00,43.598
1074,0,2016-05-14 16:00:00,44.899
1074,0,2016-05-14 17:00:00,48.511
1074,0,2016-05-14 18:00:00,44.988
1074,0,2016-05-14 19:00:00,44.838
1074,0,2016-05-14 20:00:00,47.997
1074,0,2016-05-14 21:00:00,50.878
1074,0,2016-05-14 22:00:00,52.643
1074,0,2016-05-14 23:00:00,38.849
1074,0,2016-05-15 00:00:00,39.665
1074,0,2016-05-15 01:00:00,40.136
1074,0,2016-05-15 02:00:00,39.086
1074,0,2016-05-15 03:00:00,36.052
1074,0,2016-05-15 04:00:00,34.723
1074,0,2016-05-15 05:00:00,34.716
1074,0,2016-05-15 06:00:00,37.555
1074,0,2016-05-15 07:00:00,35.479
1074,0,2016-05-15 08:00:00,34.266
1074,0,2016-05-15 09:00:00,32.668
1074,0,2016-05-15 10:00:00,32.359
1074,0,2016-05-15 11:00:00,32.542
1074,0,2016-05-15 12:00:00,32.956
1074,0,2016-05-15 13:00:00,32.635
1074,0,2016-05-15 14:00:00,32.783
1074,0,2016-05-15 15:00:00,33.081
1074,0,2016-05-15 16:00:00,32.687
1074,0,2016-05-15 17:00:00,32.554
1074,0,2016-05-15 18:00:00,32.222
1074,0,2016-05-15 19:00:00,32.261
1074,0,2016-05-15 20:00:00,33.334
1074,0,2016-05-15 21:00:00,34.042
1074,0,2016-05-15 22:00:00,35.04
1074,0,2016-05-15 23:00:00,36.737
1074,0,2016-05-16 00:00:00,38.979
1074,0,2016-05-16 01:00:00,40.074
1074,0,2016-05-16 02:00:00,38.174
1074,0,2016-05-16 03:00:00,34.677
1074,0,2016-05-16 04:00:00,35.08
1074,0,2016-05-16 05:00:00,34.856
1074,0,2016-05-16 06:00:00,42.039
1074,0,2016-05-16 07:00:00,56.03
1074,0,2016-05-16 08:00:00,50.355
1074,0,2016-05-16 09:00:00,65.029
1074,0,2016-05-16 10:00:00,79.028
1074,0,2016-05-16 11:00:00,87.206
1074,0,2016-05-16 12:00:00,89.05
1074,0,2016-05-16 13:00:00,86.10799999999999
1074,0,2016-05-16 14:00:00,88.51799999999999
1074,0,2016-05-16 15:00:00,83.72200000000001
1074,0,2016-05-16 16:00:00,79.611
1074,0,2016-05-16 17:00:00,64.045
1074,0,2016-05-16 18:00:00,50.955
1074,0,2016-05-16 19:00:00,48.463
1074,0,2016-05-16 20:00:00,37.91
1074,0,2016-05-16 21:00:00,37.338
1074,0,2016-05-16 22:00:00,38.367
1074,0,2016-05-16 23:00:00,38.136
1074,0,2016-05-17 00:00:00,40.116
1074,0,2016-05-17 01:00:00,40.474
1074,0,2016-05-17 02:00:00,39.702
1074,0,2016-05-17 03:00:00,36.802
1074,0,2016-05-17 04:00:00,39.251
1074,0,2016-05-17 05:00:00,38.963
1074,0,2016-05-17 06:00:00,40.732
1074,0,2016-05-17 07:00:00,54.611
1074,0,2016-05-17 08:00:00,50.536
1074,0,2016-05-17 09:00:00,67.97399999999999
1074,0,2016-05-17 10:00:00,84.508
1074,0,2016-05-17 11:00:00,88.645
1074,0,2016-05-17 12:00:00,91.33
1074,0,2016-05-17 13:00:00,89.93700000000001
1074,0,2016-05-17 14:00:00,87.24
1074,0,2016-05-17 15:00:00,88.339
1074,0,2016-05-17 16:00:00,86.13
1074,0,2016-05-17 17:00:00,65.15899999999999
1074,0,2016-05-17 18:00:00,50.43600000000001
1074,0,2016-05-17 19:00:00,44.416
1074,0,2016-05-17 20:00:00,34.035
1074,0,2016-05-17 21:00:00,33.309
1074,0,2016-05-17 22:00:00,34.435
1074,0,2016-05-17 23:00:00,35.109
1074,0,2016-05-18 00:00:00,37.087
1074,0,2016-05-18 01:00:00,38.384
1074,0,2016-05-18 02:00:00,38.358
1074,0,2016-05-18 03:00:00,36.876
1074,0,2016-05-18 04:00:00,34.994
1074,0,2016-05-18 05:00:00,35.089
1074,0,2016-05-18 06:00:00,38.561
1074,0,2016-05-18 07:00:00,51.55
1074,0,2016-05-18 08:00:00,50.757
1074,0,2016-05-18 09:00:00,60.877
1074,0,2016-05-18 10:00:00,73.205
1074,0,2016-05-18 11:00:00,81.469
1074,0,2016-05-18 12:00:00,75.018
1074,0,2016-05-18 13:00:00,68.719
1074,0,2016-05-18 14:00:00,72.312
1074,0,2016-05-18 15:00:00,70.847
1074,0,2016-05-18 16:00:00,69.563
1074,0,2016-05-18 17:00:00,61.646
1074,0,2016-05-18 18:00:00,51.826
1074,0,2016-05-18 19:00:00,45.88
1074,0,2016-05-18 20:00:00,34.833
1074,0,2016-05-18 21:00:00,34.996
1074,0,2016-05-18 22:00:00,36.17
1074,0,2016-05-18 23:00:00,36.147
1074,0,2016-05-19 00:00:00,37.858
1074,0,2016-05-19 01:00:00,38.583
1074,0,2016-05-19 02:00:00,37.89
1074,0,2016-05-19 03:00:00,36.025
1074,0,2016-05-19 04:00:00,35.874
1074,0,2016-05-19 05:00:00,35.406
1074,0,2016-05-19 06:00:00,39.085
1074,0,2016-05-19 07:00:00,55.075
1074,0,2016-05-19 08:00:00,51.002
1074,0,2016-05-19 09:00:00,62.404
1074,0,2016-05-19 10:00:00,72.3
1074,0,2016-05-19 11:00:00,79.969
1074,0,2016-05-19 12:00:00,74.62
1074,0,2016-05-19 13:00:00,74.404
1074,0,2016-05-19 14:00:00,75.05
1074,0,2016-05-19 15:00:00,75.191
1074,0,2016-05-19 16:00:00,71.527
1074,0,2016-05-19 17:00:00,58.391000000000005
1074,0,2016-05-19 18:00:00,47.143
1074,0,2016-05-19 19:00:00,42.891000000000005
1074,0,2016-05-19 20:00:00,32.569
1074,0,2016-05-19 21:00:00,32.492
1074,0,2016-05-19 22:00:00,33.339
1074,0,2016-05-19 23:00:00,33.786
1074,0,2016-05-20 00:00:00,35.687
1074,0,2016-05-20 01:00:00,36.866
1074,0,2016-05-20 02:00:00,35.962
1074,0,2016-05-20 03:00:00,33.914
1074,0,2016-05-20 04:00:00,33.833
1074,0,2016-05-20 05:00:00,33.584
1074,0,2016-05-20 06:00:00,36.979
1074,0,2016-05-20 07:00:00,50.49
1074,0,2016-05-20 08:00:00,49.288
1074,0,2016-05-20 09:00:00,60.28
1074,0,2016-05-20 10:00:00,72.855
1074,0,2016-05-20 11:00:00,79.461
1074,0,2016-05-20 12:00:00,79.062
1074,0,2016-05-20 13:00:00,72.137
1074,0,2016-05-20 14:00:00,73.347
1074,0,2016-05-20 15:00:00,75.538
1074,0,2016-05-20 16:00:00,68.66
1074,0,2016-05-20 17:00:00,61.158
1074,0,2016-05-20 18:00:00,46.33
1074,0,2016-05-20 19:00:00,37.85
1074,0,2016-05-20 20:00:00,32.809
1074,0,2016-05-20 21:00:00,33.524
1074,0,2016-05-20 22:00:00,34.396
1074,0,2016-05-20 23:00:00,34.709
1074,0,2016-05-21 00:00:00,36.426
1074,0,2016-05-21 01:00:00,37.37
1074,0,2016-05-21 02:00:00,36.567
1074,0,2016-05-21 03:00:00,34.692
1074,0,2016-05-21 04:00:00,34.443000000000005
1074,0,2016-05-21 05:00:00,34.302
1074,0,2016-05-21 06:00:00,36.638000000000005
1074,0,2016-05-21 07:00:00,35.433
1074,0,2016-05-21 08:00:00,34.376
1074,0,2016-05-21 09:00:00,32.821
1074,0,2016-05-21 10:00:00,34.384
1074,0,2016-05-21 11:00:00,33.227
1074,0,2016-05-21 12:00:00,34.537
1074,0,2016-05-21 13:00:00,35.483000000000004
1074,0,2016-05-21 14:00:00,34.599000000000004
1074,0,2016-05-21 15:00:00,34.111999999999995
1074,0,2016-05-21 16:00:00,33.135
1074,0,2016-05-21 17:00:00,32.673
1074,0,2016-05-21 18:00:00,32.888000000000005
1074,0,2016-05-21 19:00:00,32.735
1074,0,2016-05-21 20:00:00,32.63
1074,0,2016-05-21 21:00:00,33.796
1074,0,2016-05-21 22:00:00,34.998000000000005
1074,0,2016-05-21 23:00:00,35.208
1074,0,2016-05-22 00:00:00,37.047
1074,0,2016-05-22 01:00:00,37.616
1074,0,2016-05-22 02:00:00,37.065
1074,0,2016-05-22 03:00:00,35.082
1074,0,2016-05-22 04:00:00,34.721
1074,0,2016-05-22 05:00:00,34.864000000000004
1074,0,2016-05-22 06:00:00,37.032
1074,0,2016-05-22 07:00:00,35.794000000000004
1074,0,2016-05-22 08:00:00,34.675
1074,0,2016-05-22 09:00:00,32.603
1074,0,2016-05-22 10:00:00,32.744
1074,0,2016-05-22 11:00:00,32.816
1074,0,2016-05-22 12:00:00,32.828
1074,0,2016-05-22 13:00:00,32.993
1074,0,2016-05-22 14:00:00,32.956
1074,0,2016-05-22 15:00:00,32.965
1074,0,2016-05-22 16:00:00,33.241
1074,0,2016-05-22 17:00:00,33.008
1074,0,2016-05-22 18:00:00,33.008
1074,0,2016-05-22 19:00:00,32.907
1074,0,2016-05-22 20:00:00,32.931
1074,0,2016-05-22 21:00:00,33.703
1074,0,2016-05-22 22:00:00,34.943000000000005
1074,0,2016-05-22 23:00:00,35.426
1074,0,2016-05-23 00:00:00,37.418
1074,0,2016-05-23 01:00:00,37.763000000000005
1074,0,2016-05-23 02:00:00,37.242
1074,0,2016-05-23 03:00:00,35.185
1074,0,2016-05-23 04:00:00,34.883
1074,0,2016-05-23 05:00:00,34.983000000000004
1074,0,2016-05-23 06:00:00,43.802
1074,0,2016-05-23 07:00:00,68.25
1074,0,2016-05-23 08:00:00,65.583
1074,0,2016-05-23 09:00:00,75.065
1074,0,2016-05-23 10:00:00,87.25299999999999
1074,0,2016-05-23 11:00:00,87.52600000000001
1074,0,2016-05-23 12:00:00,89.57600000000001
1074,0,2016-05-23 13:00:00,87.96600000000001
1074,0,2016-05-23 14:00:00,83.55799999999999
1074,0,2016-05-23 15:00:00,85.071
1074,0,2016-05-23 16:00:00,89.43700000000001
1074,0,2016-05-23 17:00:00,75.301
1074,0,2016-05-23 18:00:00,61.012
1074,0,2016-05-23 19:00:00,54.675
1074,0,2016-05-23 20:00:00,38.477
1074,0,2016-05-23 21:00:00,39.126
1074,0,2016-05-23 22:00:00,38.569
1074,0,2016-05-23 23:00:00,37.981
1074,0,2016-05-24 00:00:00,40.47
1074,0,2016-05-24 01:00:00,41.185
1074,0,2016-05-24 02:00:00,38.715
1074,0,2016-05-24 03:00:00,35.893
1074,0,2016-05-24 04:00:00,35.719
1074,0,2016-05-24 05:00:00,35.301
1074,0,2016-05-24 06:00:00,38.585
1074,0,2016-05-24 07:00:00,69.436
1074,0,2016-05-24 08:00:00,67.352
1074,0,2016-05-24 09:00:00,73.783
1074,0,2016-05-24 10:00:00,85.209
1074,0,2016-05-24 11:00:00,87.984
1074,0,2016-05-24 12:00:00,86.59700000000001
1074,0,2016-05-24 13:00:00,88.26299999999999
1074,0,2016-05-24 14:00:00,90.577
1074,0,2016-05-24 15:00:00,86.751
1074,0,2016-05-24 16:00:00,88.141
1074,0,2016-05-24 17:00:00,76.727
1074,0,2016-05-24 18:00:00,61.198
1074,0,2016-05-24 19:00:00,51.637
1074,0,2016-05-24 20:00:00,35.705
1074,0,2016-05-24 21:00:00,34.447
1074,0,2016-05-24 22:00:00,35.689
1074,0,2016-05-24 23:00:00,35.569
1074,0,2016-05-25 00:00:00,38.193000000000005
1074,0,2016-05-25 01:00:00,38.762
1074,0,2016-05-25 02:00:00,37.844
1074,0,2016-05-25 03:00:00,36.14
1074,0,2016-05-25 04:00:00,35.468
1074,0,2016-05-25 05:00:00,35.097
1074,0,2016-05-25 06:00:00,39.283
1074,0,2016-05-25 07:00:00,75.115
1074,0,2016-05-25 08:00:00,68.068
1074,0,2016-05-25 09:00:00,79.637
1074,0,2016-05-25 10:00:00,79.002
1074,0,2016-05-25 11:00:00,98.832
1074,0,2016-05-25 12:00:00,97.193
1074,0,2016-05-25 13:00:00,87.507
1074,0,2016-05-25 14:00:00,84.986
1074,0,2016-05-25 15:00:00,81.15100000000001
1074,0,2016-05-25 16:00:00,83.444
1074,0,2016-05-25 17:00:00,76.255
1074,0,2016-05-25 18:00:00,62.989
1074,0,2016-05-25 19:00:00,54.49100000000001
1074,0,2016-05-25 20:00:00,35.846
1074,0,2016-05-25 21:00:00,32.936
1074,0,2016-05-25 22:00:00,33.634
1074,0,2016-05-25 23:00:00,33.699
1074,0,2016-05-26 00:00:00,35.109
1074,0,2016-05-26 01:00:00,36.198
1074,0,2016-05-26 02:00:00,35.701
1074,0,2016-05-26 03:00:00,33.755
1074,0,2016-05-26 04:00:00,32.778
1074,0,2016-05-26 05:00:00,33.14
1074,0,2016-05-26 06:00:00,36.223
1074,0,2016-05-26 07:00:00,69.362
1074,0,2016-05-26 08:00:00,62.059
1074,0,2016-05-26 09:00:00,68.847
1074,0,2016-05-26 10:00:00,79.183
1074,0,2016-05-26 11:00:00,83.855
1074,0,2016-05-26 12:00:00,81.892
1074,0,2016-05-26 13:00:00,77.501
1074,0,2016-05-26 14:00:00,75.987
1074,0,2016-05-26 15:00:00,73.487
1074,0,2016-05-26 16:00:00,71.883
1074,0,2016-05-26 17:00:00,64.85300000000001
1074,0,2016-05-26 18:00:00,56.636
1074,0,2016-05-26 19:00:00,48.912
1074,0,2016-05-26 20:00:00,32.569
1074,0,2016-05-26 21:00:00,31.707
1074,0,2016-05-26 22:00:00,32.926
1074,0,2016-05-26 23:00:00,32.998000000000005
1074,0,2016-05-27 00:00:00,34.9
1074,0,2016-05-27 01:00:00,35.203
1074,0,2016-05-27 02:00:00,34.766
1074,0,2016-05-27 03:00:00,33.168
1074,0,2016-05-27 04:00:00,32.782
1074,0,2016-05-27 05:00:00,32.833
1074,0,2016-05-27 06:00:00,35.344
1074,0,2016-05-27 07:00:00,69.334
1074,0,2016-05-27 08:00:00,64.518
1074,0,2016-05-27 09:00:00,73.78699999999999
1074,0,2016-05-27 10:00:00,81.048
1074,0,2016-05-27 11:00:00,84.17200000000001
1074,0,2016-05-27 12:00:00,83.301
1074,0,2016-05-27 13:00:00,75.783
1074,0,2016-05-27 14:00:00,76.003
1074,0,2016-05-27 15:00:00,75.563
1074,0,2016-05-27 16:00:00,69.155
1074,0,2016-05-27 17:00:00,63.328
1074,0,2016-05-27 18:00:00,48.74100000000001
1074,0,2016-05-27 19:00:00,36.137
1074,0,2016-05-27 20:00:00,31.185
1074,0,2016-05-27 21:00:00,31.266
1074,0,2016-05-27 22:00:00,30.733
1074,0,2016-05-27 23:00:00,31.368
1074,0,2016-05-28 00:00:00,33.428000000000004
1074,0,2016-05-28 01:00:00,33.524
1074,0,2016-05-28 02:00:00,33.001999999999995
1074,0,2016-05-28 03:00:00,31.226
1074,0,2016-05-28 04:00:00,30.202
1074,0,2016-05-28 05:00:00,30.505
1074,0,2016-05-28 06:00:00,32.927
1074,0,2016-05-28 07:00:00,31.976
1074,0,2016-05-28 08:00:00,30.386
1074,0,2016-05-28 09:00:00,28.737
1074,0,2016-05-28 10:00:00,28.28
1074,0,2016-05-28 11:00:00,27.944000000000003
1074,0,2016-05-28 12:00:00,28.393
1074,0,2016-05-28 13:00:00,28.206
1074,0,2016-05-28 14:00:00,28.235
1074,0,2016-05-28 15:00:00,28.428
1074,0,2016-05-28 16:00:00,28.154
1074,0,2016-05-28 17:00:00,28.009
1074,0,2016-05-28 18:00:00,27.601
1074,0,2016-05-28 19:00:00,27.872
1074,0,2016-05-28 20:00:00,28.283
1074,0,2016-05-28 21:00:00,29.658
1074,0,2016-05-28 22:00:00,29.986
1074,0,2016-05-28 23:00:00,30.506
1074,0,2016-05-29 00:00:00,32.921
1074,0,2016-05-29 01:00:00,33.404
1074,0,2016-05-29 02:00:00,32.411
1074,0,2016-05-29 03:00:00,30.128
1074,0,2016-05-29 04:00:00,30.015
1074,0,2016-05-29 05:00:00,29.846
1074,0,2016-05-29 06:00:00,32.591
1074,0,2016-05-29 07:00:00,30.808000000000003
1074,0,2016-05-29 08:00:00,29.826
1074,0,2016-05-29 09:00:00,28.005
1074,0,2016-05-29 10:00:00,27.668000000000003
1074,0,2016-05-29 11:00:00,27.643
1074,0,2016-05-29 12:00:00,27.669
1074,0,2016-05-29 13:00:00,27.712
1074,0,2016-05-29 14:00:00,27.581
1074,0,2016-05-29 15:00:00,27.527
1074,0,2016-05-29 16:00:00,27.861
1074,0,2016-05-29 17:00:00,27.982
1074,0,2016-05-29 18:00:00,28.14
1074,0,2016-05-29 19:00:00,27.98
1074,0,2016-05-29 20:00:00,28.004
1074,0,2016-05-29 21:00:00,28.861
1074,0,2016-05-29 22:00:00,30.763
1074,0,2016-05-29 23:00:00,30.665
1074,0,2016-05-30 00:00:00,32.859
1074,0,2016-05-30 01:00:00,33.304
1074,0,2016-05-30 02:00:00,32.578
1074,0,2016-05-30 03:00:00,30.571
1074,0,2016-05-30 04:00:00,30.284
1074,0,2016-05-30 05:00:00,30.271
1074,0,2016-05-30 06:00:00,40.629
1074,0,2016-05-30 07:00:00,42.708
1074,0,2016-05-30 08:00:00,39.458
1074,0,2016-05-30 09:00:00,36.572
1074,0,2016-05-30 10:00:00,36.357
1074,0,2016-05-30 11:00:00,36.779
1074,0,2016-05-30 12:00:00,36.605
1074,0,2016-05-30 13:00:00,36.33
1074,0,2016-05-30 14:00:00,36.101
1074,0,2016-05-30 15:00:00,35.904
1074,0,2016-05-30 16:00:00,35.65
1074,0,2016-05-30 17:00:00,35.591
1074,0,2016-05-30 18:00:00,35.636
1074,0,2016-05-30 19:00:00,33.217
1074,0,2016-05-30 20:00:00,28.817
1074,0,2016-05-30 21:00:00,28.758000000000003
1074,0,2016-05-30 22:00:00,29.881
1074,0,2016-05-30 23:00:00,30.468000000000004
1074,0,2016-05-31 00:00:00,32.556
1074,0,2016-05-31 01:00:00,33.11
1074,0,2016-05-31 02:00:00,32.808
1074,0,2016-05-31 03:00:00,30.625
1074,0,2016-05-31 04:00:00,30.29
1074,0,2016-05-31 05:00:00,30.282
1074,0,2016-05-31 06:00:00,34.426
1074,0,2016-05-31 07:00:00,68.484
1074,0,2016-05-31 08:00:00,71.598
1074,0,2016-05-31 09:00:00,82.928
1074,0,2016-05-31 10:00:00,93.729
1074,0,2016-05-31 11:00:00,95.986
1074,0,2016-05-31 12:00:00,97.429
1074,0,2016-05-31 13:00:00,95.116
1074,0,2016-05-31 14:00:00,86.309
1074,0,2016-05-31 15:00:00,82.63799999999999
1074,0,2016-05-31 16:00:00,79.477
1074,0,2016-05-31 17:00:00,70.209
1074,0,2016-05-31 18:00:00,55.951
1074,0,2016-05-31 19:00:00,48.75
1074,0,2016-05-31 20:00:00,33.111999999999995
1074,0,2016-05-31 21:00:00,31.397
1074,0,2016-05-31 22:00:00,33.585
1074,0,2016-05-31 23:00:00,33.778
1074,0,2016-06-01 00:00:00,35.704
1074,0,2016-06-01 01:00:00,36.271
1074,0,2016-06-01 02:00:00,35.825
1074,0,2016-06-01 03:00:00,33.851
1074,0,2016-06-01 04:00:00,33.701
1074,0,2016-06-01 05:00:00,33.747
1074,0,2016-06-01 06:00:00,37.192
1074,0,2016-06-01 07:00:00,67.944
1074,0,2016-06-01 08:00:00,63.446000000000005
1074,0,2016-06-01 09:00:00,74.405
1074,0,2016-06-01 10:00:00,86.081
1074,0,2016-06-01 11:00:00,87.2
1074,0,2016-06-01 12:00:00,86.24799999999999
1074,0,2016-06-01 13:00:00,80.604
1074,0,2016-06-01 14:00:00,74.322
1074,0,2016-06-01 15:00:00,74.495
1074,0,2016-06-01 16:00:00,74.34899999999999
1074,0,2016-06-01 17:00:00,65.6
1074,0,2016-06-01 18:00:00,53.622
1074,0,2016-06-01 19:00:00,44.832
1074,0,2016-06-01 20:00:00,32.094
1074,0,2016-06-01 21:00:00,30.914
1074,0,2016-06-01 22:00:00,32.434
1074,0,2016-06-01 23:00:00,32.772
1074,0,2016-06-02 00:00:00,34.775
1074,0,2016-06-02 01:00:00,35.322
1074,0,2016-06-02 02:00:00,34.727
1074,0,2016-06-02 03:00:00,32.609
1074,0,2016-06-02 04:00:00,32.352
1074,0,2016-06-02 05:00:00,32.16
1074,0,2016-06-02 06:00:00,35.107
1074,0,2016-06-02 07:00:00,61.137
1074,0,2016-06-02 08:00:00,59.4
1074,0,2016-06-02 09:00:00,65.184
1074,0,2016-06-02 10:00:00,74.41
1074,0,2016-06-02 11:00:00,78.43
1074,0,2016-06-02 12:00:00,78.898
1074,0,2016-06-02 13:00:00,76.556
1074,0,2016-06-02 14:00:00,72.25399999999999
1074,0,2016-06-02 15:00:00,74.74600000000001
1074,0,2016-06-02 16:00:00,77.574
1074,0,2016-06-02 17:00:00,66.764
1074,0,2016-06-02 18:00:00,56.378
1074,0,2016-06-02 19:00:00,47.975
1074,0,2016-06-02 20:00:00,32.861
1074,0,2016-06-02 21:00:00,29.623
1074,0,2016-06-02 22:00:00,31.586
1074,0,2016-06-02 23:00:00,31.802
1074,0,2016-06-03 00:00:00,33.739000000000004
1074,0,2016-06-03 01:00:00,34.303000000000004
1074,0,2016-06-03 02:00:00,33.72
1074,0,2016-06-03 03:00:00,31.398000000000003
1074,0,2016-06-03 04:00:00,31.19
1074,0,2016-06-03 05:00:00,31.408
1074,0,2016-06-03 06:00:00,34.678000000000004
1074,0,2016-06-03 07:00:00,62.886
1074,0,2016-06-03 08:00:00,63.967
1074,0,2016-06-03 09:00:00,70.064
1074,0,2016-06-03 10:00:00,74.363
1074,0,2016-06-03 11:00:00,74.839
1074,0,2016-06-03 12:00:00,73.066
1074,0,2016-06-03 13:00:00,71.976
1074,0,2016-06-03 14:00:00,78.634
1074,0,2016-06-03 15:00:00,75.707
1074,0,2016-06-03 16:00:00,71.546
1074,0,2016-06-03 17:00:00,62.577
1074,0,2016-06-03 18:00:00,45.037
1074,0,2016-06-03 19:00:00,35.759
1074,0,2016-06-03 20:00:00,29.92
1074,0,2016-06-03 21:00:00,29.679
1074,0,2016-06-03 22:00:00,31.535
1074,0,2016-06-03 23:00:00,31.828000000000003
1074,0,2016-06-04 00:00:00,34.029
1074,0,2016-06-04 01:00:00,34.4
1074,0,2016-06-04 02:00:00,33.695
1074,0,2016-06-04 03:00:00,31.915
1074,0,2016-06-04 04:00:00,31.516
1074,0,2016-06-04 05:00:00,31.349
1074,0,2016-06-04 06:00:00,33.88
1074,0,2016-06-04 07:00:00,32.195
1074,0,2016-06-04 08:00:00,31.36
1074,0,2016-06-04 09:00:00,29.206
1074,0,2016-06-04 10:00:00,28.972
1074,0,2016-06-04 11:00:00,29.06
1074,0,2016-06-04 12:00:00,29.22
1074,0,2016-06-04 13:00:00,29.21
1074,0,2016-06-04 14:00:00,29.421
1074,0,2016-06-04 15:00:00,29.18
1074,0,2016-06-04 16:00:00,29.249
1074,0,2016-06-04 17:00:00,29.437
1074,0,2016-06-04 18:00:00,29.019
1074,0,2016-06-04 19:00:00,29.363000000000003
1074,0,2016-06-04 20:00:00,30.734
1074,0,2016-06-04 21:00:00,33.143
1074,0,2016-06-04 22:00:00,32.813
1074,0,2016-06-04 23:00:00,34.419000000000004
1074,0,2016-06-05 00:00:00,35.804
1074,0,2016-06-05 01:00:00,36.453
1074,0,2016-06-05 02:00:00,35.284
1074,0,2016-06-05 03:00:00,32.63
1074,0,2016-06-05 04:00:00,32.51
1074,0,2016-06-05 05:00:00,32.739000000000004
1074,0,2016-06-05 06:00:00,34.758
1074,0,2016-06-05 07:00:00,33.382
1074,0,2016-06-05 08:00:00,32.121
1074,0,2016-06-05 09:00:00,30.848000000000003
1074,0,2016-06-05 10:00:00,30.176
1074,0,2016-06-05 11:00:00,30.304
1074,0,2016-06-05 12:00:00,30.609
1074,0,2016-06-05 13:00:00,30.589
1074,0,2016-06-05 14:00:00,30.316
1074,0,2016-06-05 15:00:00,29.763
1074,0,2016-06-05 16:00:00,30.145
1074,0,2016-06-05 17:00:00,30.058000000000003
1074,0,2016-06-05 18:00:00,30.044
1074,0,2016-06-05 19:00:00,30.103
1074,0,2016-06-05 20:00:00,30.365
1074,0,2016-06-05 21:00:00,30.965
1074,0,2016-06-05 22:00:00,33.134
1074,0,2016-06-05 23:00:00,33.231
1074,0,2016-06-06 00:00:00,35.446
1074,0,2016-06-06 01:00:00,35.743
1074,0,2016-06-06 02:00:00,34.985
1074,0,2016-06-06 03:00:00,32.605
1074,0,2016-06-06 04:00:00,32.281
1074,0,2016-06-06 05:00:00,32.344
1074,0,2016-06-06 06:00:00,44.617
1074,0,2016-06-06 07:00:00,71.83
1074,0,2016-06-06 08:00:00,68.036
1074,0,2016-06-06 09:00:00,74.528
1074,0,2016-06-06 10:00:00,83.17200000000001
1074,0,2016-06-06 11:00:00,89.92
1074,0,2016-06-06 12:00:00,93.418
1074,0,2016-06-06 13:00:00,92.544
1074,0,2016-06-06 14:00:00,90.569
1074,0,2016-06-06 15:00:00,86.38
1074,0,2016-06-06 16:00:00,83.21700000000001
1074,0,2016-06-06 17:00:00,75.694
1074,0,2016-06-06 18:00:00,62.762
1074,0,2016-06-06 19:00:00,52.04
1074,0,2016-06-06 20:00:00,32.709
1074,0,2016-06-06 21:00:00,30.832
1074,0,2016-06-06 22:00:00,32.971
1074,0,2016-06-06 23:00:00,32.606
1074,0,2016-06-07 00:00:00,34.585
1074,0,2016-06-07 01:00:00,35.273
1074,0,2016-06-07 02:00:00,34.631
1074,0,2016-06-07 03:00:00,33.024
1074,0,2016-06-07 04:00:00,32.87
1074,0,2016-06-07 05:00:00,32.637
1074,0,2016-06-07 06:00:00,34.865
1074,0,2016-06-07 07:00:00,63.179
1074,0,2016-06-07 08:00:00,57.807
1074,0,2016-06-07 09:00:00,76.91
1074,0,2016-06-07 10:00:00,92.145
1074,0,2016-06-07 11:00:00,97.267
1074,0,2016-06-07 12:00:00,90.682
1074,0,2016-06-07 13:00:00,85.273
1074,0,2016-06-07 14:00:00,84.838
1074,0,2016-06-07 15:00:00,81.39399999999999
1074,0,2016-06-07 16:00:00,78.078
1074,0,2016-06-07 17:00:00,71.743
1074,0,2016-06-07 18:00:00,59.462
1074,0,2016-06-07 19:00:00,48.989
1074,0,2016-06-07 20:00:00,32.527
1074,0,2016-06-07 21:00:00,30.614
1074,0,2016-06-07 22:00:00,32.953
1074,0,2016-06-07 23:00:00,33.095
1074,0,2016-06-08 00:00:00,34.217
1074,0,2016-06-08 01:00:00,35.12
1074,0,2016-06-08 02:00:00,34.288000000000004
1074,0,2016-06-08 03:00:00,32.661
1074,0,2016-06-08 04:00:00,32.718
1074,0,2016-06-08 05:00:00,32.662
1074,0,2016-06-08 06:00:00,35.147
1074,0,2016-06-08 07:00:00,62.559
1074,0,2016-06-08 08:00:00,57.423
1074,0,2016-06-08 09:00:00,71.535
1074,0,2016-06-08 10:00:00,93.055
1074,0,2016-06-08 11:00:00,106.363
1074,0,2016-06-08 12:00:00,97.709
1074,0,2016-06-08 13:00:00,86.35600000000001
1074,0,2016-06-08 14:00:00,82.566
1074,0,2016-06-08 15:00:00,79.661
1074,0,2016-06-08 16:00:00,77.84899999999999
1074,0,2016-06-08 17:00:00,67.952
1074,0,2016-06-08 18:00:00,54.548
1074,0,2016-06-08 19:00:00,49.698
1074,0,2016-06-08 20:00:00,33.803000000000004
1074,0,2016-06-08 21:00:00,31.379
1074,0,2016-06-08 22:00:00,33.38
1074,0,2016-06-08 23:00:00,33.463
1074,0,2016-06-09 00:00:00,34.617
1074,0,2016-06-09 01:00:00,35.527
1074,0,2016-06-09 02:00:00,34.663000000000004
1074,0,2016-06-09 03:00:00,32.906
1074,0,2016-06-09 04:00:00,33.386
1074,0,2016-06-09 05:00:00,32.853
1074,0,2016-06-09 06:00:00,34.334
1074,0,2016-06-09 07:00:00,66.403
1074,0,2016-06-09 08:00:00,62.457
1074,0,2016-06-09 09:00:00,72.788
1074,0,2016-06-09 10:00:00,80.115
1074,0,2016-06-09 11:00:00,81.561
1074,0,2016-06-09 12:00:00,91.433
1074,0,2016-06-09 13:00:00,83.164
1074,0,2016-06-09 14:00:00,84.941
1074,0,2016-06-09 15:00:00,86.844
1074,0,2016-06-09 16:00:00,81.476
1074,0,2016-06-09 17:00:00,72.51
1074,0,2016-06-09 18:00:00,56.651
1074,0,2016-06-09 19:00:00,48.902
1074,0,2016-06-09 20:00:00,31.783
1074,0,2016-06-09 21:00:00,30.005
1074,0,2016-06-09 22:00:00,32.012
1074,0,2016-06-09 23:00:00,32.684
1074,0,2016-06-10 00:00:00,33.999
1074,0,2016-06-10 01:00:00,34.488
1074,0,2016-06-10 02:00:00,33.833
1074,0,2016-06-10 03:00:00,32.19
1074,0,2016-06-10 04:00:00,32.178000000000004
1074,0,2016-06-10 05:00:00,32.126
1074,0,2016-06-10 06:00:00,33.7
1074,0,2016-06-10 07:00:00,63.04600000000001
1074,0,2016-06-10 08:00:00,58.662
1074,0,2016-06-10 09:00:00,71.53
1074,0,2016-06-10 10:00:00,80.43
1074,0,2016-06-10 11:00:00,86.38
1074,0,2016-06-10 12:00:00,88.34899999999999
1074,0,2016-06-10 13:00:00,86.823
1074,0,2016-06-10 14:00:00,86.064
1074,0,2016-06-10 15:00:00,81.89699999999999
1074,0,2016-06-10 16:00:00,74.993
1074,0,2016-06-10 17:00:00,69.892
1074,0,2016-06-10 18:00:00,50.573
1074,0,2016-06-10 19:00:00,37.635
1074,0,2016-06-10 20:00:00,31.193
1074,0,2016-06-10 21:00:00,30.07
1074,0,2016-06-10 22:00:00,30.378
1074,0,2016-06-10 23:00:00,31.347
1074,0,2016-06-11 00:00:00,33.08
1074,0,2016-06-11 01:00:00,33.885
1074,0,2016-06-11 02:00:00,33.238
1074,0,2016-06-11 03:00:00,31.295
1074,0,2016-06-11 04:00:00,30.507
1074,0,2016-06-11 05:00:00,30.906
1074,0,2016-06-11 06:00:00,31.93
1074,0,2016-06-11 07:00:00,31.068
1074,0,2016-06-11 08:00:00,30.301
1074,0,2016-06-11 09:00:00,28.952
1074,0,2016-06-11 10:00:00,29.143
1074,0,2016-06-11 11:00:00,28.52
1074,0,2016-06-11 12:00:00,29.142
1074,0,2016-06-11 13:00:00,29.876
1074,0,2016-06-11 14:00:00,30.461
1074,0,2016-06-11 15:00:00,30.014
1074,0,2016-06-11 16:00:00,30.716
1074,0,2016-06-11 17:00:00,30.66
1074,0,2016-06-11 18:00:00,31.622
1074,0,2016-06-11 19:00:00,30.419
1074,0,2016-06-11 20:00:00,30.842
1074,0,2016-06-11 21:00:00,30.16
1074,0,2016-06-11 22:00:00,31.47
1074,0,2016-06-11 23:00:00,31.366
1074,0,2016-06-12 00:00:00,33.481
1074,0,2016-06-12 01:00:00,35.121
1074,0,2016-06-12 02:00:00,32.847
1074,0,2016-06-12 03:00:00,30.484
1074,0,2016-06-12 04:00:00,30.632
1074,0,2016-06-12 05:00:00,30.592
1074,0,2016-06-12 06:00:00,32.328
1074,0,2016-06-12 07:00:00,32.171
1074,0,2016-06-12 08:00:00,30.123
1074,0,2016-06-12 09:00:00,28.37
1074,0,2016-06-12 10:00:00,28.293000000000003
1074,0,2016-06-12 11:00:00,28.236
1074,0,2016-06-12 12:00:00,28.448
1074,0,2016-06-12 13:00:00,28.89
1074,0,2016-06-12 14:00:00,28.635
1074,0,2016-06-12 15:00:00,28.784
1074,0,2016-06-12 16:00:00,29.103
1074,0,2016-06-12 17:00:00,29.302
1074,0,2016-06-12 18:00:00,29.321
1074,0,2016-06-12 19:00:00,28.516
1074,0,2016-06-12 20:00:00,29.213
1074,0,2016-06-12 21:00:00,30.283
1074,0,2016-06-12 22:00:00,31.123
1074,0,2016-06-12 23:00:00,30.695
1074,0,2016-06-13 00:00:00,32.712
1074,0,2016-06-13 01:00:00,33.704
1074,0,2016-06-13 02:00:00,32.811
1074,0,2016-06-13 03:00:00,31.503
1074,0,2016-06-13 04:00:00,30.242
1074,0,2016-06-13 05:00:00,30.758000000000003
1074,0,2016-06-13 06:00:00,42.402
1074,0,2016-06-13 07:00:00,73.405
1074,0,2016-06-13 08:00:00,74.21600000000001
1074,0,2016-06-13 09:00:00,89.681
1074,0,2016-06-13 10:00:00,107.078
1074,0,2016-06-13 11:00:00,107.565
1074,0,2016-06-13 12:00:00,111.613
1074,0,2016-06-13 13:00:00,108.258
1074,0,2016-06-13 14:00:00,109.786
1074,0,2016-06-13 15:00:00,102.757
1074,0,2016-06-13 16:00:00,96.819
1074,0,2016-06-13 17:00:00,87.31200000000001
1074,0,2016-06-13 18:00:00,68.52600000000001
1074,0,2016-06-13 19:00:00,58.269
1074,0,2016-06-13 20:00:00,37.173
1074,0,2016-06-13 21:00:00,35.109
1074,0,2016-06-13 22:00:00,35.865
1074,0,2016-06-13 23:00:00,35.376999999999995
1074,0,2016-06-14 00:00:00,37.281
1074,0,2016-06-14 01:00:00,38.259
1074,0,2016-06-14 02:00:00,37.501
1074,0,2016-06-14 03:00:00,35.599000000000004
1074,0,2016-06-14 04:00:00,35.099000000000004
1074,0,2016-06-14 05:00:00,35.113
1074,0,2016-06-14 06:00:00,36.97
1074,0,2016-06-14 07:00:00,70.578
1074,0,2016-06-14 08:00:00,72.847
1074,0,2016-06-14 09:00:00,87.854
1074,0,2016-06-14 10:00:00,104.391
1074,0,2016-06-14 11:00:00,110.19
1074,0,2016-06-14 12:00:00,114.525
1074,0,2016-06-14 13:00:00,107.677
1074,0,2016-06-14 14:00:00,111.695
1074,0,2016-06-14 15:00:00,107.824
1074,0,2016-06-14 16:00:00,97.639
1074,0,2016-06-14 17:00:00,87.302
1074,0,2016-06-14 18:00:00,69.025
1074,0,2016-06-14 19:00:00,57.724
1074,0,2016-06-14 20:00:00,40.399
1074,0,2016-06-14 21:00:00,36.876
1074,0,2016-06-14 22:00:00,37.054
1074,0,2016-06-14 23:00:00,37.347
1074,0,2016-06-15 00:00:00,37.654
1074,0,2016-06-15 01:00:00,38.544
1074,0,2016-06-15 02:00:00,38.272
1074,0,2016-06-15 03:00:00,37.934
1074,0,2016-06-15 04:00:00,38.082
1074,0,2016-06-15 05:00:00,37.454
1074,0,2016-06-15 06:00:00,38.254
1074,0,2016-06-15 07:00:00,70.395
1074,0,2016-06-15 08:00:00,71.134
1074,0,2016-06-15 09:00:00,88.822
1074,0,2016-06-15 10:00:00,105.229
1074,0,2016-06-15 11:00:00,107.263
1074,0,2016-06-15 12:00:00,103.858
1074,0,2016-06-15 13:00:00,102.984
1074,0,2016-06-15 14:00:00,104.54
1074,0,2016-06-15 15:00:00,101.052
1074,0,2016-06-15 16:00:00,100.826
1074,0,2016-06-15 17:00:00,84.926
1074,0,2016-06-15 18:00:00,64.957
1074,0,2016-06-15 19:00:00,52.026
1074,0,2016-06-15 20:00:00,35.996
1074,0,2016-06-15 21:00:00,34.903
1074,0,2016-06-15 22:00:00,35.858000000000004
1074,0,2016-06-15 23:00:00,35.215
1074,0,2016-06-16 00:00:00,36.378
1074,0,2016-06-16 01:00:00,37.492
1074,0,2016-06-16 02:00:00,36.286
1074,0,2016-06-16 03:00:00,34.782
1074,0,2016-06-16 04:00:00,34.412
1074,0,2016-06-16 05:00:00,34.342
1074,0,2016-06-16 06:00:00,36.63
1074,0,2016-06-16 07:00:00,66.768
1074,0,2016-06-16 08:00:00,68.399
1074,0,2016-06-16 09:00:00,81.916
1074,0,2016-06-16 10:00:00,91.481
1074,0,2016-06-16 11:00:00,94.103
1074,0,2016-06-16 12:00:00,93.821
1074,0,2016-06-16 13:00:00,92.32
1074,0,2016-06-16 14:00:00,92.402
1074,0,2016-06-16 15:00:00,95.008
1074,0,2016-06-16 16:00:00,88.406
1074,0,2016-06-16 17:00:00,79.53
1074,0,2016-06-16 18:00:00,69.21600000000001
1074,0,2016-06-16 19:00:00,60.453
1074,0,2016-06-16 20:00:00,37.468
1074,0,2016-06-16 21:00:00,33.772
1074,0,2016-06-16 22:00:00,33.506
1074,0,2016-06-16 23:00:00,32.73
1074,0,2016-06-17 00:00:00,33.941
1074,0,2016-06-17 01:00:00,34.247
1074,0,2016-06-17 02:00:00,33.605
1074,0,2016-06-17 03:00:00,31.661
1074,0,2016-06-17 04:00:00,31.513
1074,0,2016-06-17 05:00:00,31.081
1074,0,2016-06-17 06:00:00,33.669000000000004
1074,0,2016-06-17 07:00:00,67.33
1074,0,2016-06-17 08:00:00,65.065
1074,0,2016-06-17 09:00:00,79.455
1074,0,2016-06-17 10:00:00,83.507
1074,0,2016-06-17 11:00:00,89.081
1074,0,2016-06-17 12:00:00,97.128
1074,0,2016-06-17 13:00:00,97.149
1074,0,2016-06-17 14:00:00,94.066
1074,0,2016-06-17 15:00:00,89.90100000000001
1074,0,2016-06-17 16:00:00,85.21799999999999
1074,0,2016-06-17 17:00:00,72.008
1074,0,2016-06-17 18:00:00,50.649
1074,0,2016-06-17 19:00:00,37.483
1074,0,2016-06-17 20:00:00,31.812
1074,0,2016-06-17 21:00:00,32.723
1074,0,2016-06-17 22:00:00,32.499
1074,0,2016-06-17 23:00:00,33.757
1074,0,2016-06-18 00:00:00,34.882
1074,0,2016-06-18 01:00:00,35.661
1074,0,2016-06-18 02:00:00,35.134
1074,0,2016-06-18 03:00:00,33.464
1074,0,2016-06-18 04:00:00,33.014
1074,0,2016-06-18 05:00:00,33.132
1074,0,2016-06-18 06:00:00,34.908
1074,0,2016-06-18 07:00:00,33.285
1074,0,2016-06-18 08:00:00,32.626999999999995
1074,0,2016-06-18 09:00:00,30.649
1074,0,2016-06-18 10:00:00,29.509
1074,0,2016-06-18 11:00:00,29.686
1074,0,2016-06-18 12:00:00,29.692
1074,0,2016-06-18 13:00:00,29.95
1074,0,2016-06-18 14:00:00,29.913
1074,0,2016-06-18 15:00:00,29.609
1074,0,2016-06-18 16:00:00,29.955
1074,0,2016-06-18 17:00:00,29.654
1074,0,2016-06-18 18:00:00,29.654
1074,0,2016-06-18 19:00:00,29.641
1074,0,2016-06-18 20:00:00,29.818
1074,0,2016-06-18 21:00:00,29.941
1074,0,2016-06-18 22:00:00,31.849
1074,0,2016-06-18 23:00:00,32.361
1074,0,2016-06-19 00:00:00,34.096
1074,0,2016-06-19 01:00:00,34.864000000000004
1074,0,2016-06-19 02:00:00,34.054
1074,0,2016-06-19 03:00:00,32.257
1074,0,2016-06-19 04:00:00,32.181
1074,0,2016-06-19 05:00:00,31.471
1074,0,2016-06-19 06:00:00,33.773
1074,0,2016-06-19 07:00:00,32.396
1074,0,2016-06-19 08:00:00,31.595
1074,0,2016-06-19 09:00:00,30.127
1074,0,2016-06-19 10:00:00,29.865
1074,0,2016-06-19 11:00:00,29.903
1074,0,2016-06-19 12:00:00,30.199
1074,0,2016-06-19 13:00:00,30.557
1074,0,2016-06-19 14:00:00,30.02
1074,0,2016-06-19 15:00:00,29.279
1074,0,2016-06-19 16:00:00,29.974
1074,0,2016-06-19 17:00:00,29.867
1074,0,2016-06-19 18:00:00,29.448
1074,0,2016-06-19 19:00:00,29.486
1074,0,2016-06-19 20:00:00,29.487
1074,0,2016-06-19 21:00:00,31.317
1074,0,2016-06-19 22:00:00,32.772
1074,0,2016-06-19 23:00:00,32.923
1074,0,2016-06-20 00:00:00,34.501
1074,0,2016-06-20 01:00:00,35.035
1074,0,2016-06-20 02:00:00,34.428000000000004
1074,0,2016-06-20 03:00:00,32.594
1074,0,2016-06-20 04:00:00,32.505
1074,0,2016-06-20 05:00:00,32.192
1074,0,2016-06-20 06:00:00,43.41
1074,0,2016-06-20 07:00:00,72.124
1074,0,2016-06-20 08:00:00,78.429
1074,0,2016-06-20 09:00:00,100.264
1074,0,2016-06-20 10:00:00,110.099
1074,0,2016-06-20 11:00:00,117.16
1074,0,2016-06-20 12:00:00,114.858
1074,0,2016-06-20 13:00:00,114.032
1074,0,2016-06-20 14:00:00,122.754
1074,0,2016-06-20 15:00:00,115.47
1074,0,2016-06-20 16:00:00,105.009
1074,0,2016-06-20 17:00:00,93.087
1074,0,2016-06-20 18:00:00,81.995
1074,0,2016-06-20 19:00:00,65.041
1074,0,2016-06-20 20:00:00,34.406
1074,0,2016-06-20 21:00:00,30.861
1074,0,2016-06-20 22:00:00,32.639
1074,0,2016-06-20 23:00:00,33.413000000000004
1074,0,2016-06-21 00:00:00,34.603
1074,0,2016-06-21 01:00:00,36.099
1074,0,2016-06-21 02:00:00,35.366
1074,0,2016-06-21 03:00:00,32.975
1074,0,2016-06-21 04:00:00,32.501999999999995
1074,0,2016-06-21 05:00:00,32.962
1074,0,2016-06-21 06:00:00,34.537
1074,0,2016-06-21 07:00:00,70.663
1074,0,2016-06-21 08:00:00,82.65700000000001
1074,0,2016-06-21 09:00:00,93.049
1074,0,2016-06-21 10:00:00,105.705
1074,0,2016-06-21 11:00:00,111.559
1074,0,2016-06-21 12:00:00,109.649
1074,0,2016-06-21 13:00:00,107.291
1074,0,2016-06-21 14:00:00,114.492
1074,0,2016-06-21 15:00:00,111.189
1074,0,2016-06-21 16:00:00,106.616
1074,0,2016-06-21 17:00:00,92.81
1074,0,2016-06-21 18:00:00,70.367
1074,0,2016-06-21 19:00:00,57.627
1074,0,2016-06-21 20:00:00,33.019
1074,0,2016-06-21 21:00:00,30.889
1074,0,2016-06-21 22:00:00,33.197
1074,0,2016-06-21 23:00:00,33.306
1074,0,2016-06-22 00:00:00,34.292
1074,0,2016-06-22 01:00:00,35.685
1074,0,2016-06-22 02:00:00,34.816
1074,0,2016-06-22 03:00:00,33.283
1074,0,2016-06-22 04:00:00,33.227
1074,0,2016-06-22 05:00:00,33.169000000000004
1074,0,2016-06-22 06:00:00,37.367
1074,0,2016-06-22 07:00:00,75.971
1074,0,2016-06-22 08:00:00,79.351
1074,0,2016-06-22 09:00:00,94.89
1074,0,2016-06-22 10:00:00,112.212
1074,0,2016-06-22 11:00:00,111.814
1074,0,2016-06-22 12:00:00,110.116
1074,0,2016-06-22 13:00:00,102.085
1074,0,2016-06-22 14:00:00,111.734
1074,0,2016-06-22 15:00:00,108.411
1074,0,2016-06-22 16:00:00,110.232
1074,0,2016-06-22 17:00:00,97.493
1074,0,2016-06-22 18:00:00,72.456
1074,0,2016-06-22 19:00:00,61.656000000000006
1074,0,2016-06-22 20:00:00,38.214
1074,0,2016-06-22 21:00:00,36.299
1074,0,2016-06-22 22:00:00,37.627
1074,0,2016-06-22 23:00:00,37.803
1074,0,2016-06-23 00:00:00,39.274
1074,0,2016-06-23 01:00:00,40.388000000000005
1074,0,2016-06-23 02:00:00,38.789
1074,0,2016-06-23 03:00:00,36.743
1074,0,2016-06-23 04:00:00,36.058
1074,0,2016-06-23 05:00:00,36.604
1074,0,2016-06-23 06:00:00,39.102
1074,0,2016-06-23 07:00:00,80.57300000000001
1074,0,2016-06-23 08:00:00,81.175
1074,0,2016-06-23 09:00:00,93.401
1074,0,2016-06-23 10:00:00,103.293
1074,0,2016-06-23 11:00:00,103.373
1074,0,2016-06-23 12:00:00,105.818
1074,0,2016-06-23 13:00:00,105.13
1074,0,2016-06-23 14:00:00,109.107
1074,0,2016-06-23 15:00:00,107.566
1074,0,2016-06-23 16:00:00,103.71
1074,0,2016-06-23 17:00:00,89.70299999999999
1074,0,2016-06-23 18:00:00,65.791
1074,0,2016-06-23 19:00:00,54.255
1074,0,2016-06-23 20:00:00,35.673
1074,0,2016-06-23 21:00:00,32.683
1074,0,2016-06-23 22:00:00,33.146
1074,0,2016-06-23 23:00:00,32.88
1074,0,2016-06-24 00:00:00,34.246
1074,0,2016-06-24 01:00:00,34.621
1074,0,2016-06-24 02:00:00,34.243
1074,0,2016-06-24 03:00:00,32.602
1074,0,2016-06-24 04:00:00,32.326
1074,0,2016-06-24 05:00:00,32.211
1074,0,2016-06-24 06:00:00,33.91
1074,0,2016-06-24 07:00:00,66.571
1074,0,2016-06-24 08:00:00,73.971
1074,0,2016-06-24 09:00:00,88.211
1074,0,2016-06-24 10:00:00,99.006
1074,0,2016-06-24 11:00:00,102.264
1074,0,2016-06-24 12:00:00,100.21
1074,0,2016-06-24 13:00:00,93.617
1074,0,2016-06-24 14:00:00,96.675
1074,0,2016-06-24 15:00:00,94.084
1074,0,2016-06-24 16:00:00,96.151
1074,0,2016-06-24 17:00:00,83.774
1074,0,2016-06-24 18:00:00,58.424
1074,0,2016-06-24 19:00:00,44.093
1074,0,2016-06-24 20:00:00,35.784
1074,0,2016-06-24 21:00:00,34.156
1074,0,2016-06-24 22:00:00,35.282
1074,0,2016-06-24 23:00:00,36.506
1074,0,2016-06-25 00:00:00,37.597
1074,0,2016-06-25 01:00:00,39.017
1074,0,2016-06-25 02:00:00,37.92
1074,0,2016-06-25 03:00:00,36.479
1074,0,2016-06-25 04:00:00,35.088
1074,0,2016-06-25 05:00:00,35.431
1074,0,2016-06-25 06:00:00,36.471
1074,0,2016-06-25 07:00:00,36.092
1074,0,2016-06-25 08:00:00,35.31
1074,0,2016-06-25 09:00:00,33.107
1074,0,2016-06-25 10:00:00,33.988
1074,0,2016-06-25 11:00:00,33.484
1074,0,2016-06-25 12:00:00,33.465
1074,0,2016-06-25 13:00:00,33.84
1074,0,2016-06-25 14:00:00,34.216
1074,0,2016-06-25 15:00:00,34.67
1074,0,2016-06-25 16:00:00,35.826
1074,0,2016-06-25 17:00:00,35.156
1074,0,2016-06-25 18:00:00,35.119
1074,0,2016-06-25 19:00:00,35.8
1074,0,2016-06-25 20:00:00,35.161
1074,0,2016-06-25 21:00:00,35.34
1074,0,2016-06-25 22:00:00,37.016
1074,0,2016-06-25 23:00:00,37.291
1074,0,2016-06-26 00:00:00,38.5
1074,0,2016-06-26 01:00:00,39.343
1074,0,2016-06-26 02:00:00,38.612
1074,0,2016-06-26 03:00:00,36.678
1074,0,2016-06-26 04:00:00,35.664
1074,0,2016-06-26 05:00:00,36.006
1074,0,2016-06-26 06:00:00,37.268
1074,0,2016-06-26 07:00:00,36.408
1074,0,2016-06-26 08:00:00,35.598
1074,0,2016-06-26 09:00:00,34.086
1074,0,2016-06-26 10:00:00,33.553000000000004
1074,0,2016-06-26 11:00:00,33.888000000000005
1074,0,2016-06-26 12:00:00,33.865
1074,0,2016-06-26 13:00:00,34.212
1074,0,2016-06-26 14:00:00,35.433
1074,0,2016-06-26 15:00:00,35.331
1074,0,2016-06-26 16:00:00,35.005
1074,0,2016-06-26 17:00:00,48.898
1074,0,2016-06-26 18:00:00,53.571000000000005
1074,0,2016-06-26 19:00:00,54.992
1074,0,2016-06-26 20:00:00,54.073
1074,0,2016-06-26 21:00:00,51.003
1074,0,2016-06-26 22:00:00,48.638000000000005
1074,0,2016-06-26 23:00:00,49.17100000000001
1074,0,2016-06-27 00:00:00,51.313
1074,0,2016-06-27 01:00:00,50.381
1074,0,2016-06-27 02:00:00,49.235
1074,0,2016-06-27 03:00:00,46.526
1074,0,2016-06-27 04:00:00,45.065
1074,0,2016-06-27 05:00:00,45.448
1074,0,2016-06-27 06:00:00,58.145
1074,0,2016-06-27 07:00:00,77.985
1074,0,2016-06-27 08:00:00,76.00399999999999
1074,0,2016-06-27 09:00:00,94.045
1074,0,2016-06-27 10:00:00,108.87
1074,0,2016-06-27 11:00:00,109.936
1074,0,2016-06-27 12:00:00,112.333
1074,0,2016-06-27 13:00:00,112.577
1074,0,2016-06-27 14:00:00,115.929
1074,0,2016-06-27 15:00:00,115.497
1074,0,2016-06-27 16:00:00,106.114
1074,0,2016-06-27 17:00:00,89.015
1074,0,2016-06-27 18:00:00,74.565
1074,0,2016-06-27 19:00:00,64.166
1074,0,2016-06-27 20:00:00,40.744
1074,0,2016-06-27 21:00:00,42.273
1074,0,2016-06-27 22:00:00,61.516000000000005
1074,0,2016-06-27 23:00:00,57.016000000000005
1074,0,2016-06-28 00:00:00,58.155
1074,0,2016-06-28 01:00:00,57.836000000000006
1074,0,2016-06-28 02:00:00,55.624
1074,0,2016-06-28 03:00:00,52.176
1074,0,2016-06-28 04:00:00,52.128
1074,0,2016-06-28 05:00:00,51.237
1074,0,2016-06-28 06:00:00,52.369
1074,0,2016-06-28 07:00:00,67.65
1074,0,2016-06-28 08:00:00,73.782
1074,0,2016-06-28 09:00:00,83.495
1074,0,2016-06-28 10:00:00,94.437
1074,0,2016-06-28 11:00:00,116.16
1074,0,2016-06-28 12:00:00,104.109
1074,0,2016-06-28 13:00:00,96.957
1074,0,2016-06-28 14:00:00,106.569
1074,0,2016-06-28 15:00:00,103.687
1074,0,2016-06-28 16:00:00,97.718
1074,0,2016-06-28 17:00:00,82.652
1074,0,2016-06-28 18:00:00,61.819
1074,0,2016-06-28 19:00:00,61.732
1074,0,2016-06-28 20:00:00,44.018
1074,0,2016-06-28 21:00:00,39.868
1074,0,2016-06-28 22:00:00,38.893
1074,0,2016-06-28 23:00:00,41.534
1074,0,2016-06-29 00:00:00,44.157
1074,0,2016-06-29 01:00:00,42.221
1074,0,2016-06-29 02:00:00,40.852
1074,0,2016-06-29 03:00:00,39.196
1074,0,2016-06-29 04:00:00,36.903
1074,0,2016-06-29 05:00:00,35.759
1074,0,2016-06-29 06:00:00,37.678
1074,0,2016-06-29 07:00:00,71.774
1074,0,2016-06-29 08:00:00,75.88600000000001
1074,0,2016-06-29 09:00:00,95.77
1074,0,2016-06-29 10:00:00,106.641
1074,0,2016-06-29 11:00:00,109.894
1074,0,2016-06-29 12:00:00,111.233
1074,0,2016-06-29 13:00:00,102.33
1074,0,2016-06-29 14:00:00,104.82
1074,0,2016-06-29 15:00:00,104.829
1074,0,2016-06-29 16:00:00,103.807
1074,0,2016-06-29 17:00:00,86.751
1074,0,2016-06-29 18:00:00,69.03
1074,0,2016-06-29 19:00:00,62.747
1074,0,2016-06-29 20:00:00,45.568000000000005
1074,0,2016-06-29 21:00:00,39.775
1074,0,2016-06-29 22:00:00,39.702
1074,0,2016-06-29 23:00:00,38.823
1074,0,2016-06-30 00:00:00,40.559
1074,0,2016-06-30 01:00:00,40.696
1074,0,2016-06-30 02:00:00,39.889
1074,0,2016-06-30 03:00:00,37.642
1074,0,2016-06-30 04:00:00,37.435
1074,0,2016-06-30 05:00:00,36.933
1074,0,2016-06-30 06:00:00,38.703
1074,0,2016-06-30 07:00:00,69.305
1074,0,2016-06-30 08:00:00,70.064
1074,0,2016-06-30 09:00:00,77.581
1074,0,2016-06-30 10:00:00,95.167
1074,0,2016-06-30 11:00:00,98.138
1074,0,2016-06-30 12:00:00,101.506
1074,0,2016-06-30 13:00:00,98.101
1074,0,2016-06-30 14:00:00,97.661
1074,0,2016-06-30 15:00:00,97.266
1074,0,2016-06-30 16:00:00,93.271
1074,0,2016-06-30 17:00:00,85.545
1074,0,2016-06-30 18:00:00,65.422
1074,0,2016-06-30 19:00:00,57.823
1074,0,2016-06-30 20:00:00,42.404
1074,0,2016-06-30 21:00:00,38.278
1074,0,2016-06-30 22:00:00,39.288
1074,0,2016-06-30 23:00:00,38.945
1074,0,2016-07-01 00:00:00,41.149
1074,0,2016-07-01 01:00:00,41.455
1074,0,2016-07-01 02:00:00,40.064
1074,0,2016-07-01 03:00:00,37.549
1074,0,2016-07-01 04:00:00,37.582
1074,0,2016-07-01 05:00:00,37.515
1074,0,2016-07-01 06:00:00,39.544
1074,0,2016-07-01 07:00:00,64.97399999999999
1074,0,2016-07-01 08:00:00,69.62
1074,0,2016-07-01 09:00:00,81.345
1074,0,2016-07-01 10:00:00,97.555
1074,0,2016-07-01 11:00:00,97.32
1074,0,2016-07-01 12:00:00,109.45
1074,0,2016-07-01 13:00:00,91.565
1074,0,2016-07-01 14:00:00,94.99
1074,0,2016-07-01 15:00:00,95.098
1074,0,2016-07-01 16:00:00,89.344
1074,0,2016-07-01 17:00:00,69.861
1074,0,2016-07-01 18:00:00,49.092
1074,0,2016-07-01 19:00:00,37.089
1074,0,2016-07-01 20:00:00,31.187
1074,0,2016-07-01 21:00:00,30.54
1074,0,2016-07-01 22:00:00,30.138
1074,0,2016-07-01 23:00:00,31.562
1074,0,2016-07-02 00:00:00,32.798
1074,0,2016-07-02 01:00:00,33.336
1074,0,2016-07-02 02:00:00,32.92
1074,0,2016-07-02 03:00:00,31.123
1074,0,2016-07-02 04:00:00,30.634
1074,0,2016-07-02 05:00:00,30.834
1074,0,2016-07-02 06:00:00,32.483000000000004
1074,0,2016-07-02 07:00:00,30.94
1074,0,2016-07-02 08:00:00,30.149
1074,0,2016-07-02 09:00:00,28.587
1074,0,2016-07-02 10:00:00,28.394
1074,0,2016-07-02 11:00:00,28.748
1074,0,2016-07-02 12:00:00,28.63
1074,0,2016-07-02 13:00:00,28.581
1074,0,2016-07-02 14:00:00,28.923
1074,0,2016-07-02 15:00:00,28.539
1074,0,2016-07-02 16:00:00,27.91
1074,0,2016-07-02 17:00:00,27.622
1074,0,2016-07-02 18:00:00,27.665
1074,0,2016-07-02 19:00:00,28.085
1074,0,2016-07-02 20:00:00,27.557
1074,0,2016-07-02 21:00:00,27.769
1074,0,2016-07-02 22:00:00,29.638
1074,0,2016-07-02 23:00:00,30.323
1074,0,2016-07-03 00:00:00,31.613000000000003
1074,0,2016-07-03 01:00:00,33.125
1074,0,2016-07-03 02:00:00,32.092
1074,0,2016-07-03 03:00:00,30.397
1074,0,2016-07-03 04:00:00,30.331
1074,0,2016-07-03 05:00:00,30.27
1074,0,2016-07-03 06:00:00,31.247
1074,0,2016-07-03 07:00:00,30.218000000000004
1074,0,2016-07-03 08:00:00,29.672
1074,0,2016-07-03 09:00:00,28.119
1074,0,2016-07-03 10:00:00,27.928
1074,0,2016-07-03 11:00:00,27.738000000000003
1074,0,2016-07-03 12:00:00,28.283
1074,0,2016-07-03 13:00:00,28.136
1074,0,2016-07-03 14:00:00,28.165
1074,0,2016-07-03 15:00:00,28.238000000000003
1074,0,2016-07-03 16:00:00,28.091
1074,0,2016-07-03 17:00:00,28.053
1074,0,2016-07-03 18:00:00,27.787
1074,0,2016-07-03 19:00:00,28.019
1074,0,2016-07-03 20:00:00,27.734
1074,0,2016-07-03 21:00:00,28.018
1074,0,2016-07-03 22:00:00,29.875
1074,0,2016-07-03 23:00:00,31.268
1074,0,2016-07-04 00:00:00,32.312
1074,0,2016-07-04 01:00:00,33.376
1074,0,2016-07-04 02:00:00,32.721
1074,0,2016-07-04 03:00:00,31.183000000000003
1074,0,2016-07-04 04:00:00,30.496
1074,0,2016-07-04 05:00:00,30.844
1074,0,2016-07-04 06:00:00,45.029
1074,0,2016-07-04 07:00:00,49.892
1074,0,2016-07-04 08:00:00,44.141000000000005
1074,0,2016-07-04 09:00:00,38.377
1074,0,2016-07-04 10:00:00,38.331
1074,0,2016-07-04 11:00:00,37.695
1074,0,2016-07-04 12:00:00,37.091
1074,0,2016-07-04 13:00:00,36.968
1074,0,2016-07-04 14:00:00,37.26
1074,0,2016-07-04 15:00:00,37.244
1074,0,2016-07-04 16:00:00,37.141
1074,0,2016-07-04 17:00:00,37.093
1074,0,2016-07-04 18:00:00,37.215
1074,0,2016-07-04 19:00:00,33.762
1074,0,2016-07-04 20:00:00,28.741
1074,0,2016-07-04 21:00:00,29.04
1074,0,2016-07-04 22:00:00,30.181
1074,0,2016-07-04 23:00:00,31.613000000000003
1074,0,2016-07-05 00:00:00,32.015
1074,0,2016-07-05 01:00:00,33.117
1074,0,2016-07-05 02:00:00,32.301
1074,0,2016-07-05 03:00:00,30.881
1074,0,2016-07-05 04:00:00,30.707
1074,0,2016-07-05 05:00:00,30.8
1074,0,2016-07-05 06:00:00,33.169000000000004
1074,0,2016-07-05 07:00:00,74.34899999999999
1074,0,2016-07-05 08:00:00,72.378
1074,0,2016-07-05 09:00:00,93.619
1074,0,2016-07-05 10:00:00,102.699
1074,0,2016-07-05 11:00:00,104.629
1074,0,2016-07-05 12:00:00,107.575
1074,0,2016-07-05 13:00:00,104.892
1074,0,2016-07-05 14:00:00,124.377
1074,0,2016-07-05 15:00:00,121.616
1074,0,2016-07-05 16:00:00,112.609
1074,0,2016-07-05 17:00:00,96.508
1074,0,2016-07-05 18:00:00,96.508
1074,0,2016-07-05 19:00:00,96.508
1074,0,2016-07-05 20:00:00,40.379
1074,0,2016-07-05 21:00:00,38.16
1074,0,2016-07-05 22:00:00,37.378
1074,0,2016-07-05 23:00:00,37.819
1074,0,2016-07-06 00:00:00,39.061
1074,0,2016-07-06 01:00:00,40.563
1074,0,2016-07-06 02:00:00,39.522
1074,0,2016-07-06 03:00:00,37.678
1074,0,2016-07-06 04:00:00,37.602
1074,0,2016-07-06 05:00:00,37.665
1074,0,2016-07-06 06:00:00,40.16
1074,0,2016-07-06 07:00:00,76.125
1074,0,2016-07-06 08:00:00,82.494
1074,0,2016-07-06 09:00:00,101.714
1074,0,2016-07-06 10:00:00,112.724
1074,0,2016-07-06 11:00:00,115.501
1074,0,2016-07-06 12:00:00,115.14
1074,0,2016-07-06 13:00:00,107.21
1074,0,2016-07-06 14:00:00,113.972
1074,0,2016-07-06 15:00:00,111.073
1074,0,2016-07-06 16:00:00,106.016
1074,0,2016-07-06 17:00:00,92.49
1074,0,2016-07-06 18:00:00,78.265
1074,0,2016-07-06 19:00:00,66.583
1074,0,2016-07-06 20:00:00,36.418
1074,0,2016-07-06 21:00:00,33.128
1074,0,2016-07-06 22:00:00,34.942
1074,0,2016-07-06 23:00:00,35.123000000000005
1074,0,2016-07-07 00:00:00,36.471
1074,0,2016-07-07 01:00:00,37.188
1074,0,2016-07-07 02:00:00,36.802
1074,0,2016-07-07 03:00:00,34.849000000000004
1074,0,2016-07-07 04:00:00,34.468
1074,0,2016-07-07 05:00:00,35.187
1074,0,2016-07-07 06:00:00,37.591
1074,0,2016-07-07 07:00:00,79.452
1074,0,2016-07-07 08:00:00,75.233
1074,0,2016-07-07 09:00:00,99.197
1074,0,2016-07-07 10:00:00,108.302
1074,0,2016-07-07 11:00:00,111.33
1074,0,2016-07-07 12:00:00,112.208
1074,0,2016-07-07 13:00:00,103.485
1074,0,2016-07-07 14:00:00,118.089
1074,0,2016-07-07 15:00:00,113.959
1074,0,2016-07-07 16:00:00,107.786
1074,0,2016-07-07 17:00:00,89.816
1074,0,2016-07-07 18:00:00,68.767
1074,0,2016-07-07 19:00:00,58.315
1074,0,2016-07-07 20:00:00,36.28
1074,0,2016-07-07 21:00:00,34.209
1074,0,2016-07-07 22:00:00,35.891
1074,0,2016-07-07 23:00:00,36.539
1074,0,2016-07-08 00:00:00,38.186
1074,0,2016-07-08 01:00:00,39.712
1074,0,2016-07-08 02:00:00,38.47
1074,0,2016-07-08 03:00:00,36.169
1074,0,2016-07-08 04:00:00,36.275
1074,0,2016-07-08 05:00:00,35.576
1074,0,2016-07-08 06:00:00,37.789
1074,0,2016-07-08 07:00:00,76.99
1074,0,2016-07-08 08:00:00,74.17399999999999
1074,0,2016-07-08 09:00:00,97.583
1074,0,2016-07-08 10:00:00,113.3
1074,0,2016-07-08 11:00:00,112.965
1074,0,2016-07-08 12:00:00,111.236
1074,0,2016-07-08 13:00:00,101.448
1074,0,2016-07-08 14:00:00,103.361
1074,0,2016-07-08 15:00:00,102.496
1074,0,2016-07-08 16:00:00,97.89
1074,0,2016-07-08 17:00:00,83.756
1074,0,2016-07-08 18:00:00,56.445
1074,0,2016-07-08 19:00:00,42.287
1074,0,2016-07-08 20:00:00,34.711
1074,0,2016-07-08 21:00:00,33.678000000000004
1074,0,2016-07-08 22:00:00,35.365
1074,0,2016-07-08 23:00:00,36.195
1074,0,2016-07-09 00:00:00,38.09
1074,0,2016-07-09 01:00:00,38.324
1074,0,2016-07-09 02:00:00,37.676
1074,0,2016-07-09 03:00:00,35.597
1074,0,2016-07-09 04:00:00,35.269
1074,0,2016-07-09 05:00:00,35.53
1074,0,2016-07-09 06:00:00,36.76
1074,0,2016-07-09 07:00:00,35.254
1074,0,2016-07-09 08:00:00,35.379
1074,0,2016-07-09 09:00:00,33.094
1074,0,2016-07-09 10:00:00,33.272
1074,0,2016-07-09 11:00:00,32.972
1074,0,2016-07-09 12:00:00,33.554
1074,0,2016-07-09 13:00:00,34.354
1074,0,2016-07-09 14:00:00,33.473
1074,0,2016-07-09 15:00:00,34.165
1074,0,2016-07-09 16:00:00,34.618
1074,0,2016-07-09 17:00:00,34.732
1074,0,2016-07-09 18:00:00,34.514
1074,0,2016-07-09 19:00:00,35.205
1074,0,2016-07-09 20:00:00,35.231
1074,0,2016-07-09 21:00:00,34.371
1074,0,2016-07-09 22:00:00,35.882
1074,0,2016-07-09 23:00:00,36.295
1074,0,2016-07-10 00:00:00,37.533
1074,0,2016-07-10 01:00:00,39.145
1074,0,2016-07-10 02:00:00,38.003
1074,0,2016-07-10 03:00:00,36.223
1074,0,2016-07-10 04:00:00,35.375
1074,0,2016-07-10 05:00:00,35.479
1074,0,2016-07-10 06:00:00,37.807
1074,0,2016-07-10 07:00:00,37.812
1074,0,2016-07-10 08:00:00,37.142
1074,0,2016-07-10 09:00:00,34.561
1074,0,2016-07-10 10:00:00,33.539
1074,0,2016-07-10 11:00:00,33.661
1074,0,2016-07-10 12:00:00,34.154
1074,0,2016-07-10 13:00:00,34.015
1074,0,2016-07-10 14:00:00,34.239000000000004
1074,0,2016-07-10 15:00:00,34.18
1074,0,2016-07-10 16:00:00,34.044000000000004
1074,0,2016-07-10 17:00:00,34.539
1074,0,2016-07-10 18:00:00,35.054
1074,0,2016-07-10 19:00:00,34.721
1074,0,2016-07-10 20:00:00,34.395
1074,0,2016-07-10 21:00:00,35.233000000000004
1074,0,2016-07-10 22:00:00,36.687
1074,0,2016-07-10 23:00:00,36.94
1074,0,2016-07-11 00:00:00,38.781
1074,0,2016-07-11 01:00:00,39.326
1074,0,2016-07-11 02:00:00,38.891
1074,0,2016-07-11 03:00:00,36.649
1074,0,2016-07-11 04:00:00,36.39
1074,0,2016-07-11 05:00:00,35.479
1074,0,2016-07-11 06:00:00,50.219
1074,0,2016-07-11 07:00:00,84.14
1074,0,2016-07-11 08:00:00,92.115
1074,0,2016-07-11 09:00:00,110.06
1074,0,2016-07-11 10:00:00,116.705
1074,0,2016-07-11 11:00:00,121.867
1074,0,2016-07-11 12:00:00,119.848
1074,0,2016-07-11 13:00:00,122.99
1074,0,2016-07-11 14:00:00,126.182
1074,0,2016-07-11 15:00:00,125.25
1074,0,2016-07-11 16:00:00,122.415
1074,0,2016-07-11 17:00:00,108.029
1074,0,2016-07-11 18:00:00,78.751
1074,0,2016-07-11 19:00:00,71.829
1074,0,2016-07-11 20:00:00,39.373000000000005
1074,0,2016-07-11 21:00:00,36.101
1074,0,2016-07-11 22:00:00,37.164
1074,0,2016-07-11 23:00:00,38.07
1074,0,2016-07-12 00:00:00,39.337
1074,0,2016-07-12 01:00:00,40.137
1074,0,2016-07-12 02:00:00,38.492
1074,0,2016-07-12 03:00:00,36.223
1074,0,2016-07-12 04:00:00,36.341
1074,0,2016-07-12 05:00:00,35.424
1074,0,2016-07-12 06:00:00,37.892
1074,0,2016-07-12 07:00:00,79.581
1074,0,2016-07-12 08:00:00,83.434
1074,0,2016-07-12 09:00:00,100.629
1074,0,2016-07-12 10:00:00,111.355
1074,0,2016-07-12 11:00:00,120.073
1074,0,2016-07-12 12:00:00,121.162
1074,0,2016-07-12 13:00:00,116.067
1074,0,2016-07-12 14:00:00,121.516
1074,0,2016-07-12 15:00:00,117.975
1074,0,2016-07-12 16:00:00,110.716
1074,0,2016-07-12 17:00:00,102.536
1074,0,2016-07-12 18:00:00,82.22
1074,0,2016-07-12 19:00:00,72.999
1074,0,2016-07-12 20:00:00,42.357
1074,0,2016-07-12 21:00:00,38.767
1074,0,2016-07-12 22:00:00,38.04
1074,0,2016-07-12 23:00:00,37.106
1074,0,2016-07-13 00:00:00,38.901
1074,0,2016-07-13 01:00:00,37.45
1074,0,2016-07-13 02:00:00,36.464
1074,0,2016-07-13 03:00:00,34.191
1074,0,2016-07-13 04:00:00,33.759
1074,0,2016-07-13 05:00:00,33.834
1074,0,2016-07-13 06:00:00,36.779
1074,0,2016-07-13 07:00:00,79.584
1074,0,2016-07-13 08:00:00,81.104
1074,0,2016-07-13 09:00:00,100.102
1074,0,2016-07-13 10:00:00,116.834
1074,0,2016-07-13 11:00:00,119.42
1074,0,2016-07-13 12:00:00,119.608
1074,0,2016-07-13 13:00:00,110.654
1074,0,2016-07-13 14:00:00,113.008
1074,0,2016-07-13 15:00:00,112.18
1074,0,2016-07-13 16:00:00,108.905
1074,0,2016-07-13 17:00:00,96.35
1074,0,2016-07-13 18:00:00,79.07300000000001
1074,0,2016-07-13 19:00:00,67.096
1074,0,2016-07-13 20:00:00,41.099
1074,0,2016-07-13 21:00:00,36.612
1074,0,2016-07-13 22:00:00,36.771
1074,0,2016-07-13 23:00:00,37.49
1074,0,2016-07-14 00:00:00,40.506
1074,0,2016-07-14 01:00:00,41.441
1074,0,2016-07-14 02:00:00,39.85
1074,0,2016-07-14 03:00:00,37.284
1074,0,2016-07-14 04:00:00,37.086
1074,0,2016-07-14 05:00:00,36.621
1074,0,2016-07-14 06:00:00,39.893
1074,0,2016-07-14 07:00:00,78.079
1074,0,2016-07-14 08:00:00,76.533
1074,0,2016-07-14 09:00:00,89.235
1074,0,2016-07-14 10:00:00,103.92
1074,0,2016-07-14 11:00:00,108.865
1074,0,2016-07-14 12:00:00,100.243
1074,0,2016-07-14 13:00:00,98.369
1074,0,2016-07-14 14:00:00,102.354
1074,0,2016-07-14 15:00:00,104.509
1074,0,2016-07-14 16:00:00,98.193
1074,0,2016-07-14 17:00:00,84.971
1074,0,2016-07-14 18:00:00,66.964
1074,0,2016-07-14 19:00:00,58.89
1074,0,2016-07-14 20:00:00,35.232
1074,0,2016-07-14 21:00:00,34.313
1074,0,2016-07-14 22:00:00,34.746
1074,0,2016-07-14 23:00:00,35.097
1074,0,2016-07-15 00:00:00,37.124
1074,0,2016-07-15 01:00:00,38.353
1074,0,2016-07-15 02:00:00,37.361
1074,0,2016-07-15 03:00:00,35.962
1074,0,2016-07-15 04:00:00,35.387
1074,0,2016-07-15 05:00:00,35.462
1074,0,2016-07-15 06:00:00,37.853
1074,0,2016-07-15 07:00:00,75.26100000000001
1074,0,2016-07-15 08:00:00,70.01
1074,0,2016-07-15 09:00:00,92.646
1074,0,2016-07-15 10:00:00,104.134
1074,0,2016-07-15 11:00:00,104.917
1074,0,2016-07-15 12:00:00,102.587
1074,0,2016-07-15 13:00:00,94.351
1074,0,2016-07-15 14:00:00,100.957
1074,0,2016-07-15 15:00:00,95.456
1074,0,2016-07-15 16:00:00,92.589
1074,0,2016-07-15 17:00:00,78.36
1074,0,2016-07-15 18:00:00,57.637
1074,0,2016-07-15 19:00:00,42.723
1074,0,2016-07-15 20:00:00,32.832
1074,0,2016-07-15 21:00:00,32.524
1074,0,2016-07-15 22:00:00,33.06
1074,0,2016-07-15 23:00:00,34.295
1074,0,2016-07-16 00:00:00,35.469
1074,0,2016-07-16 01:00:00,36.82
1074,0,2016-07-16 02:00:00,36.268
1074,0,2016-07-16 03:00:00,35.431999999999995
1074,0,2016-07-16 04:00:00,34.584
1074,0,2016-07-16 05:00:00,34.703
1074,0,2016-07-16 06:00:00,34.994
1074,0,2016-07-16 07:00:00,33.694
1074,0,2016-07-16 08:00:00,32.736999999999995
1074,0,2016-07-16 09:00:00,30.773000000000003
1074,0,2016-07-16 10:00:00,31.065
1074,0,2016-07-16 11:00:00,31.033
1074,0,2016-07-16 12:00:00,30.969
1074,0,2016-07-16 13:00:00,30.889
1074,0,2016-07-16 14:00:00,31.619
1074,0,2016-07-16 15:00:00,32.383
1074,0,2016-07-16 16:00:00,32.674
1074,0,2016-07-16 17:00:00,31.322
1074,0,2016-07-16 18:00:00,32.422
1074,0,2016-07-16 19:00:00,32.747
1074,0,2016-07-16 20:00:00,31.947
1074,0,2016-07-16 21:00:00,32.567
1074,0,2016-07-16 22:00:00,33.788000000000004
1074,0,2016-07-16 23:00:00,33.731
1074,0,2016-07-17 00:00:00,35.812
1074,0,2016-07-17 01:00:00,37.453
1074,0,2016-07-17 02:00:00,35.474000000000004
1074,0,2016-07-17 03:00:00,34.363
1074,0,2016-07-17 04:00:00,34.171
1074,0,2016-07-17 05:00:00,34.421
1074,0,2016-07-17 06:00:00,35.0
1074,0,2016-07-17 07:00:00,35.047
1074,0,2016-07-17 08:00:00,32.753
1074,0,2016-07-17 09:00:00,31.841
1074,0,2016-07-17 10:00:00,32.573
1074,0,2016-07-17 11:00:00,31.823
1074,0,2016-07-17 12:00:00,32.365
1074,0,2016-07-17 13:00:00,32.738
1074,0,2016-07-17 14:00:00,32.71
1074,0,2016-07-17 15:00:00,34.592
1074,0,2016-07-17 16:00:00,33.812
1074,0,2016-07-17 17:00:00,32.626
1074,0,2016-07-17 18:00:00,32.906
1074,0,2016-07-17 19:00:00,36.132
1074,0,2016-07-17 20:00:00,34.911
1074,0,2016-07-17 21:00:00,35.604
1074,0,2016-07-17 22:00:00,35.579
1074,0,2016-07-17 23:00:00,35.408
1074,0,2016-07-18 00:00:00,37.65
1074,0,2016-07-18 01:00:00,38.518
1074,0,2016-07-18 02:00:00,36.663
1074,0,2016-07-18 03:00:00,35.004
1074,0,2016-07-18 04:00:00,33.685
1074,0,2016-07-18 05:00:00,34.488
1074,0,2016-07-18 06:00:00,48.752
1074,0,2016-07-18 07:00:00,85.095
1074,0,2016-07-18 08:00:00,80.325
1074,0,2016-07-18 09:00:00,104.511
1074,0,2016-07-18 10:00:00,120.062
1074,0,2016-07-18 11:00:00,127.383
1074,0,2016-07-18 12:00:00,129.876
1074,0,2016-07-18 13:00:00,123.351
1074,0,2016-07-18 14:00:00,128.696
1074,0,2016-07-18 15:00:00,125.174
1074,0,2016-07-18 16:00:00,122.455
1074,0,2016-07-18 17:00:00,106.056
1074,0,2016-07-18 18:00:00,82.94200000000001
1074,0,2016-07-18 19:00:00,71.531
1074,0,2016-07-18 20:00:00,40.442
1074,0,2016-07-18 21:00:00,37.215
1074,0,2016-07-18 22:00:00,38.912
1074,0,2016-07-18 23:00:00,39.836
1074,0,2016-07-19 00:00:00,41.051
1074,0,2016-07-19 01:00:00,41.694
1074,0,2016-07-19 02:00:00,41.02
1074,0,2016-07-19 03:00:00,39.001
1074,0,2016-07-19 04:00:00,37.45
1074,0,2016-07-19 05:00:00,37.482
1074,0,2016-07-19 06:00:00,38.467
1074,0,2016-07-19 07:00:00,77.993
1074,0,2016-07-19 08:00:00,85.117
1074,0,2016-07-19 09:00:00,102.597
1074,0,2016-07-19 10:00:00,112.582
1074,0,2016-07-19 11:00:00,123.836
1074,0,2016-07-19 12:00:00,126.402
1074,0,2016-07-19 13:00:00,120.542
1074,0,2016-07-19 14:00:00,130.459
1074,0,2016-07-19 15:00:00,128.58700000000002
1074,0,2016-07-19 16:00:00,125.024
1074,0,2016-07-19 17:00:00,108.767
1074,0,2016-07-19 18:00:00,91.537
1074,0,2016-07-19 19:00:00,78.583
1074,0,2016-07-19 20:00:00,56.109
1074,0,2016-07-19 21:00:00,49.976000000000006
1074,0,2016-07-19 22:00:00,48.688
1074,0,2016-07-19 23:00:00,49.127
1074,0,2016-07-20 00:00:00,49.781000000000006
1074,0,2016-07-20 01:00:00,50.459
1074,0,2016-07-20 02:00:00,49.522
1074,0,2016-07-20 03:00:00,47.066
1074,0,2016-07-20 04:00:00,47.014
1074,0,2016-07-20 05:00:00,45.359
1074,0,2016-07-20 06:00:00,48.74
1074,0,2016-07-20 07:00:00,72.262
1074,0,2016-07-20 08:00:00,80.55
1074,0,2016-07-20 09:00:00,94.484
1074,0,2016-07-20 10:00:00,107.34
1074,0,2016-07-20 11:00:00,114.141
1074,0,2016-07-20 12:00:00,110.978
1074,0,2016-07-20 13:00:00,107.389
1074,0,2016-07-20 14:00:00,111.949
1074,0,2016-07-20 15:00:00,115.429
1074,0,2016-07-20 16:00:00,112.525
1074,0,2016-07-20 17:00:00,94.706
1074,0,2016-07-20 18:00:00,80.52
1074,0,2016-07-20 19:00:00,75.907
1074,0,2016-07-20 20:00:00,64.422
1074,0,2016-07-20 21:00:00,60.512
1074,0,2016-07-20 22:00:00,61.826
1074,0,2016-07-20 23:00:00,62.324
1074,0,2016-07-21 00:00:00,61.49100000000001
1074,0,2016-07-21 01:00:00,57.25899999999999
1074,0,2016-07-21 02:00:00,58.037
1074,0,2016-07-21 03:00:00,57.016000000000005
1074,0,2016-07-21 04:00:00,52.664
1074,0,2016-07-21 05:00:00,49.932
1074,0,2016-07-21 06:00:00,50.785
1074,0,2016-07-21 07:00:00,61.589
1074,0,2016-07-21 08:00:00,67.02600000000001
1074,0,2016-07-21 09:00:00,85.791
1074,0,2016-07-21 10:00:00,97.168
1074,0,2016-07-21 11:00:00,103.914
1074,0,2016-07-21 12:00:00,109.476
1074,0,2016-07-21 13:00:00,105.319
1074,0,2016-07-21 14:00:00,109.066
1074,0,2016-07-21 15:00:00,108.292
1074,0,2016-07-21 16:00:00,101.057
1074,0,2016-07-21 17:00:00,85.46600000000001
1074,0,2016-07-21 18:00:00,71.501
1074,0,2016-07-21 19:00:00,65.976
1074,0,2016-07-21 20:00:00,55.86600000000001
1074,0,2016-07-21 21:00:00,54.795
1074,0,2016-07-21 22:00:00,54.232
1074,0,2016-07-21 23:00:00,54.175
1074,0,2016-07-22 00:00:00,56.607
1074,0,2016-07-22 01:00:00,55.666
1074,0,2016-07-22 02:00:00,52.242
1074,0,2016-07-22 03:00:00,49.74
1074,0,2016-07-22 04:00:00,47.194
1074,0,2016-07-22 05:00:00,46.516000000000005
1074,0,2016-07-22 06:00:00,49.486
1074,0,2016-07-22 07:00:00,61.136
1074,0,2016-07-22 08:00:00,63.576
1074,0,2016-07-22 09:00:00,79.994
1074,0,2016-07-22 10:00:00,95.224
1074,0,2016-07-22 11:00:00,100.609
1074,0,2016-07-22 12:00:00,95.434
1074,0,2016-07-22 13:00:00,96.675
1074,0,2016-07-22 14:00:00,93.874
1074,0,2016-07-22 15:00:00,93.496
1074,0,2016-07-22 16:00:00,87.67299999999999
1074,0,2016-07-22 17:00:00,81.814
1074,0,2016-07-22 18:00:00,67.057
1074,0,2016-07-22 19:00:00,61.694
1074,0,2016-07-22 20:00:00,60.369
1074,0,2016-07-22 21:00:00,58.369
1074,0,2016-07-22 22:00:00,57.589
1074,0,2016-07-22 23:00:00,57.137
1074,0,2016-07-23 00:00:00,57.556
1074,0,2016-07-23 01:00:00,56.963
1074,0,2016-07-23 02:00:00,55.048
1074,0,2016-07-23 03:00:00,52.034
1074,0,2016-07-23 04:00:00,50.261
1074,0,2016-07-23 05:00:00,49.392
1074,0,2016-07-23 06:00:00,50.308
1074,0,2016-07-23 07:00:00,48.653
1074,0,2016-07-23 08:00:00,48.212
1074,0,2016-07-23 09:00:00,57.898
1074,0,2016-07-23 10:00:00,58.367
1074,0,2016-07-23 11:00:00,62.246
1074,0,2016-07-23 12:00:00,65.283
1074,0,2016-07-23 13:00:00,69.355
1074,0,2016-07-23 14:00:00,70.044
1074,0,2016-07-23 15:00:00,70.797
1074,0,2016-07-23 16:00:00,66.926
1074,0,2016-07-23 17:00:00,61.418
1074,0,2016-07-23 18:00:00,62.112
1074,0,2016-07-23 19:00:00,62.56399999999999
1074,0,2016-07-23 20:00:00,63.424
1074,0,2016-07-23 21:00:00,61.626000000000005
1074,0,2016-07-23 22:00:00,49.952
1074,0,2016-07-23 23:00:00,47.606
1074,0,2016-07-24 00:00:00,49.581
1074,0,2016-07-24 01:00:00,51.089
1074,0,2016-07-24 02:00:00,50.295
1074,0,2016-07-24 03:00:00,47.809
1074,0,2016-07-24 04:00:00,47.658
1074,0,2016-07-24 05:00:00,47.123000000000005
1074,0,2016-07-24 06:00:00,48.29600000000001
1074,0,2016-07-24 07:00:00,46.649
1074,0,2016-07-24 08:00:00,45.959
1074,0,2016-07-24 09:00:00,45.469
1074,0,2016-07-24 10:00:00,45.515
1074,0,2016-07-24 11:00:00,47.295
1074,0,2016-07-24 12:00:00,47.369
1074,0,2016-07-24 13:00:00,48.27
1074,0,2016-07-24 14:00:00,47.43
1074,0,2016-07-24 15:00:00,48.70399999999999
1074,0,2016-07-24 16:00:00,49.22
1074,0,2016-07-24 17:00:00,50.643
1074,0,2016-07-24 18:00:00,51.778
1074,0,2016-07-24 19:00:00,51.989
1074,0,2016-07-24 20:00:00,51.598
1074,0,2016-07-24 21:00:00,50.151
1074,0,2016-07-24 22:00:00,48.734
1074,0,2016-07-24 23:00:00,48.979
1074,0,2016-07-25 00:00:00,49.658
1074,0,2016-07-25 01:00:00,51.227
1074,0,2016-07-25 02:00:00,49.768
1074,0,2016-07-25 03:00:00,48.14
1074,0,2016-07-25 04:00:00,46.801
1074,0,2016-07-25 05:00:00,46.36600000000001
1074,0,2016-07-25 06:00:00,51.245
1074,0,2016-07-25 07:00:00,64.543
1074,0,2016-07-25 08:00:00,66.932
1074,0,2016-07-25 09:00:00,80.89
1074,0,2016-07-25 10:00:00,91.455
1074,0,2016-07-25 11:00:00,100.045
1074,0,2016-07-25 12:00:00,108.574
1074,0,2016-07-25 13:00:00,110.523
1074,0,2016-07-25 14:00:00,109.629
1074,0,2016-07-25 15:00:00,106.326
1074,0,2016-07-25 16:00:00,100.928
1074,0,2016-07-25 17:00:00,89.391
1074,0,2016-07-25 18:00:00,75.156
1074,0,2016-07-25 19:00:00,68.38600000000001
1074,0,2016-07-25 20:00:00,59.548
1074,0,2016-07-25 21:00:00,55.979
1074,0,2016-07-25 22:00:00,54.407
1074,0,2016-07-25 23:00:00,50.918
1074,0,2016-07-26 00:00:00,52.083
1074,0,2016-07-26 01:00:00,52.941
1074,0,2016-07-26 02:00:00,51.515
1074,0,2016-07-26 03:00:00,48.974
1074,0,2016-07-26 04:00:00,48.54600000000001
1074,0,2016-07-26 05:00:00,47.775
1074,0,2016-07-26 06:00:00,49.13399999999999
1074,0,2016-07-26 07:00:00,61.639
1074,0,2016-07-26 08:00:00,62.24100000000001
1074,0,2016-07-26 09:00:00,80.75399999999999
1074,0,2016-07-26 10:00:00,96.094
1074,0,2016-07-26 11:00:00,103.329
1074,0,2016-07-26 12:00:00,105.439
1074,0,2016-07-26 13:00:00,108.82
1074,0,2016-07-26 14:00:00,105.643
1074,0,2016-07-26 15:00:00,104.45
1074,0,2016-07-26 16:00:00,101.832
1074,0,2016-07-26 17:00:00,92.417
1074,0,2016-07-26 18:00:00,79.018
1074,0,2016-07-26 19:00:00,71.152
1074,0,2016-07-26 20:00:00,57.666
1074,0,2016-07-26 21:00:00,55.652
1074,0,2016-07-26 22:00:00,54.453
1074,0,2016-07-26 23:00:00,51.682
1074,0,2016-07-27 00:00:00,52.236
1074,0,2016-07-27 01:00:00,52.458
1074,0,2016-07-27 02:00:00,51.467
1074,0,2016-07-27 03:00:00,49.654
1074,0,2016-07-27 04:00:00,48.367
1074,0,2016-07-27 05:00:00,48.428
1074,0,2016-07-27 06:00:00,51.307
1074,0,2016-07-27 07:00:00,62.386
1074,0,2016-07-27 08:00:00,66.407
1074,0,2016-07-27 09:00:00,85.485
1074,0,2016-07-27 10:00:00,105.286
1074,0,2016-07-27 11:00:00,97.756
1074,0,2016-07-27 12:00:00,103.301
1074,0,2016-07-27 13:00:00,101.609
1074,0,2016-07-27 14:00:00,100.845
1074,0,2016-07-27 15:00:00,97.89
1074,0,2016-07-27 16:00:00,92.879
1074,0,2016-07-27 17:00:00,80.15100000000001
1074,0,2016-07-27 18:00:00,67.061
1074,0,2016-07-27 19:00:00,62.562
1074,0,2016-07-27 20:00:00,51.643
1074,0,2016-07-27 21:00:00,50.751000000000005
1074,0,2016-07-27 22:00:00,52.109
1074,0,2016-07-27 23:00:00,51.4
1074,0,2016-07-28 00:00:00,51.754
1074,0,2016-07-28 01:00:00,53.11600000000001
1074,0,2016-07-28 02:00:00,51.53
1074,0,2016-07-28 03:00:00,52.276
1074,0,2016-07-28 04:00:00,51.411
1074,0,2016-07-28 05:00:00,50.91
1074,0,2016-07-28 06:00:00,52.278
1074,0,2016-07-28 07:00:00,68.01899999999999
1074,0,2016-07-28 08:00:00,69.72399999999999
1074,0,2016-07-28 09:00:00,83.539
1074,0,2016-07-28 10:00:00,96.796
1074,0,2016-07-28 11:00:00,100.154
1074,0,2016-07-28 12:00:00,99.511
1074,0,2016-07-28 13:00:00,97.605
1074,0,2016-07-28 14:00:00,93.365
1074,0,2016-07-28 15:00:00,94.774
1074,0,2016-07-28 16:00:00,94.462
1074,0,2016-07-28 17:00:00,81.414
1074,0,2016-07-28 18:00:00,66.339
1074,0,2016-07-28 19:00:00,56.405
1074,0,2016-07-28 20:00:00,44.735
1074,0,2016-07-28 21:00:00,43.865
1074,0,2016-07-28 22:00:00,43.128
1074,0,2016-07-28 23:00:00,43.354
1074,0,2016-07-29 00:00:00,44.166
1074,0,2016-07-29 01:00:00,45.423
1074,0,2016-07-29 02:00:00,45.323
1074,0,2016-07-29 03:00:00,44.334
1074,0,2016-07-29 04:00:00,43.924
1074,0,2016-07-29 05:00:00,42.872
1074,0,2016-07-29 06:00:00,46.312
1074,0,2016-07-29 07:00:00,56.64
1074,0,2016-07-29 08:00:00,57.335
1074,0,2016-07-29 09:00:00,73.45
1074,0,2016-07-29 10:00:00,87.329
1074,0,2016-07-29 11:00:00,94.803
1074,0,2016-07-29 12:00:00,97.677
1074,0,2016-07-29 13:00:00,91.227
1074,0,2016-07-29 14:00:00,83.757
1074,0,2016-07-29 15:00:00,87.956
1074,0,2016-07-29 16:00:00,84.882
1074,0,2016-07-29 17:00:00,72.24
1074,0,2016-07-29 18:00:00,55.18
1074,0,2016-07-29 19:00:00,50.809
1074,0,2016-07-29 20:00:00,48.319
1074,0,2016-07-29 21:00:00,44.956
1074,0,2016-07-29 22:00:00,43.36600000000001
1074,0,2016-07-29 23:00:00,42.584
1074,0,2016-07-30 00:00:00,44.361
1074,0,2016-07-30 01:00:00,45.688
1074,0,2016-07-30 02:00:00,45.182
1074,0,2016-07-30 03:00:00,43.18600000000001
1074,0,2016-07-30 04:00:00,42.333
1074,0,2016-07-30 05:00:00,42.247
1074,0,2016-07-30 06:00:00,43.182
1074,0,2016-07-30 07:00:00,42.405
1074,0,2016-07-30 08:00:00,40.88
1074,0,2016-07-30 09:00:00,39.123000000000005
1074,0,2016-07-30 10:00:00,38.881
1074,0,2016-07-30 11:00:00,39.563
1074,0,2016-07-30 12:00:00,40.536
1074,0,2016-07-30 13:00:00,41.617
1074,0,2016-07-30 14:00:00,43.067
1074,0,2016-07-30 15:00:00,44.758
1074,0,2016-07-30 16:00:00,44.552
1074,0,2016-07-30 17:00:00,45.708
1074,0,2016-07-30 18:00:00,46.589
1074,0,2016-07-30 19:00:00,46.701
1074,0,2016-07-30 20:00:00,47.209
1074,0,2016-07-30 21:00:00,46.464
1074,0,2016-07-30 22:00:00,44.542
1074,0,2016-07-30 23:00:00,43.897
1074,0,2016-07-31 00:00:00,45.956
1074,0,2016-07-31 01:00:00,46.688
1074,0,2016-07-31 02:00:00,45.797
1074,0,2016-07-31 03:00:00,44.059
1074,0,2016-07-31 04:00:00,42.852
1074,0,2016-07-31 05:00:00,42.785
1074,0,2016-07-31 06:00:00,44.452
1074,0,2016-07-31 07:00:00,43.067
1074,0,2016-07-31 08:00:00,42.424
1074,0,2016-07-31 09:00:00,40.369
1074,0,2016-07-31 10:00:00,41.147
1074,0,2016-07-31 11:00:00,42.038
1074,0,2016-07-31 12:00:00,43.369
1074,0,2016-07-31 13:00:00,45.304
1074,0,2016-07-31 14:00:00,46.608
1074,0,2016-07-31 15:00:00,45.93600000000001
1074,0,2016-07-31 16:00:00,46.772
1074,0,2016-07-31 17:00:00,47.629
1074,0,2016-07-31 18:00:00,46.913
1074,0,2016-07-31 19:00:00,47.056
1074,0,2016-07-31 20:00:00,46.916
1074,0,2016-07-31 21:00:00,47.57899999999999
1074,0,2016-07-31 22:00:00,49.027
1074,0,2016-07-31 23:00:00,47.691
1074,0,2016-08-01 00:00:00,47.901
1074,0,2016-08-01 01:00:00,49.43899999999999
1074,0,2016-08-01 02:00:00,47.925
1074,0,2016-08-01 03:00:00,45.601000000000006
1074,0,2016-08-01 04:00:00,45.294
1074,0,2016-08-01 05:00:00,44.556
1074,0,2016-08-01 06:00:00,49.56
1074,0,2016-08-01 07:00:00,61.988
1074,0,2016-08-01 08:00:00,59.88
1074,0,2016-08-01 09:00:00,70.818
1074,0,2016-08-01 10:00:00,85.478
1074,0,2016-08-01 11:00:00,89.415
1074,0,2016-08-01 12:00:00,93.426
1074,0,2016-08-01 13:00:00,90.717
1074,0,2016-08-01 14:00:00,91.578
1074,0,2016-08-01 15:00:00,93.269
1074,0,2016-08-01 16:00:00,91.495
1074,0,2016-08-01 17:00:00,79.296
1074,0,2016-08-01 18:00:00,64.4
1074,0,2016-08-01 19:00:00,57.209
1074,0,2016-08-01 20:00:00,50.101000000000006
1074,0,2016-08-01 21:00:00,47.459
1074,0,2016-08-01 22:00:00,48.29
1074,0,2016-08-01 23:00:00,47.656000000000006
1074,0,2016-08-02 00:00:00,48.406000000000006
1074,0,2016-08-02 01:00:00,50.148
1074,0,2016-08-02 02:00:00,49.45
1074,0,2016-08-02 03:00:00,46.578
1074,0,2016-08-02 04:00:00,46.244
1074,0,2016-08-02 05:00:00,45.001000000000005
1074,0,2016-08-02 06:00:00,47.001000000000005
1074,0,2016-08-02 07:00:00,57.819
1074,0,2016-08-02 08:00:00,58.797
1074,0,2016-08-02 09:00:00,71.778
1074,0,2016-08-02 10:00:00,85.294
1074,0,2016-08-02 11:00:00,95.081
1074,0,2016-08-02 12:00:00,95.339
1074,0,2016-08-02 13:00:00,96.181
1074,0,2016-08-02 14:00:00,98.919
1074,0,2016-08-02 15:00:00,97.828
1074,0,2016-08-02 16:00:00,96.516
1074,0,2016-08-02 17:00:00,88.81299999999999
1074,0,2016-08-02 18:00:00,73.7
1074,0,2016-08-02 19:00:00,66.792
1074,0,2016-08-02 20:00:00,56.7
1074,0,2016-08-02 21:00:00,54.602
1074,0,2016-08-02 22:00:00,53.57
1074,0,2016-08-02 23:00:00,51.738
1074,0,2016-08-03 00:00:00,53.453
1074,0,2016-08-03 01:00:00,53.663
1074,0,2016-08-03 02:00:00,52.763000000000005
1074,0,2016-08-03 03:00:00,51.152
1074,0,2016-08-03 04:00:00,49.721
1074,0,2016-08-03 05:00:00,48.878
1074,0,2016-08-03 06:00:00,49.42
1074,0,2016-08-03 07:00:00,59.654
1074,0,2016-08-03 08:00:00,59.272
1074,0,2016-08-03 09:00:00,69.938
1074,0,2016-08-03 10:00:00,80.164
1074,0,2016-08-03 11:00:00,87.834
1074,0,2016-08-03 12:00:00,94.179
1074,0,2016-08-03 13:00:00,96.93
1074,0,2016-08-03 14:00:00,101.855
1074,0,2016-08-03 15:00:00,102.715
1074,0,2016-08-03 16:00:00,98.549
1074,0,2016-08-03 17:00:00,92.263
1074,0,2016-08-03 18:00:00,75.366
1074,0,2016-08-03 19:00:00,72.667
1074,0,2016-08-03 20:00:00,63.982
1074,0,2016-08-03 21:00:00,61.305
1074,0,2016-08-03 22:00:00,60.661
1074,0,2016-08-03 23:00:00,63.964
1074,0,2016-08-04 00:00:00,66.221
1074,0,2016-08-04 01:00:00,66.643
1074,0,2016-08-04 02:00:00,63.458
1074,0,2016-08-04 03:00:00,57.556
1074,0,2016-08-04 04:00:00,54.968
1074,0,2016-08-04 05:00:00,55.199
1074,0,2016-08-04 06:00:00,55.002
1074,0,2016-08-04 07:00:00,62.019
1074,0,2016-08-04 08:00:00,62.139
1074,0,2016-08-04 09:00:00,74.304
1074,0,2016-08-04 10:00:00,90.42
1074,0,2016-08-04 11:00:00,91.098
1074,0,2016-08-04 12:00:00,91.427
1074,0,2016-08-04 13:00:00,95.879
1074,0,2016-08-04 14:00:00,95.082
1074,0,2016-08-04 15:00:00,93.706
1074,0,2016-08-04 16:00:00,94.226
1074,0,2016-08-04 17:00:00,85.321
1074,0,2016-08-04 18:00:00,70.848
1074,0,2016-08-04 19:00:00,65.34100000000001
1074,0,2016-08-04 20:00:00,55.803
1074,0,2016-08-04 21:00:00,53.959
1074,0,2016-08-04 22:00:00,51.09
1074,0,2016-08-04 23:00:00,50.466
1074,0,2016-08-05 00:00:00,51.463
1074,0,2016-08-05 01:00:00,52.423
1074,0,2016-08-05 02:00:00,51.367
1074,0,2016-08-05 03:00:00,48.881
1074,0,2016-08-05 04:00:00,47.799
1074,0,2016-08-05 05:00:00,51.984
1074,0,2016-08-05 06:00:00,52.156000000000006
1074,0,2016-08-05 07:00:00,64.22399999999999
1074,0,2016-08-05 08:00:00,63.47
1074,0,2016-08-05 09:00:00,74.148
1074,0,2016-08-05 10:00:00,79.999
1074,0,2016-08-05 11:00:00,90.955
1074,0,2016-08-05 12:00:00,91.907
1074,0,2016-08-05 13:00:00,88.805
1074,0,2016-08-05 14:00:00,89.148
1074,0,2016-08-05 15:00:00,87.051
1074,0,2016-08-05 16:00:00,82.586
1074,0,2016-08-05 17:00:00,71.548
1074,0,2016-08-05 18:00:00,55.414
1074,0,2016-08-05 19:00:00,51.433
1074,0,2016-08-05 20:00:00,48.633
1074,0,2016-08-05 21:00:00,47.591
1074,0,2016-08-05 22:00:00,44.895
1074,0,2016-08-05 23:00:00,43.945
1074,0,2016-08-06 00:00:00,45.878
1074,0,2016-08-06 01:00:00,46.498000000000005
1074,0,2016-08-06 02:00:00,46.183
1074,0,2016-08-06 03:00:00,44.038
1074,0,2016-08-06 04:00:00,46.732
1074,0,2016-08-06 05:00:00,46.34
1074,0,2016-08-06 06:00:00,47.819
1074,0,2016-08-06 07:00:00,46.117
1074,0,2016-08-06 08:00:00,45.362
1074,0,2016-08-06 09:00:00,43.988
1074,0,2016-08-06 10:00:00,40.871
1074,0,2016-08-06 11:00:00,42.332
1074,0,2016-08-06 12:00:00,41.481
1074,0,2016-08-06 13:00:00,41.445
1074,0,2016-08-06 14:00:00,41.713
1074,0,2016-08-06 15:00:00,42.71
1074,0,2016-08-06 16:00:00,42.322
1074,0,2016-08-06 17:00:00,44.306
1074,0,2016-08-06 18:00:00,44.574
1074,0,2016-08-06 19:00:00,45.443000000000005
1074,0,2016-08-06 20:00:00,45.346
1074,0,2016-08-06 21:00:00,44.013000000000005
1074,0,2016-08-06 22:00:00,43.57
1074,0,2016-08-06 23:00:00,43.277
1074,0,2016-08-07 00:00:00,44.996
1074,0,2016-08-07 01:00:00,46.752
1074,0,2016-08-07 02:00:00,45.127
1074,0,2016-08-07 03:00:00,42.981
1074,0,2016-08-07 04:00:00,44.102
1074,0,2016-08-07 05:00:00,46.318000000000005
1074,0,2016-08-07 06:00:00,46.591
1074,0,2016-08-07 07:00:00,45.253
1074,0,2016-08-07 08:00:00,44.462
1074,0,2016-08-07 09:00:00,40.654
1074,0,2016-08-07 10:00:00,40.068000000000005
1074,0,2016-08-07 11:00:00,42.078
1074,0,2016-08-07 12:00:00,42.455
1074,0,2016-08-07 13:00:00,43.049
1074,0,2016-08-07 14:00:00,42.53
1074,0,2016-08-07 15:00:00,42.685
1074,0,2016-08-07 16:00:00,43.772
1074,0,2016-08-07 17:00:00,43.351000000000006
1074,0,2016-08-07 18:00:00,43.975
1074,0,2016-08-07 19:00:00,45.563
1074,0,2016-08-07 20:00:00,44.15
1074,0,2016-08-07 21:00:00,46.382
1074,0,2016-08-07 22:00:00,47.074
1074,0,2016-08-07 23:00:00,46.528
1074,0,2016-08-08 00:00:00,48.48
1074,0,2016-08-08 01:00:00,49.672
1074,0,2016-08-08 02:00:00,47.946000000000005
1074,0,2016-08-08 03:00:00,46.137
1074,0,2016-08-08 04:00:00,45.02
1074,0,2016-08-08 05:00:00,45.245
1074,0,2016-08-08 06:00:00,49.918
1074,0,2016-08-08 07:00:00,63.118
1074,0,2016-08-08 08:00:00,64.92399999999999
1074,0,2016-08-08 09:00:00,73.608
1074,0,2016-08-08 10:00:00,80.329
1074,0,2016-08-08 11:00:00,85.71799999999999
1074,0,2016-08-08 12:00:00,88.135
1074,0,2016-08-08 13:00:00,85.719
1074,0,2016-08-08 14:00:00,92.996
1074,0,2016-08-08 15:00:00,97.106
1074,0,2016-08-08 16:00:00,96.564
1074,0,2016-08-08 17:00:00,87.531
1074,0,2016-08-08 18:00:00,66.634
1074,0,2016-08-08 19:00:00,58.655
1074,0,2016-08-08 20:00:00,49.96
1074,0,2016-08-08 21:00:00,48.057
1074,0,2016-08-08 22:00:00,47.92100000000001
1074,0,2016-08-08 23:00:00,46.838
1074,0,2016-08-09 00:00:00,49.099
1074,0,2016-08-09 01:00:00,49.396
1074,0,2016-08-09 02:00:00,48.303
1074,0,2016-08-09 03:00:00,46.434
1074,0,2016-08-09 04:00:00,45.975
1074,0,2016-08-09 05:00:00,45.485
1074,0,2016-08-09 06:00:00,47.081
1074,0,2016-08-09 07:00:00,60.506
1074,0,2016-08-09 08:00:00,59.42100000000001
1074,0,2016-08-09 09:00:00,70.007
1074,0,2016-08-09 10:00:00,79.214
1074,0,2016-08-09 11:00:00,91.967
1074,0,2016-08-09 12:00:00,96.45
1074,0,2016-08-09 13:00:00,87.37299999999999
1074,0,2016-08-09 14:00:00,90.626
1074,0,2016-08-09 15:00:00,94.474
1074,0,2016-08-09 16:00:00,98.1
1074,0,2016-08-09 17:00:00,88.854
1074,0,2016-08-09 18:00:00,78.391
1074,0,2016-08-09 19:00:00,68.396
1074,0,2016-08-09 20:00:00,56.599
1074,0,2016-08-09 21:00:00,54.362
1074,0,2016-08-09 22:00:00,51.503
1074,0,2016-08-09 23:00:00,51.04
1074,0,2016-08-10 00:00:00,51.125
1074,0,2016-08-10 01:00:00,51.85
1074,0,2016-08-10 02:00:00,50.427
1074,0,2016-08-10 03:00:00,48.131
1074,0,2016-08-10 04:00:00,46.96
1074,0,2016-08-10 05:00:00,46.307
1074,0,2016-08-10 06:00:00,48.019
1074,0,2016-08-10 07:00:00,60.397
1074,0,2016-08-10 08:00:00,59.32899999999999
1074,0,2016-08-10 09:00:00,77.73899999999999
1074,0,2016-08-10 10:00:00,81.023
1074,0,2016-08-10 11:00:00,95.553
1074,0,2016-08-10 12:00:00,97.346
1074,0,2016-08-10 13:00:00,100.324
1074,0,2016-08-10 14:00:00,101.853
1074,0,2016-08-10 15:00:00,105.722
1074,0,2016-08-10 16:00:00,107.177
1074,0,2016-08-10 17:00:00,93.233
1074,0,2016-08-10 18:00:00,76.919
1074,0,2016-08-10 19:00:00,61.962
1074,0,2016-08-10 20:00:00,53.657
1074,0,2016-08-10 21:00:00,51.282
1074,0,2016-08-10 22:00:00,41.673
1074,0,2016-08-10 23:00:00,42.843
1074,0,2016-08-11 00:00:00,41.929
1074,0,2016-08-11 01:00:00,46.289
1074,0,2016-08-11 02:00:00,47.085
1074,0,2016-08-11 03:00:00,44.837
1074,0,2016-08-11 04:00:00,42.681
1074,0,2016-08-11 05:00:00,41.309
1074,0,2016-08-11 06:00:00,41.506
1074,0,2016-08-11 07:00:00,59.898
1074,0,2016-08-11 08:00:00,57.014
1074,0,2016-08-11 09:00:00,69.825
1074,0,2016-08-11 10:00:00,80.717
1074,0,2016-08-11 11:00:00,88.257
1074,0,2016-08-11 12:00:00,88.11200000000001
1074,0,2016-08-11 13:00:00,87.564
1074,0,2016-08-11 14:00:00,88.171
1074,0,2016-08-11 15:00:00,91.414
1074,0,2016-08-11 16:00:00,95.194
1074,0,2016-08-11 17:00:00,81.46600000000001
1074,0,2016-08-11 18:00:00,73.199
1074,0,2016-08-11 19:00:00,61.681
1074,0,2016-08-11 20:00:00,49.397
1074,0,2016-08-11 21:00:00,47.787
1074,0,2016-08-11 22:00:00,46.655
1074,0,2016-08-11 23:00:00,45.874
1074,0,2016-08-12 00:00:00,45.49
1074,0,2016-08-12 01:00:00,46.155
1074,0,2016-08-12 02:00:00,43.099
1074,0,2016-08-12 03:00:00,42.293
1074,0,2016-08-12 04:00:00,43.122
1074,0,2016-08-12 05:00:00,44.5
1074,0,2016-08-12 06:00:00,44.181
1074,0,2016-08-12 07:00:00,58.13399999999999
1074,0,2016-08-12 08:00:00,57.081
1074,0,2016-08-12 09:00:00,72.26100000000001
1074,0,2016-08-12 10:00:00,82.555
1074,0,2016-08-12 11:00:00,86.95299999999999
1074,0,2016-08-12 12:00:00,87.919
1074,0,2016-08-12 13:00:00,86.90899999999999
1074,0,2016-08-12 14:00:00,86.459
1074,0,2016-08-12 15:00:00,86.25399999999999
1074,0,2016-08-12 16:00:00,80.707
1074,0,2016-08-12 17:00:00,65.964
1074,0,2016-08-12 18:00:00,48.517
1074,0,2016-08-12 19:00:00,42.553
1074,0,2016-08-12 20:00:00,39.644
1074,0,2016-08-12 21:00:00,40.604
1074,0,2016-08-12 22:00:00,40.706
1074,0,2016-08-12 23:00:00,40.997
1074,0,2016-08-13 00:00:00,40.69
1074,0,2016-08-13 01:00:00,42.558
1074,0,2016-08-13 02:00:00,41.428
1074,0,2016-08-13 03:00:00,40.022
1074,0,2016-08-13 04:00:00,39.54
1074,0,2016-08-13 05:00:00,40.261
1074,0,2016-08-13 06:00:00,43.045
1074,0,2016-08-13 07:00:00,43.1
1074,0,2016-08-13 08:00:00,42.433
1074,0,2016-08-13 09:00:00,42.07899999999999
1074,0,2016-08-13 10:00:00,38.041
1074,0,2016-08-13 11:00:00,38.875
1074,0,2016-08-13 12:00:00,39.667
1074,0,2016-08-13 13:00:00,39.195
1074,0,2016-08-13 14:00:00,39.589
1074,0,2016-08-13 15:00:00,41.461000000000006
1074,0,2016-08-13 16:00:00,41.359
1074,0,2016-08-13 17:00:00,41.358
1074,0,2016-08-13 18:00:00,41.18600000000001
1074,0,2016-08-13 19:00:00,41.316
1074,0,2016-08-13 20:00:00,40.739
1074,0,2016-08-13 21:00:00,40.592
1074,0,2016-08-13 22:00:00,40.654
1074,0,2016-08-13 23:00:00,40.156
1074,0,2016-08-14 00:00:00,40.419
1074,0,2016-08-14 01:00:00,41.988
1074,0,2016-08-14 02:00:00,40.985
1074,0,2016-08-14 03:00:00,39.491
1074,0,2016-08-14 04:00:00,41.837
1074,0,2016-08-14 05:00:00,42.49
1074,0,2016-08-14 06:00:00,42.664
1074,0,2016-08-14 07:00:00,42.504
1074,0,2016-08-14 08:00:00,42.036
1074,0,2016-08-14 09:00:00,41.902
1074,0,2016-08-14 10:00:00,37.737
1074,0,2016-08-14 11:00:00,37.959
1074,0,2016-08-14 12:00:00,38.45
1074,0,2016-08-14 13:00:00,38.529
1074,0,2016-08-14 14:00:00,38.612
1074,0,2016-08-14 15:00:00,38.625
1074,0,2016-08-14 16:00:00,40.047
1074,0,2016-08-14 17:00:00,39.912
1074,0,2016-08-14 18:00:00,40.849
1074,0,2016-08-14 19:00:00,41.419
1074,0,2016-08-14 20:00:00,41.512
1074,0,2016-08-14 21:00:00,41.317
1074,0,2016-08-14 22:00:00,40.44
1074,0,2016-08-14 23:00:00,40.141
1074,0,2016-08-15 00:00:00,40.319
1074,0,2016-08-15 01:00:00,41.755
1074,0,2016-08-15 02:00:00,41.06
1074,0,2016-08-15 03:00:00,39.007
1074,0,2016-08-15 04:00:00,38.885
1074,0,2016-08-15 05:00:00,38.758
1074,0,2016-08-15 06:00:00,46.684
1074,0,2016-08-15 07:00:00,57.979
1074,0,2016-08-15 08:00:00,61.618
1074,0,2016-08-15 09:00:00,70.48100000000001
1074,0,2016-08-15 10:00:00,81.889
1074,0,2016-08-15 11:00:00,86.92200000000001
1074,0,2016-08-15 12:00:00,84.436
1074,0,2016-08-15 13:00:00,86.98299999999999
1074,0,2016-08-15 14:00:00,85.389
1074,0,2016-08-15 15:00:00,90.489
1074,0,2016-08-15 16:00:00,92.266
1074,0,2016-08-15 17:00:00,81.178
1074,0,2016-08-15 18:00:00,67.699
1074,0,2016-08-15 19:00:00,60.215
1074,0,2016-08-15 20:00:00,51.62
1074,0,2016-08-15 21:00:00,49.51
1074,0,2016-08-15 22:00:00,47.237
1074,0,2016-08-15 23:00:00,46.581
1074,0,2016-08-16 00:00:00,45.913
1074,0,2016-08-16 01:00:00,48.263000000000005
1074,0,2016-08-16 02:00:00,47.505
1074,0,2016-08-16 03:00:00,44.952
1074,0,2016-08-16 04:00:00,44.53
1074,0,2016-08-16 05:00:00,44.50899999999999
1074,0,2016-08-16 06:00:00,44.815
1074,0,2016-08-16 07:00:00,56.943000000000005
1074,0,2016-08-16 08:00:00,60.347
1074,0,2016-08-16 09:00:00,69.889
1074,0,2016-08-16 10:00:00,81.203
1074,0,2016-08-16 11:00:00,90.497
1074,0,2016-08-16 12:00:00,93.803
1074,0,2016-08-16 13:00:00,96.098
1074,0,2016-08-16 14:00:00,95.395
1074,0,2016-08-16 15:00:00,96.234
1074,0,2016-08-16 16:00:00,94.698
1074,0,2016-08-16 17:00:00,86.31200000000001
1074,0,2016-08-16 18:00:00,68.632
1074,0,2016-08-16 19:00:00,55.906000000000006
1074,0,2016-08-16 20:00:00,41.055
1074,0,2016-08-16 21:00:00,37.689
1074,0,2016-08-16 22:00:00,37.416
1074,0,2016-08-16 23:00:00,37.105
1074,0,2016-08-17 00:00:00,37.074
1074,0,2016-08-17 01:00:00,40.804
1074,0,2016-08-17 02:00:00,40.734
1074,0,2016-08-17 03:00:00,39.983
1074,0,2016-08-17 04:00:00,39.405
1074,0,2016-08-17 05:00:00,39.206
1074,0,2016-08-17 06:00:00,39.707
1074,0,2016-08-17 07:00:00,64.524
1074,0,2016-08-17 08:00:00,61.615
1074,0,2016-08-17 09:00:00,70.911
1074,0,2016-08-17 10:00:00,83.369
1074,0,2016-08-17 11:00:00,93.127
1074,0,2016-08-17 12:00:00,94.93
1074,0,2016-08-17 13:00:00,93.751
1074,0,2016-08-17 14:00:00,95.072
1074,0,2016-08-17 15:00:00,97.599
1074,0,2016-08-17 16:00:00,97.565
1074,0,2016-08-17 17:00:00,82.92
1074,0,2016-08-17 18:00:00,65.193
1074,0,2016-08-17 19:00:00,57.129
1074,0,2016-08-17 20:00:00,44.49
1074,0,2016-08-17 21:00:00,40.934
1074,0,2016-08-17 22:00:00,38.836
1074,0,2016-08-17 23:00:00,38.355
1074,0,2016-08-18 00:00:00,38.613
1074,0,2016-08-18 01:00:00,40.953
1074,0,2016-08-18 02:00:00,40.422
1074,0,2016-08-18 03:00:00,38.2
1074,0,2016-08-18 04:00:00,37.829
1074,0,2016-08-18 05:00:00,37.635
1074,0,2016-08-18 06:00:00,38.395
1074,0,2016-08-18 07:00:00,64.907
1074,0,2016-08-18 08:00:00,64.102
1074,0,2016-08-18 09:00:00,78.703
1074,0,2016-08-18 10:00:00,89.554
1074,0,2016-08-18 11:00:00,93.027
1074,0,2016-08-18 12:00:00,94.137
1074,0,2016-08-18 13:00:00,94.519
1074,0,2016-08-18 14:00:00,95.466
1074,0,2016-08-18 15:00:00,94.393
1074,0,2016-08-18 16:00:00,91.749
1074,0,2016-08-18 17:00:00,77.788
1074,0,2016-08-18 18:00:00,62.144
1074,0,2016-08-18 19:00:00,52.849
1074,0,2016-08-18 20:00:00,39.21
1074,0,2016-08-18 21:00:00,39.218
1074,0,2016-08-18 22:00:00,37.419
1074,0,2016-08-18 23:00:00,35.181
1074,0,2016-08-19 00:00:00,35.986999999999995
1074,0,2016-08-19 01:00:00,37.647
1074,0,2016-08-19 02:00:00,37.177
1074,0,2016-08-19 03:00:00,35.235
1074,0,2016-08-19 04:00:00,37.887
1074,0,2016-08-19 05:00:00,34.921
1074,0,2016-08-19 06:00:00,36.53
1074,0,2016-08-19 07:00:00,62.782
1074,0,2016-08-19 08:00:00,61.368
1074,0,2016-08-19 09:00:00,72.154
1074,0,2016-08-19 10:00:00,84.085
1074,0,2016-08-19 11:00:00,91.799
1074,0,2016-08-19 12:00:00,87.62700000000001
1074,0,2016-08-19 13:00:00,84.471
1074,0,2016-08-19 14:00:00,87.20299999999999
1074,0,2016-08-19 15:00:00,86.749
1074,0,2016-08-19 16:00:00,80.925
1074,0,2016-08-19 17:00:00,69.264
1074,0,2016-08-19 18:00:00,52.705
1074,0,2016-08-19 19:00:00,37.893
1074,0,2016-08-19 20:00:00,37.231
1074,0,2016-08-19 21:00:00,39.494
1074,0,2016-08-19 22:00:00,41.53
1074,0,2016-08-19 23:00:00,39.465
1074,0,2016-08-20 00:00:00,38.591
1074,0,2016-08-20 01:00:00,41.091
1074,0,2016-08-20 02:00:00,40.226
1074,0,2016-08-20 03:00:00,38.255
1074,0,2016-08-20 04:00:00,37.897
1074,0,2016-08-20 05:00:00,37.815
1074,0,2016-08-20 06:00:00,37.916
1074,0,2016-08-20 07:00:00,39.139
1074,0,2016-08-20 08:00:00,38.265
1074,0,2016-08-20 09:00:00,38.02
1074,0,2016-08-20 10:00:00,35.821
1074,0,2016-08-20 11:00:00,35.852
1074,0,2016-08-20 12:00:00,35.554
1074,0,2016-08-20 13:00:00,35.024
1074,0,2016-08-20 14:00:00,35.156
1074,0,2016-08-20 15:00:00,35.417
1074,0,2016-08-20 16:00:00,35.695
1074,0,2016-08-20 17:00:00,35.4
1074,0,2016-08-20 18:00:00,35.583
1074,0,2016-08-20 19:00:00,37.328
1074,0,2016-08-20 20:00:00,36.37
1074,0,2016-08-20 21:00:00,37.752
1074,0,2016-08-20 22:00:00,37.837
1074,0,2016-08-20 23:00:00,37.552
1074,0,2016-08-21 00:00:00,37.617
1074,0,2016-08-21 01:00:00,40.389
1074,0,2016-08-21 02:00:00,40.016
1074,0,2016-08-21 03:00:00,37.235
1074,0,2016-08-21 04:00:00,37.272
1074,0,2016-08-21 05:00:00,37.392
1074,0,2016-08-21 06:00:00,37.12
1074,0,2016-08-21 07:00:00,37.714
1074,0,2016-08-21 08:00:00,37.312
1074,0,2016-08-21 09:00:00,37.507
1074,0,2016-08-21 10:00:00,36.397
1074,0,2016-08-21 11:00:00,36.885
1074,0,2016-08-21 12:00:00,36.892
1074,0,2016-08-21 13:00:00,35.119
1074,0,2016-08-21 14:00:00,34.065
1074,0,2016-08-21 15:00:00,33.464
1074,0,2016-08-21 16:00:00,33.644
1074,0,2016-08-21 17:00:00,34.397
1074,0,2016-08-21 18:00:00,34.409
1074,0,2016-08-21 19:00:00,35.248000000000005
1074,0,2016-08-21 20:00:00,35.476
1074,0,2016-08-21 21:00:00,36.463
1074,0,2016-08-21 22:00:00,36.607
1074,0,2016-08-21 23:00:00,37.949
1074,0,2016-08-22 00:00:00,38.876
1074,0,2016-08-22 01:00:00,42.16
1074,0,2016-08-22 02:00:00,42.161
1074,0,2016-08-22 03:00:00,38.567
1074,0,2016-08-22 04:00:00,38.044
1074,0,2016-08-22 05:00:00,37.273
1074,0,2016-08-22 06:00:00,40.158
1074,0,2016-08-22 07:00:00,65.649
1074,0,2016-08-22 08:00:00,67.258
1074,0,2016-08-22 09:00:00,82.096
1074,0,2016-08-22 10:00:00,87.40899999999999
1074,0,2016-08-22 11:00:00,86.277
1074,0,2016-08-22 12:00:00,85.182
1074,0,2016-08-22 13:00:00,84.929
1074,0,2016-08-22 14:00:00,92.046
1074,0,2016-08-22 15:00:00,94.051
1074,0,2016-08-22 16:00:00,90.112
1074,0,2016-08-22 17:00:00,81.548
1074,0,2016-08-22 18:00:00,70.031
1074,0,2016-08-22 19:00:00,59.471
1074,0,2016-08-22 20:00:00,37.496
1074,0,2016-08-22 21:00:00,35.215
1074,0,2016-08-22 22:00:00,35.993
1074,0,2016-08-22 23:00:00,34.904
1074,0,2016-08-23 00:00:00,35.079
1074,0,2016-08-23 01:00:00,38.303
1074,0,2016-08-23 02:00:00,38.404
1074,0,2016-08-23 03:00:00,37.458
1074,0,2016-08-23 04:00:00,37.774
1074,0,2016-08-23 05:00:00,37.026
1074,0,2016-08-23 06:00:00,38.461
1074,0,2016-08-23 07:00:00,66.408
1074,0,2016-08-23 08:00:00,66.555
1074,0,2016-08-23 09:00:00,80.51899999999999
1074,0,2016-08-23 10:00:00,89.36399999999999
1074,0,2016-08-23 11:00:00,96.889
1074,0,2016-08-23 12:00:00,92.359
1074,0,2016-08-23 13:00:00,91.192
1074,0,2016-08-23 14:00:00,90.274
1074,0,2016-08-23 15:00:00,89.584
1074,0,2016-08-23 16:00:00,90.11
1074,0,2016-08-23 17:00:00,80.044
1074,0,2016-08-23 18:00:00,65.931
1074,0,2016-08-23 19:00:00,57.182
1074,0,2016-08-23 20:00:00,37.69
1074,0,2016-08-23 21:00:00,37.44
1074,0,2016-08-23 22:00:00,36.513000000000005
1074,0,2016-08-23 23:00:00,36.298
1074,0,2016-08-24 00:00:00,36.227
1074,0,2016-08-24 01:00:00,36.835
1074,0,2016-08-24 02:00:00,37.875
1074,0,2016-08-24 03:00:00,36.6
1074,0,2016-08-24 04:00:00,36.042
1074,0,2016-08-24 05:00:00,36.213
1074,0,2016-08-24 06:00:00,36.859
1074,0,2016-08-24 07:00:00,66.957
1074,0,2016-08-24 08:00:00,66.21600000000001
1074,0,2016-08-24 09:00:00,85.17299999999999
1074,0,2016-08-24 10:00:00,81.586
1074,0,2016-08-24 11:00:00,87.83200000000001
1074,0,2016-08-24 12:00:00,90.012
1074,0,2016-08-24 13:00:00,88.764
1074,0,2016-08-24 14:00:00,87.83
1074,0,2016-08-24 15:00:00,81.93
1074,0,2016-08-24 16:00:00,81.21
1074,0,2016-08-24 17:00:00,75.258
1074,0,2016-08-24 18:00:00,63.46
1074,0,2016-08-24 19:00:00,55.75899999999999
1074,0,2016-08-24 20:00:00,39.887
1074,0,2016-08-24 21:00:00,40.755
1074,0,2016-08-24 22:00:00,38.622
1074,0,2016-08-24 23:00:00,38.002
1074,0,2016-08-25 00:00:00,38.219
1074,0,2016-08-25 01:00:00,38.305
1074,0,2016-08-25 02:00:00,38.756
1074,0,2016-08-25 03:00:00,37.776
1074,0,2016-08-25 04:00:00,37.769
1074,0,2016-08-25 05:00:00,37.771
1074,0,2016-08-25 06:00:00,38.368
1074,0,2016-08-25 07:00:00,72.437
1074,0,2016-08-25 08:00:00,71.457
1074,0,2016-08-25 09:00:00,82.046
1074,0,2016-08-25 10:00:00,87.524
1074,0,2016-08-25 11:00:00,82.66
1074,0,2016-08-25 12:00:00,84.95700000000001
1074,0,2016-08-25 13:00:00,84.26299999999999
1074,0,2016-08-25 14:00:00,82.649
1074,0,2016-08-25 15:00:00,79.51100000000001
1074,0,2016-08-25 16:00:00,79.149
1074,0,2016-08-25 17:00:00,77.717
1074,0,2016-08-25 18:00:00,69.396
1074,0,2016-08-25 19:00:00,60.367
1074,0,2016-08-25 20:00:00,39.546
1074,0,2016-08-25 21:00:00,36.946
1074,0,2016-08-25 22:00:00,37.197
1074,0,2016-08-25 23:00:00,36.55
1074,0,2016-08-26 00:00:00,37.171
1074,0,2016-08-26 01:00:00,37.107
1074,0,2016-08-26 02:00:00,36.995
1074,0,2016-08-26 03:00:00,36.994
1074,0,2016-08-26 04:00:00,36.992
1074,0,2016-08-26 05:00:00,37.058
1074,0,2016-08-26 06:00:00,37.109
1074,0,2016-08-26 07:00:00,69.064
1074,0,2016-08-26 08:00:00,68.859
1074,0,2016-08-26 09:00:00,79.896
1074,0,2016-08-26 10:00:00,95.677
1074,0,2016-08-26 11:00:00,88.435
1074,0,2016-08-26 12:00:00,82.382
1074,0,2016-08-26 13:00:00,82.454
1074,0,2016-08-26 14:00:00,83.53200000000001
1074,0,2016-08-26 15:00:00,81.703
1074,0,2016-08-26 16:00:00,83.387
1074,0,2016-08-26 17:00:00,80.036
1074,0,2016-08-26 18:00:00,60.832
1074,0,2016-08-26 19:00:00,43.868
1074,0,2016-08-26 20:00:00,37.094
1074,0,2016-08-26 21:00:00,37.962
1074,0,2016-08-26 22:00:00,37.677
1074,0,2016-08-26 23:00:00,38.006
1074,0,2016-08-27 00:00:00,37.414
1074,0,2016-08-27 01:00:00,38.682
1074,0,2016-08-27 02:00:00,37.571
1074,0,2016-08-27 03:00:00,38.389
1074,0,2016-08-27 04:00:00,37.422
1074,0,2016-08-27 05:00:00,37.557
1074,0,2016-08-27 06:00:00,37.832
1074,0,2016-08-27 07:00:00,37.382
1074,0,2016-08-27 08:00:00,37.055
1074,0,2016-08-27 09:00:00,36.105
1074,0,2016-08-27 10:00:00,39.583
1074,0,2016-08-27 11:00:00,40.17
1074,0,2016-08-27 12:00:00,36.442
1074,0,2016-08-27 13:00:00,36.262
1074,0,2016-08-27 14:00:00,36.341
1074,0,2016-08-27 15:00:00,35.985
1074,0,2016-08-27 16:00:00,37.639
1074,0,2016-08-27 17:00:00,38.782
1074,0,2016-08-27 18:00:00,38.463
1074,0,2016-08-27 19:00:00,38.126
1074,0,2016-08-27 20:00:00,37.985
1074,0,2016-08-27 21:00:00,39.701
1074,0,2016-08-27 22:00:00,40.008
1074,0,2016-08-27 23:00:00,39.501
1074,0,2016-08-28 00:00:00,39.48
1074,0,2016-08-28 01:00:00,40.616
1074,0,2016-08-28 02:00:00,39.908
1074,0,2016-08-28 03:00:00,39.021
1074,0,2016-08-28 04:00:00,39.385
1074,0,2016-08-28 05:00:00,39.551
1074,0,2016-08-28 06:00:00,39.386
1074,0,2016-08-28 07:00:00,39.392
1074,0,2016-08-28 08:00:00,37.548
1074,0,2016-08-28 09:00:00,37.508
1074,0,2016-08-28 10:00:00,36.997
1074,0,2016-08-28 11:00:00,50.499
1074,0,2016-08-28 12:00:00,47.496
1074,0,2016-08-28 13:00:00,49.952
1074,0,2016-08-28 14:00:00,49.762
1074,0,2016-08-28 15:00:00,48.166
1074,0,2016-08-28 16:00:00,44.893
1074,0,2016-08-28 17:00:00,39.885
1074,0,2016-08-28 18:00:00,39.688
1074,0,2016-08-28 19:00:00,41.517
1074,0,2016-08-28 20:00:00,42.086000000000006
1074,0,2016-08-28 21:00:00,42.224
1074,0,2016-08-28 22:00:00,40.25
1074,0,2016-08-28 23:00:00,40.392
1074,0,2016-08-29 00:00:00,40.017
1074,0,2016-08-29 01:00:00,40.397
1074,0,2016-08-29 02:00:00,40.182
1074,0,2016-08-29 03:00:00,39.958
1074,0,2016-08-29 04:00:00,39.649
1074,0,2016-08-29 05:00:00,39.559
1074,0,2016-08-29 06:00:00,50.237
1074,0,2016-08-29 07:00:00,77.821
1074,0,2016-08-29 08:00:00,80.206
1074,0,2016-08-29 09:00:00,91.003
1074,0,2016-08-29 10:00:00,98.143
1074,0,2016-08-29 11:00:00,106.109
1074,0,2016-08-29 12:00:00,109.078
1074,0,2016-08-29 13:00:00,106.441
1074,0,2016-08-29 14:00:00,105.509
1074,0,2016-08-29 15:00:00,102.572
1074,0,2016-08-29 16:00:00,104.246
1074,0,2016-08-29 17:00:00,100.914
1074,0,2016-08-29 18:00:00,84.455
1074,0,2016-08-29 19:00:00,73.639
1074,0,2016-08-29 20:00:00,42.977
1074,0,2016-08-29 21:00:00,41.04
1074,0,2016-08-29 22:00:00,40.093
1074,0,2016-08-29 23:00:00,39.024
1074,0,2016-08-30 00:00:00,39.417
1074,0,2016-08-30 01:00:00,38.719
1074,0,2016-08-30 02:00:00,38.503
1074,0,2016-08-30 03:00:00,38.245
1074,0,2016-08-30 04:00:00,37.66
1074,0,2016-08-30 05:00:00,38.038
1074,0,2016-08-30 06:00:00,37.899
1074,0,2016-08-30 07:00:00,77.17399999999999
1074,0,2016-08-30 08:00:00,78.581
1074,0,2016-08-30 09:00:00,93.406
1074,0,2016-08-30 10:00:00,101.025
1074,0,2016-08-30 11:00:00,112.056
1074,0,2016-08-30 12:00:00,107.861
1074,0,2016-08-30 13:00:00,105.139
1074,0,2016-08-30 14:00:00,102.855
1074,0,2016-08-30 15:00:00,109.652
1074,0,2016-08-30 16:00:00,110.187
1074,0,2016-08-30 17:00:00,95.895
1074,0,2016-08-30 18:00:00,81.318
1074,0,2016-08-30 19:00:00,74.959
1074,0,2016-08-30 20:00:00,48.218
1074,0,2016-08-30 21:00:00,44.895
1074,0,2016-08-30 22:00:00,42.389
1074,0,2016-08-30 23:00:00,41.385
1074,0,2016-08-31 00:00:00,40.816
1074,0,2016-08-31 01:00:00,40.502
1074,0,2016-08-31 02:00:00,40.289
1074,0,2016-08-31 03:00:00,40.64
1074,0,2016-08-31 04:00:00,38.236
1074,0,2016-08-31 05:00:00,37.548
1074,0,2016-08-31 06:00:00,37.869
1074,0,2016-08-31 07:00:00,75.01
1074,0,2016-08-31 08:00:00,78.21300000000001
1074,0,2016-08-31 09:00:00,89.29899999999999
1074,0,2016-08-31 10:00:00,96.12
1074,0,2016-08-31 11:00:00,94.515
1074,0,2016-08-31 12:00:00,97.95
1074,0,2016-08-31 13:00:00,101.473
1074,0,2016-08-31 14:00:00,112.028
1074,0,2016-08-31 15:00:00,111.096
1074,0,2016-08-31 16:00:00,111.113
1074,0,2016-08-31 17:00:00,93.077
1074,0,2016-08-31 18:00:00,80.93
1074,0,2016-08-31 19:00:00,77.98100000000001
1074,0,2016-08-31 20:00:00,50.75899999999999
1074,0,2016-08-31 21:00:00,46.944
1074,0,2016-08-31 22:00:00,43.844
1074,0,2016-08-31 23:00:00,43.724
1074,0,2016-09-01 00:00:00,44.305
1074,0,2016-09-01 01:00:00,43.699
1074,0,2016-09-01 02:00:00,42.736
1074,0,2016-09-01 03:00:00,41.164
1074,0,2016-09-01 04:00:00,39.646
1074,0,2016-09-01 05:00:00,39.085
1074,0,2016-09-01 06:00:00,39.746
1074,0,2016-09-01 07:00:00,77.714
1074,0,2016-09-01 08:00:00,76.35300000000001
1074,0,2016-09-01 09:00:00,85.994
1074,0,2016-09-01 10:00:00,97.552
1074,0,2016-09-01 11:00:00,93.035
1074,0,2016-09-01 12:00:00,92.453
1074,0,2016-09-01 13:00:00,100.215
1074,0,2016-09-01 14:00:00,110.131
1074,0,2016-09-01 15:00:00,112.64
1074,0,2016-09-01 16:00:00,96.604
1074,0,2016-09-01 17:00:00,81.559
1074,0,2016-09-01 18:00:00,67.07600000000001
1074,0,2016-09-01 19:00:00,59.969
1074,0,2016-09-01 20:00:00,39.033
1074,0,2016-09-01 21:00:00,39.805
1074,0,2016-09-01 22:00:00,39.468
1074,0,2016-09-01 23:00:00,38.034
1074,0,2016-09-02 00:00:00,36.898
1074,0,2016-09-02 01:00:00,38.175
1074,0,2016-09-02 02:00:00,36.952
1074,0,2016-09-02 03:00:00,35.626999999999995
1074,0,2016-09-02 04:00:00,36.54
1074,0,2016-09-02 05:00:00,35.961
1074,0,2016-09-02 06:00:00,35.687
1074,0,2016-09-02 07:00:00,73.281
1074,0,2016-09-02 08:00:00,73.48899999999999
1074,0,2016-09-02 09:00:00,82.34299999999999
1074,0,2016-09-02 10:00:00,90.389
1074,0,2016-09-02 11:00:00,95.935
1074,0,2016-09-02 12:00:00,88.66799999999999
1074,0,2016-09-02 13:00:00,83.31299999999999
1074,0,2016-09-02 14:00:00,83.381
1074,0,2016-09-02 15:00:00,77.968
1074,0,2016-09-02 16:00:00,73.081
1074,0,2016-09-02 17:00:00,71.913
1074,0,2016-09-02 18:00:00,57.588
1074,0,2016-09-02 19:00:00,42.104
1074,0,2016-09-02 20:00:00,33.969
1074,0,2016-09-02 21:00:00,35.049
1074,0,2016-09-02 22:00:00,38.407
1074,0,2016-09-02 23:00:00,37.62
1074,0,2016-09-03 00:00:00,37.126
1074,0,2016-09-03 01:00:00,38.685
1074,0,2016-09-03 02:00:00,38.027
1074,0,2016-09-03 03:00:00,36.241
1074,0,2016-09-03 04:00:00,35.863
1074,0,2016-09-03 05:00:00,35.706
1074,0,2016-09-03 06:00:00,35.417
1074,0,2016-09-03 07:00:00,36.969
1074,0,2016-09-03 08:00:00,36.418
1074,0,2016-09-03 09:00:00,35.779
1074,0,2016-09-03 10:00:00,33.751
1074,0,2016-09-03 11:00:00,34.625
1074,0,2016-09-03 12:00:00,34.301
1074,0,2016-09-03 13:00:00,34.646
1074,0,2016-09-03 14:00:00,34.142
1074,0,2016-09-03 15:00:00,32.918
1074,0,2016-09-03 16:00:00,33.836
1074,0,2016-09-03 17:00:00,33.586
1074,0,2016-09-03 18:00:00,32.54
1074,0,2016-09-03 19:00:00,31.882
1074,0,2016-09-03 20:00:00,32.442
1074,0,2016-09-03 21:00:00,33.449
1074,0,2016-09-03 22:00:00,37.447
1074,0,2016-09-03 23:00:00,37.438
1074,0,2016-09-04 00:00:00,37.942
1074,0,2016-09-04 01:00:00,38.905
1074,0,2016-09-04 02:00:00,38.451
1074,0,2016-09-04 03:00:00,36.352
1074,0,2016-09-04 04:00:00,35.86
1074,0,2016-09-04 05:00:00,36.069
1074,0,2016-09-04 06:00:00,36.603
1074,0,2016-09-04 07:00:00,39.362
1074,0,2016-09-04 08:00:00,38.797
1074,0,2016-09-04 09:00:00,36.149
1074,0,2016-09-04 10:00:00,34.439
1074,0,2016-09-04 11:00:00,34.236
1074,0,2016-09-04 12:00:00,34.838
1074,0,2016-09-04 13:00:00,34.716
1074,0,2016-09-04 14:00:00,34.853
1074,0,2016-09-04 15:00:00,34.654
1074,0,2016-09-04 16:00:00,34.787
1074,0,2016-09-04 17:00:00,34.721
1074,0,2016-09-04 18:00:00,34.718
1074,0,2016-09-04 19:00:00,34.68
1074,0,2016-09-04 20:00:00,35.463
1074,0,2016-09-04 21:00:00,36.613
1074,0,2016-09-04 22:00:00,36.63
1074,0,2016-09-04 23:00:00,36.144
1074,0,2016-09-05 00:00:00,36.227
1074,0,2016-09-05 01:00:00,38.714
1074,0,2016-09-05 02:00:00,38.435
1074,0,2016-09-05 03:00:00,36.187
1074,0,2016-09-05 04:00:00,36.205
1074,0,2016-09-05 05:00:00,36.131
1074,0,2016-09-05 06:00:00,47.839
1074,0,2016-09-05 07:00:00,53.945
1074,0,2016-09-05 08:00:00,48.438
1074,0,2016-09-05 09:00:00,43.286
1074,0,2016-09-05 10:00:00,41.339
1074,0,2016-09-05 11:00:00,42.523
1074,0,2016-09-05 12:00:00,42.804
1074,0,2016-09-05 13:00:00,42.619
1074,0,2016-09-05 14:00:00,41.754
1074,0,2016-09-05 15:00:00,41.592
1074,0,2016-09-05 16:00:00,40.53
1074,0,2016-09-05 17:00:00,40.248000000000005
1074,0,2016-09-05 18:00:00,39.724
1074,0,2016-09-05 19:00:00,36.598
1074,0,2016-09-05 20:00:00,33.048
1074,0,2016-09-05 21:00:00,33.715
1074,0,2016-09-05 22:00:00,33.512
1074,0,2016-09-05 23:00:00,32.931999999999995
1074,0,2016-09-06 00:00:00,33.32
1074,0,2016-09-06 01:00:00,35.899
1074,0,2016-09-06 02:00:00,35.43
1074,0,2016-09-06 03:00:00,33.212
1074,0,2016-09-06 04:00:00,33.0
1074,0,2016-09-06 05:00:00,33.279
1074,0,2016-09-06 06:00:00,33.915
1074,0,2016-09-06 07:00:00,76.312
1074,0,2016-09-06 08:00:00,90.17
1074,0,2016-09-06 09:00:00,109.391
1074,0,2016-09-06 10:00:00,116.214
1074,0,2016-09-06 11:00:00,126.162
1074,0,2016-09-06 12:00:00,133.326
1074,0,2016-09-06 13:00:00,128.045
1074,0,2016-09-06 14:00:00,142.395
1074,0,2016-09-06 15:00:00,124.309
1074,0,2016-09-06 16:00:00,128.054
1074,0,2016-09-06 17:00:00,113.636
1074,0,2016-09-06 18:00:00,94.168
1074,0,2016-09-06 19:00:00,78.85600000000001
1074,0,2016-09-06 20:00:00,44.747
1074,0,2016-09-06 21:00:00,40.363
1074,0,2016-09-06 22:00:00,38.773
1074,0,2016-09-06 23:00:00,38.91
1074,0,2016-09-07 00:00:00,38.688
1074,0,2016-09-07 01:00:00,41.61600000000001
1074,0,2016-09-07 02:00:00,41.183
1074,0,2016-09-07 03:00:00,39.224
1074,0,2016-09-07 04:00:00,37.985
1074,0,2016-09-07 05:00:00,38.59
1074,0,2016-09-07 06:00:00,40.397
1074,0,2016-09-07 07:00:00,91.057
1074,0,2016-09-07 08:00:00,93.896
1074,0,2016-09-07 09:00:00,104.87
1074,0,2016-09-07 10:00:00,120.549
1074,0,2016-09-07 11:00:00,131.458
1074,0,2016-09-07 12:00:00,133.276
1074,0,2016-09-07 13:00:00,132.296
1074,0,2016-09-07 14:00:00,133.958
1074,0,2016-09-07 15:00:00,130.27100000000002
1074,0,2016-09-07 16:00:00,123.613
1074,0,2016-09-07 17:00:00,104.96
1074,0,2016-09-07 18:00:00,92.563
1074,0,2016-09-07 19:00:00,80.771
1074,0,2016-09-07 20:00:00,60.399
1074,0,2016-09-07 21:00:00,51.563
1074,0,2016-09-07 22:00:00,48.627
1074,0,2016-09-07 23:00:00,46.787
1074,0,2016-09-08 00:00:00,46.475
1074,0,2016-09-08 01:00:00,48.066
1074,0,2016-09-08 02:00:00,47.964
1074,0,2016-09-08 03:00:00,46.575
1074,0,2016-09-08 04:00:00,45.023
1074,0,2016-09-08 05:00:00,44.941
1074,0,2016-09-08 06:00:00,48.354
1074,0,2016-09-08 07:00:00,73.083
1074,0,2016-09-08 08:00:00,78.668
1074,0,2016-09-08 09:00:00,101.241
1074,0,2016-09-08 10:00:00,117.946
1074,0,2016-09-08 11:00:00,131.605
1074,0,2016-09-08 12:00:00,127.339
1074,0,2016-09-08 13:00:00,122.589
1074,0,2016-09-08 14:00:00,122.882
1074,0,2016-09-08 15:00:00,121.693
1074,0,2016-09-08 16:00:00,113.067
1074,0,2016-09-08 17:00:00,101.01
1074,0,2016-09-08 18:00:00,81.594
1074,0,2016-09-08 19:00:00,67.35300000000001
1074,0,2016-09-08 20:00:00,51.144
1074,0,2016-09-08 21:00:00,50.17100000000001
1074,0,2016-09-08 22:00:00,47.72
1074,0,2016-09-08 23:00:00,46.462
1074,0,2016-09-09 00:00:00,46.908
1074,0,2016-09-09 01:00:00,49.164
1074,0,2016-09-09 02:00:00,50.539
1074,0,2016-09-09 03:00:00,47.755
1074,0,2016-09-09 04:00:00,47.405
1074,0,2016-09-09 05:00:00,48.264
1074,0,2016-09-09 06:00:00,48.294
1074,0,2016-09-09 07:00:00,72.532
1074,0,2016-09-09 08:00:00,70.984
1074,0,2016-09-09 09:00:00,84.405
1074,0,2016-09-09 10:00:00,99.825
1074,0,2016-09-09 11:00:00,112.094
1074,0,2016-09-09 12:00:00,114.605
1074,0,2016-09-09 13:00:00,103.654
1074,0,2016-09-09 14:00:00,98.747
1074,0,2016-09-09 15:00:00,100.498
1074,0,2016-09-09 16:00:00,98.049
1074,0,2016-09-09 17:00:00,81.721
1074,0,2016-09-09 18:00:00,61.17
1074,0,2016-09-09 19:00:00,47.721
1074,0,2016-09-09 20:00:00,45.55
1074,0,2016-09-09 21:00:00,44.641000000000005
1074,0,2016-09-09 22:00:00,44.924
1074,0,2016-09-09 23:00:00,47.297
1074,0,2016-09-10 00:00:00,47.428
1074,0,2016-09-10 01:00:00,49.055
1074,0,2016-09-10 02:00:00,49.12
1074,0,2016-09-10 03:00:00,48.379
1074,0,2016-09-10 04:00:00,46.43
1074,0,2016-09-10 05:00:00,46.891000000000005
1074,0,2016-09-10 06:00:00,46.69
1074,0,2016-09-10 07:00:00,47.284
1074,0,2016-09-10 08:00:00,47.084
1074,0,2016-09-10 09:00:00,48.232
1074,0,2016-09-10 10:00:00,48.569
1074,0,2016-09-10 11:00:00,46.647
1074,0,2016-09-10 12:00:00,45.86600000000001
1074,0,2016-09-10 13:00:00,44.215
1074,0,2016-09-10 14:00:00,42.445
1074,0,2016-09-10 15:00:00,40.459
1074,0,2016-09-10 16:00:00,40.033
1074,0,2016-09-10 17:00:00,40.804
1074,0,2016-09-10 18:00:00,41.335
1074,0,2016-09-10 19:00:00,41.767
1074,0,2016-09-10 20:00:00,40.794
1074,0,2016-09-10 21:00:00,41.104
1074,0,2016-09-10 22:00:00,42.714
1074,0,2016-09-10 23:00:00,43.531000000000006
1074,0,2016-09-11 00:00:00,43.641000000000005
1074,0,2016-09-11 01:00:00,44.899
1074,0,2016-09-11 02:00:00,45.364
1074,0,2016-09-11 03:00:00,43.138000000000005
1074,0,2016-09-11 04:00:00,42.779
1074,0,2016-09-11 05:00:00,43.026
1074,0,2016-09-11 06:00:00,42.226000000000006
1074,0,2016-09-11 07:00:00,43.965
1074,0,2016-09-11 08:00:00,43.414
1074,0,2016-09-11 09:00:00,44.229
1074,0,2016-09-11 10:00:00,42.353
1074,0,2016-09-11 11:00:00,40.023
1074,0,2016-09-11 12:00:00,38.513000000000005
1074,0,2016-09-11 13:00:00,38.63
1074,0,2016-09-11 14:00:00,38.297
1074,0,2016-09-11 15:00:00,38.437
1074,0,2016-09-11 16:00:00,39.13
1074,0,2016-09-11 17:00:00,40.458
1074,0,2016-09-11 18:00:00,41.182
1074,0,2016-09-11 19:00:00,41.876000000000005
1074,0,2016-09-11 20:00:00,41.125
1074,0,2016-09-11 21:00:00,41.468
1074,0,2016-09-11 22:00:00,40.341
1074,0,2016-09-11 23:00:00,40.663
1074,0,2016-09-12 00:00:00,40.589
1074,0,2016-09-12 01:00:00,42.596
1074,0,2016-09-12 02:00:00,45.25
1074,0,2016-09-12 03:00:00,42.905
1074,0,2016-09-12 04:00:00,42.511
1074,0,2016-09-12 05:00:00,42.172
1074,0,2016-09-12 06:00:00,48.715
1074,0,2016-09-12 07:00:00,70.07600000000001
1074,0,2016-09-12 08:00:00,68.652
1074,0,2016-09-12 09:00:00,90.561
1074,0,2016-09-12 10:00:00,107.312
1074,0,2016-09-12 11:00:00,112.917
1074,0,2016-09-12 12:00:00,107.265
1074,0,2016-09-12 13:00:00,116.292
1074,0,2016-09-12 14:00:00,119.616
1074,0,2016-09-12 15:00:00,115.54
1074,0,2016-09-12 16:00:00,108.455
1074,0,2016-09-12 17:00:00,96.83
1074,0,2016-09-12 18:00:00,77.289
1074,0,2016-09-12 19:00:00,66.27600000000001
1074,0,2016-09-12 20:00:00,49.587
1074,0,2016-09-12 21:00:00,46.448
1074,0,2016-09-12 22:00:00,44.48
1074,0,2016-09-12 23:00:00,43.43
1074,0,2016-09-13 00:00:00,46.632
1074,0,2016-09-13 01:00:00,47.511
1074,0,2016-09-13 02:00:00,47.542
1074,0,2016-09-13 03:00:00,45.471
1074,0,2016-09-13 04:00:00,44.368
1074,0,2016-09-13 05:00:00,46.637
1074,0,2016-09-13 06:00:00,50.576
1074,0,2016-09-13 07:00:00,73.582
1074,0,2016-09-13 08:00:00,70.35
1074,0,2016-09-13 09:00:00,88.385
1074,0,2016-09-13 10:00:00,113.663
1074,0,2016-09-13 11:00:00,130.189
1074,0,2016-09-13 12:00:00,129.468
1074,0,2016-09-13 13:00:00,123.741
1074,0,2016-09-13 14:00:00,120.792
1074,0,2016-09-13 15:00:00,125.343
1074,0,2016-09-13 16:00:00,115.759
1074,0,2016-09-13 17:00:00,104.782
1074,0,2016-09-13 18:00:00,80.13600000000001
1074,0,2016-09-13 19:00:00,62.804
1074,0,2016-09-13 20:00:00,51.937
1074,0,2016-09-13 21:00:00,49.182
1074,0,2016-09-13 22:00:00,47.516000000000005
1074,0,2016-09-13 23:00:00,45.894
1074,0,2016-09-14 00:00:00,44.952
1074,0,2016-09-14 01:00:00,47.388000000000005
1074,0,2016-09-14 02:00:00,47.125
1074,0,2016-09-14 03:00:00,45.637
1074,0,2016-09-14 04:00:00,47.769
1074,0,2016-09-14 05:00:00,47.18600000000001
1074,0,2016-09-14 06:00:00,49.505
1074,0,2016-09-14 07:00:00,67.153
1074,0,2016-09-14 08:00:00,61.063
1074,0,2016-09-14 09:00:00,83.272
1074,0,2016-09-14 10:00:00,91.021
1074,0,2016-09-14 11:00:00,106.534
1074,0,2016-09-14 12:00:00,111.849
1074,0,2016-09-14 13:00:00,114.274
1074,0,2016-09-14 14:00:00,118.701
1074,0,2016-09-14 15:00:00,110.348
1074,0,2016-09-14 16:00:00,105.098
1074,0,2016-09-14 17:00:00,96.782
1074,0,2016-09-14 18:00:00,83.20299999999999
1074,0,2016-09-14 19:00:00,75.964
1074,0,2016-09-14 20:00:00,48.294
1074,0,2016-09-14 21:00:00,41.918
1074,0,2016-09-14 22:00:00,39.747
1074,0,2016-09-14 23:00:00,38.409
1074,0,2016-09-15 00:00:00,37.55
1074,0,2016-09-15 01:00:00,39.934
1074,0,2016-09-15 02:00:00,39.576
1074,0,2016-09-15 03:00:00,37.838
1074,0,2016-09-15 04:00:00,37.214
1074,0,2016-09-15 05:00:00,37.099
1074,0,2016-09-15 06:00:00,40.74
1074,0,2016-09-15 07:00:00,63.586000000000006
1074,0,2016-09-15 08:00:00,62.775
1074,0,2016-09-15 09:00:00,84.432
1074,0,2016-09-15 10:00:00,104.173
1074,0,2016-09-15 11:00:00,118.316
1074,0,2016-09-15 12:00:00,118.272
1074,0,2016-09-15 13:00:00,115.03
1074,0,2016-09-15 14:00:00,111.905
1074,0,2016-09-15 15:00:00,112.067
1074,0,2016-09-15 16:00:00,107.936
1074,0,2016-09-15 17:00:00,95.271
1074,0,2016-09-15 18:00:00,78.465
1074,0,2016-09-15 19:00:00,72.888
1074,0,2016-09-15 20:00:00,52.011
1074,0,2016-09-15 21:00:00,47.647
1074,0,2016-09-15 22:00:00,45.337
1074,0,2016-09-15 23:00:00,42.407
1074,0,2016-09-16 00:00:00,42.309
1074,0,2016-09-16 01:00:00,43.693000000000005
1074,0,2016-09-16 02:00:00,43.101000000000006
1074,0,2016-09-16 03:00:00,40.732
1074,0,2016-09-16 04:00:00,40.664
1074,0,2016-09-16 05:00:00,39.967
1074,0,2016-09-16 06:00:00,41.55
1074,0,2016-09-16 07:00:00,67.29899999999999
1074,0,2016-09-16 08:00:00,68.83800000000001
1074,0,2016-09-16 09:00:00,79.594
1074,0,2016-09-16 10:00:00,94.554
1074,0,2016-09-16 11:00:00,104.42
1074,0,2016-09-16 12:00:00,107.025
1074,0,2016-09-16 13:00:00,105.815
1074,0,2016-09-16 14:00:00,100.958
1074,0,2016-09-16 15:00:00,96.935
1074,0,2016-09-16 16:00:00,94.325
1074,0,2016-09-16 17:00:00,85.31700000000001
1074,0,2016-09-16 18:00:00,59.963
1074,0,2016-09-16 19:00:00,47.387
1074,0,2016-09-16 20:00:00,41.453
1074,0,2016-09-16 21:00:00,40.828
1074,0,2016-09-16 22:00:00,39.234
1074,0,2016-09-16 23:00:00,39.13
1074,0,2016-09-17 00:00:00,39.197
1074,0,2016-09-17 01:00:00,41.085
1074,0,2016-09-17 02:00:00,40.325
1074,0,2016-09-17 03:00:00,38.112
1074,0,2016-09-17 04:00:00,37.627
1074,0,2016-09-17 05:00:00,37.558
1074,0,2016-09-17 06:00:00,37.326
1074,0,2016-09-17 07:00:00,39.827
1074,0,2016-09-17 08:00:00,41.202
1074,0,2016-09-17 09:00:00,43.872
1074,0,2016-09-17 10:00:00,51.622
1074,0,2016-09-17 11:00:00,66.632
1074,0,2016-09-17 12:00:00,63.487
1074,0,2016-09-17 13:00:00,58.906000000000006
1074,0,2016-09-17 14:00:00,57.36
1074,0,2016-09-17 15:00:00,55.922
1074,0,2016-09-17 16:00:00,56.054
1074,0,2016-09-17 17:00:00,55.74
1074,0,2016-09-17 18:00:00,47.633
1074,0,2016-09-17 19:00:00,36.764
1074,0,2016-09-17 20:00:00,37.982
1074,0,2016-09-17 21:00:00,37.545
1074,0,2016-09-17 22:00:00,38.157
1074,0,2016-09-17 23:00:00,37.985
1074,0,2016-09-18 00:00:00,37.888000000000005
1074,0,2016-09-18 01:00:00,40.025
1074,0,2016-09-18 02:00:00,40.215
1074,0,2016-09-18 03:00:00,37.855
1074,0,2016-09-18 04:00:00,37.744
1074,0,2016-09-18 05:00:00,37.59
1074,0,2016-09-18 06:00:00,37.447
1074,0,2016-09-18 07:00:00,39.275
1074,0,2016-09-18 08:00:00,55.316
1074,0,2016-09-18 09:00:00,57.127
1074,0,2016-09-18 10:00:00,54.213
1074,0,2016-09-18 11:00:00,54.873000000000005
1074,0,2016-09-18 12:00:00,53.97
1074,0,2016-09-18 13:00:00,55.091
1074,0,2016-09-18 14:00:00,54.882
1074,0,2016-09-18 15:00:00,55.773
1074,0,2016-09-18 16:00:00,58.263000000000005
1074,0,2016-09-18 17:00:00,55.63399999999999
1074,0,2016-09-18 18:00:00,44.55
1074,0,2016-09-18 19:00:00,36.252
1074,0,2016-09-18 20:00:00,38.095
1074,0,2016-09-18 21:00:00,38.045
1074,0,2016-09-18 22:00:00,37.942
1074,0,2016-09-18 23:00:00,37.681
1074,0,2016-09-19 00:00:00,38.516
1074,0,2016-09-19 01:00:00,40.131
1074,0,2016-09-19 02:00:00,40.242
1074,0,2016-09-19 03:00:00,37.755
1074,0,2016-09-19 04:00:00,37.546
1074,0,2016-09-19 05:00:00,40.341
1074,0,2016-09-19 06:00:00,53.127
1074,0,2016-09-19 07:00:00,75.812
1074,0,2016-09-19 08:00:00,71.502
1074,0,2016-09-19 09:00:00,83.552
1074,0,2016-09-19 10:00:00,106.151
1074,0,2016-09-19 11:00:00,117.267
1074,0,2016-09-19 12:00:00,119.807
1074,0,2016-09-19 13:00:00,120.423
1074,0,2016-09-19 14:00:00,121.531
1074,0,2016-09-19 15:00:00,118.225
1074,0,2016-09-19 16:00:00,116.196
1074,0,2016-09-19 17:00:00,110.748
1074,0,2016-09-19 18:00:00,90.655
1074,0,2016-09-19 19:00:00,73.925
1074,0,2016-09-19 20:00:00,42.672
1074,0,2016-09-19 21:00:00,39.865
1074,0,2016-09-19 22:00:00,39.612
1074,0,2016-09-19 23:00:00,39.448
1074,0,2016-09-20 00:00:00,38.956
1074,0,2016-09-20 01:00:00,41.077
1074,0,2016-09-20 02:00:00,40.891
1074,0,2016-09-20 03:00:00,38.556
1074,0,2016-09-20 04:00:00,38.691
1074,0,2016-09-20 05:00:00,38.666
1074,0,2016-09-20 06:00:00,41.631
1074,0,2016-09-20 07:00:00,74.433
1074,0,2016-09-20 08:00:00,66.747
1074,0,2016-09-20 09:00:00,83.57600000000001
1074,0,2016-09-20 10:00:00,105.642
1074,0,2016-09-20 11:00:00,118.043
1074,0,2016-09-20 12:00:00,119.286
1074,0,2016-09-20 13:00:00,117.361
1074,0,2016-09-20 14:00:00,117.842
1074,0,2016-09-20 15:00:00,126.561
1074,0,2016-09-20 16:00:00,104.468
1074,0,2016-09-20 17:00:00,107.509
1074,0,2016-09-20 18:00:00,89.90799999999999
1074,0,2016-09-20 19:00:00,75.077
1074,0,2016-09-20 20:00:00,45.637
1074,0,2016-09-20 21:00:00,42.194
1074,0,2016-09-20 22:00:00,39.561
1074,0,2016-09-20 23:00:00,39.606
1074,0,2016-09-21 00:00:00,38.957
1074,0,2016-09-21 01:00:00,41.606
1074,0,2016-09-21 02:00:00,40.879
1074,0,2016-09-21 03:00:00,39.231
1074,0,2016-09-21 04:00:00,39.036
1074,0,2016-09-21 05:00:00,39.4
1074,0,2016-09-21 06:00:00,41.61
1074,0,2016-09-21 07:00:00,77.223
1074,0,2016-09-21 08:00:00,72.275
1074,0,2016-09-21 09:00:00,84.45200000000001
1074,0,2016-09-21 10:00:00,102.951
1074,0,2016-09-21 11:00:00,113.628
1074,0,2016-09-21 12:00:00,117.892
1074,0,2016-09-21 13:00:00,117.245
1074,0,2016-09-21 14:00:00,115.341
1074,0,2016-09-21 15:00:00,112.908
1074,0,2016-09-21 16:00:00,108.077
1074,0,2016-09-21 17:00:00,99.224
1074,0,2016-09-21 18:00:00,84.874
1074,0,2016-09-21 19:00:00,73.01100000000001
1074,0,2016-09-21 20:00:00,52.411
1074,0,2016-09-21 21:00:00,44.77
1074,0,2016-09-21 22:00:00,43.304
1074,0,2016-09-21 23:00:00,42.295
1074,0,2016-09-22 00:00:00,41.805
1074,0,2016-09-22 01:00:00,43.437
1074,0,2016-09-22 02:00:00,43.535
1074,0,2016-09-22 03:00:00,42.087
1074,0,2016-09-22 04:00:00,41.04600000000001
1074,0,2016-09-22 05:00:00,41.074
1074,0,2016-09-22 06:00:00,43.663
1074,0,2016-09-22 07:00:00,68.2
1074,0,2016-09-22 08:00:00,68.064
1074,0,2016-09-22 09:00:00,88.281
1074,0,2016-09-22 10:00:00,102.6
1074,0,2016-09-22 11:00:00,114.167
1074,0,2016-09-22 12:00:00,120.169
1074,0,2016-09-22 13:00:00,116.857
1074,0,2016-09-22 14:00:00,112.476
1074,0,2016-09-22 15:00:00,113.664
1074,0,2016-09-22 16:00:00,108.31
1074,0,2016-09-22 17:00:00,96.957
1074,0,2016-09-22 18:00:00,78.597
1074,0,2016-09-22 19:00:00,65.301
1074,0,2016-09-22 20:00:00,47.948
1074,0,2016-09-22 21:00:00,44.46
1074,0,2016-09-22 22:00:00,40.939
1074,0,2016-09-22 23:00:00,36.923
1074,0,2016-09-23 00:00:00,36.417
1074,0,2016-09-23 01:00:00,38.085
1074,0,2016-09-23 02:00:00,38.125
1074,0,2016-09-23 03:00:00,35.893
1074,0,2016-09-23 04:00:00,35.905
1074,0,2016-09-23 05:00:00,35.609
1074,0,2016-09-23 06:00:00,37.515
1074,0,2016-09-23 07:00:00,65.648
1074,0,2016-09-23 08:00:00,71.005
1074,0,2016-09-23 09:00:00,79.888
1074,0,2016-09-23 10:00:00,88.70100000000001
1074,0,2016-09-23 11:00:00,96.963
1074,0,2016-09-23 12:00:00,107.082
1074,0,2016-09-23 13:00:00,113.225
1074,0,2016-09-23 14:00:00,112.087
1074,0,2016-09-23 15:00:00,104.591
1074,0,2016-09-23 16:00:00,105.943
1074,0,2016-09-23 17:00:00,90.18
1074,0,2016-09-23 18:00:00,58.684
1074,0,2016-09-23 19:00:00,45.461000000000006
1074,0,2016-09-23 20:00:00,38.808
1074,0,2016-09-23 21:00:00,37.96
1074,0,2016-09-23 22:00:00,40.062
1074,0,2016-09-23 23:00:00,37.577
1074,0,2016-09-24 00:00:00,37.969
1074,0,2016-09-24 01:00:00,40.65
1074,0,2016-09-24 02:00:00,39.15
1074,0,2016-09-24 03:00:00,38.042
1074,0,2016-09-24 04:00:00,37.341
1074,0,2016-09-24 05:00:00,37.171
1074,0,2016-09-24 06:00:00,37.094
1074,0,2016-09-24 07:00:00,39.141
1074,0,2016-09-24 08:00:00,54.772
1074,0,2016-09-24 09:00:00,56.609
1074,0,2016-09-24 10:00:00,54.577
1074,0,2016-09-24 11:00:00,54.127
1074,0,2016-09-24 12:00:00,53.74
1074,0,2016-09-24 13:00:00,52.992
1074,0,2016-09-24 14:00:00,53.525
1074,0,2016-09-24 15:00:00,53.36
1074,0,2016-09-24 16:00:00,52.552
1074,0,2016-09-24 17:00:00,53.09
1074,0,2016-09-24 18:00:00,45.29
1074,0,2016-09-24 19:00:00,35.659
1074,0,2016-09-24 20:00:00,37.108
1074,0,2016-09-24 21:00:00,37.423
1074,0,2016-09-24 22:00:00,37.108
1074,0,2016-09-24 23:00:00,37.15
1074,0,2016-09-25 00:00:00,37.047
1074,0,2016-09-25 01:00:00,39.468
1074,0,2016-09-25 02:00:00,39.403
1074,0,2016-09-25 03:00:00,37.176
1074,0,2016-09-25 04:00:00,36.894
1074,0,2016-09-25 05:00:00,37.056
1074,0,2016-09-25 06:00:00,36.925
1074,0,2016-09-25 07:00:00,38.455
1074,0,2016-09-25 08:00:00,53.224
1074,0,2016-09-25 09:00:00,54.313
1074,0,2016-09-25 10:00:00,53.303
1074,0,2016-09-25 11:00:00,54.18
1074,0,2016-09-25 12:00:00,53.614
1074,0,2016-09-25 13:00:00,52.882
1074,0,2016-09-25 14:00:00,51.742
1074,0,2016-09-25 15:00:00,52.672
1074,0,2016-09-25 16:00:00,52.897
1074,0,2016-09-25 17:00:00,52.271
1074,0,2016-09-25 18:00:00,45.416
1074,0,2016-09-25 19:00:00,36.695
1074,0,2016-09-25 20:00:00,38.406
1074,0,2016-09-25 21:00:00,38.009
1074,0,2016-09-25 22:00:00,37.073
1074,0,2016-09-25 23:00:00,36.524
1074,0,2016-09-26 00:00:00,36.784
1074,0,2016-09-26 01:00:00,38.852
1074,0,2016-09-26 02:00:00,38.414
1074,0,2016-09-26 03:00:00,36.24
1074,0,2016-09-26 04:00:00,36.299
1074,0,2016-09-26 05:00:00,35.993
1074,0,2016-09-26 06:00:00,43.58
1074,0,2016-09-26 07:00:00,74.415
1074,0,2016-09-26 08:00:00,65.186
1074,0,2016-09-26 09:00:00,87.556
1074,0,2016-09-26 10:00:00,104.885
1074,0,2016-09-26 11:00:00,115.34
1074,0,2016-09-26 12:00:00,122.296
1074,0,2016-09-26 13:00:00,121.182
1074,0,2016-09-26 14:00:00,122.094
1074,0,2016-09-26 15:00:00,116.19
1074,0,2016-09-26 16:00:00,113.604
1074,0,2016-09-26 17:00:00,98.786
1074,0,2016-09-26 18:00:00,79.79
1074,0,2016-09-26 19:00:00,69.278
1074,0,2016-09-26 20:00:00,47.287
1074,0,2016-09-26 21:00:00,42.083
1074,0,2016-09-26 22:00:00,40.319
1074,0,2016-09-26 23:00:00,40.169
1074,0,2016-09-27 00:00:00,40.367
1074,0,2016-09-27 01:00:00,42.147
1074,0,2016-09-27 02:00:00,42.032
1074,0,2016-09-27 03:00:00,39.921
1074,0,2016-09-27 04:00:00,39.949
1074,0,2016-09-27 05:00:00,39.418
1074,0,2016-09-27 06:00:00,40.078
1074,0,2016-09-27 07:00:00,65.389
1074,0,2016-09-27 08:00:00,63.649
1074,0,2016-09-27 09:00:00,81.767
1074,0,2016-09-27 10:00:00,103.07
1074,0,2016-09-27 11:00:00,119.458
1074,0,2016-09-27 12:00:00,120.833
1074,0,2016-09-27 13:00:00,118.765
1074,0,2016-09-27 14:00:00,115.629
1074,0,2016-09-27 15:00:00,116.023
1074,0,2016-09-27 16:00:00,106.134
1074,0,2016-09-27 17:00:00,98.23
1074,0,2016-09-27 18:00:00,83.089
1074,0,2016-09-27 19:00:00,68.564
1074,0,2016-09-27 20:00:00,44.166
1074,0,2016-09-27 21:00:00,39.304
1074,0,2016-09-27 22:00:00,37.874
1074,0,2016-09-27 23:00:00,35.888000000000005
1074,0,2016-09-28 00:00:00,35.81
1074,0,2016-09-28 01:00:00,37.958
1074,0,2016-09-28 02:00:00,37.931
1074,0,2016-09-28 03:00:00,35.548
1074,0,2016-09-28 04:00:00,35.838
1074,0,2016-09-28 05:00:00,35.666
1074,0,2016-09-28 06:00:00,36.09
1074,0,2016-09-28 07:00:00,58.175
1074,0,2016-09-28 08:00:00,64.513
1074,0,2016-09-28 09:00:00,78.96600000000001
1074,0,2016-09-28 10:00:00,99.04
1074,0,2016-09-28 11:00:00,110.05
1074,0,2016-09-28 12:00:00,117.616
1074,0,2016-09-28 13:00:00,119.697
1074,0,2016-09-28 14:00:00,120.163
1074,0,2016-09-28 15:00:00,114.802
1074,0,2016-09-28 16:00:00,106.14
1074,0,2016-09-28 17:00:00,94.767
1074,0,2016-09-28 18:00:00,82.859
1074,0,2016-09-28 19:00:00,69.928
1074,0,2016-09-28 20:00:00,51.804
1074,0,2016-09-28 21:00:00,45.253
1074,0,2016-09-28 22:00:00,40.315
1074,0,2016-09-28 23:00:00,39.207
1074,0,2016-09-29 00:00:00,39.125
1074,0,2016-09-29 01:00:00,40.847
1074,0,2016-09-29 02:00:00,40.407
1074,0,2016-09-29 03:00:00,39.029
1074,0,2016-09-29 04:00:00,37.913
1074,0,2016-09-29 05:00:00,37.875
1074,0,2016-09-29 06:00:00,38.691
1074,0,2016-09-29 07:00:00,59.456
1074,0,2016-09-29 08:00:00,60.555
1074,0,2016-09-29 09:00:00,82.08200000000001
1074,0,2016-09-29 10:00:00,101.089
1074,0,2016-09-29 11:00:00,120.181
1074,0,2016-09-29 12:00:00,122.812
1074,0,2016-09-29 13:00:00,117.569
1074,0,2016-09-29 14:00:00,111.275
1074,0,2016-09-29 15:00:00,115.624
1074,0,2016-09-29 16:00:00,94.841
1074,0,2016-09-29 17:00:00,91.919
1074,0,2016-09-29 18:00:00,78.89399999999999
1074,0,2016-09-29 19:00:00,70.493
1074,0,2016-09-29 20:00:00,47.973
1074,0,2016-09-29 21:00:00,43.647
1074,0,2016-09-29 22:00:00,40.497
1074,0,2016-09-29 23:00:00,35.6
1074,0,2016-09-30 00:00:00,35.107
1074,0,2016-09-30 01:00:00,36.913
1074,0,2016-09-30 02:00:00,36.625
1074,0,2016-09-30 03:00:00,33.709
1074,0,2016-09-30 04:00:00,34.041
1074,0,2016-09-30 05:00:00,33.995
1074,0,2016-09-30 06:00:00,34.998000000000005
1074,0,2016-09-30 07:00:00,56.952
1074,0,2016-09-30 08:00:00,63.382
1074,0,2016-09-30 09:00:00,74.736
1074,0,2016-09-30 10:00:00,86.598
1074,0,2016-09-30 11:00:00,97.088
1074,0,2016-09-30 12:00:00,103.321
1074,0,2016-09-30 13:00:00,106.319
1074,0,2016-09-30 14:00:00,96.076
1074,0,2016-09-30 15:00:00,94.232
1074,0,2016-09-30 16:00:00,86.109
1074,0,2016-09-30 17:00:00,73.449
1074,0,2016-09-30 18:00:00,50.2
1074,0,2016-09-30 19:00:00,40.171
1074,0,2016-09-30 20:00:00,37.423
1074,0,2016-09-30 21:00:00,35.873000000000005
1074,0,2016-09-30 22:00:00,33.719
1074,0,2016-09-30 23:00:00,33.55
1074,0,2016-10-01 00:00:00,34.113
1074,0,2016-10-01 01:00:00,36.497
1074,0,2016-10-01 02:00:00,35.931
1074,0,2016-10-01 03:00:00,33.814
1074,0,2016-10-01 04:00:00,33.666
1074,0,2016-10-01 05:00:00,33.644
1074,0,2016-10-01 06:00:00,33.555
1074,0,2016-10-01 07:00:00,35.217
1074,0,2016-10-01 08:00:00,35.013000000000005
1074,0,2016-10-01 09:00:00,33.761
1074,0,2016-10-01 10:00:00,31.286
1074,0,2016-10-01 11:00:00,31.584
1074,0,2016-10-01 12:00:00,31.463
1074,0,2016-10-01 13:00:00,31.712
1074,0,2016-10-01 14:00:00,31.682
1074,0,2016-10-01 15:00:00,31.498
1074,0,2016-10-01 16:00:00,32.108000000000004
1074,0,2016-10-01 17:00:00,31.575
1074,0,2016-10-01 18:00:00,31.783
1074,0,2016-10-01 19:00:00,31.479
1074,0,2016-10-01 20:00:00,33.36
1074,0,2016-10-01 21:00:00,33.607
1074,0,2016-10-01 22:00:00,33.474000000000004
1074,0,2016-10-01 23:00:00,33.232
1074,0,2016-10-02 00:00:00,34.007
1074,0,2016-10-02 01:00:00,35.955
1074,0,2016-10-02 02:00:00,35.751
1074,0,2016-10-02 03:00:00,33.441
1074,0,2016-10-02 04:00:00,33.486999999999995
1074,0,2016-10-02 05:00:00,33.482
1074,0,2016-10-02 06:00:00,33.431
1074,0,2016-10-02 07:00:00,35.236
1074,0,2016-10-02 08:00:00,34.925
1074,0,2016-10-02 09:00:00,33.527
1074,0,2016-10-02 10:00:00,31.033
1074,0,2016-10-02 11:00:00,30.78
1074,0,2016-10-02 12:00:00,30.882
1074,0,2016-10-02 13:00:00,31.218000000000004
1074,0,2016-10-02 14:00:00,31.492
1074,0,2016-10-02 15:00:00,31.28
1074,0,2016-10-02 16:00:00,31.789
1074,0,2016-10-02 17:00:00,30.923
1074,0,2016-10-02 18:00:00,31.277
1074,0,2016-10-02 19:00:00,31.463
1074,0,2016-10-02 20:00:00,33.606
1074,0,2016-10-02 21:00:00,33.422
1074,0,2016-10-02 22:00:00,33.576
1074,0,2016-10-02 23:00:00,33.691
1074,0,2016-10-03 00:00:00,34.19
1074,0,2016-10-03 01:00:00,36.221
1074,0,2016-10-03 02:00:00,35.651
1074,0,2016-10-03 03:00:00,33.719
1074,0,2016-10-03 04:00:00,33.433
1074,0,2016-10-03 05:00:00,33.374
1074,0,2016-10-03 06:00:00,38.693000000000005
1074,0,2016-10-03 07:00:00,67.26
1074,0,2016-10-03 08:00:00,68.798
1074,0,2016-10-03 09:00:00,83.885
1074,0,2016-10-03 10:00:00,103.988
1074,0,2016-10-03 11:00:00,118.04
1074,0,2016-10-03 12:00:00,121.997
1074,0,2016-10-03 13:00:00,123.477
1074,0,2016-10-03 14:00:00,126.922
1074,0,2016-10-03 15:00:00,124.427
1074,0,2016-10-03 16:00:00,118.541
1074,0,2016-10-03 17:00:00,109.096
1074,0,2016-10-03 18:00:00,84.96
1074,0,2016-10-03 19:00:00,68.84
1074,0,2016-10-03 20:00:00,46.29
1074,0,2016-10-03 21:00:00,41.327
1074,0,2016-10-03 22:00:00,35.623000000000005
1074,0,2016-10-03 23:00:00,34.993
1074,0,2016-10-04 00:00:00,35.154
1074,0,2016-10-04 01:00:00,37.111
1074,0,2016-10-04 02:00:00,36.67
1074,0,2016-10-04 03:00:00,34.703
1074,0,2016-10-04 04:00:00,34.709
1074,0,2016-10-04 05:00:00,34.702
1074,0,2016-10-04 06:00:00,35.131
1074,0,2016-10-04 07:00:00,63.192
1074,0,2016-10-04 08:00:00,62.411
1074,0,2016-10-04 09:00:00,87.929
1074,0,2016-10-04 10:00:00,111.026
1074,0,2016-10-04 11:00:00,126.872
1074,0,2016-10-04 12:00:00,129.024
1074,0,2016-10-04 13:00:00,124.432
1074,0,2016-10-04 14:00:00,120.907
1074,0,2016-10-04 15:00:00,122.703
1074,0,2016-10-04 16:00:00,116.247
1074,0,2016-10-04 17:00:00,111.188
1074,0,2016-10-04 18:00:00,87.37
1074,0,2016-10-04 19:00:00,73.084
1074,0,2016-10-04 20:00:00,51.722
1074,0,2016-10-04 21:00:00,44.06
1074,0,2016-10-04 22:00:00,40.782
1074,0,2016-10-04 23:00:00,40.532
1074,0,2016-10-05 00:00:00,40.201
1074,0,2016-10-05 01:00:00,42.213
1074,0,2016-10-05 02:00:00,42.373000000000005
1074,0,2016-10-05 03:00:00,40.039
1074,0,2016-10-05 04:00:00,39.824
1074,0,2016-10-05 05:00:00,39.717
1074,0,2016-10-05 06:00:00,39.69
1074,0,2016-10-05 07:00:00,62.758
1074,0,2016-10-05 08:00:00,62.995
1074,0,2016-10-05 09:00:00,75.598
1074,0,2016-10-05 10:00:00,91.059
1074,0,2016-10-05 11:00:00,100.009
1074,0,2016-10-05 12:00:00,103.752
1074,0,2016-10-05 13:00:00,105.895
1074,0,2016-10-05 14:00:00,107.937
1074,0,2016-10-05 15:00:00,106.736
1074,0,2016-10-05 16:00:00,104.302
1074,0,2016-10-05 17:00:00,99.258
1074,0,2016-10-05 18:00:00,78.851
1074,0,2016-10-05 19:00:00,63.059
1074,0,2016-10-05 20:00:00,48.758
1074,0,2016-10-05 21:00:00,44.567
1074,0,2016-10-05 22:00:00,40.812
1074,0,2016-10-05 23:00:00,38.476
1074,0,2016-10-06 00:00:00,36.53
1074,0,2016-10-06 01:00:00,38.79
1074,0,2016-10-06 02:00:00,38.445
1074,0,2016-10-06 03:00:00,37.151
1074,0,2016-10-06 04:00:00,35.114000000000004
1074,0,2016-10-06 05:00:00,35.001
1074,0,2016-10-06 06:00:00,35.839
1074,0,2016-10-06 07:00:00,57.86600000000001
1074,0,2016-10-06 08:00:00,61.888000000000005
1074,0,2016-10-06 09:00:00,79.661
1074,0,2016-10-06 10:00:00,98.661
1074,0,2016-10-06 11:00:00,112.695
1074,0,2016-10-06 12:00:00,118.505
1074,0,2016-10-06 13:00:00,116.699
1074,0,2016-10-06 14:00:00,116.169
1074,0,2016-10-06 15:00:00,116.782
1074,0,2016-10-06 16:00:00,112.281
1074,0,2016-10-06 17:00:00,101.465
1074,0,2016-10-06 18:00:00,75.736
1074,0,2016-10-06 19:00:00,65.31
1074,0,2016-10-06 20:00:00,51.034
1074,0,2016-10-06 21:00:00,46.1
1074,0,2016-10-06 22:00:00,43.43
1074,0,2016-10-06 23:00:00,39.644
1074,0,2016-10-07 00:00:00,37.645
1074,0,2016-10-07 01:00:00,40.074
1074,0,2016-10-07 02:00:00,39.597
1074,0,2016-10-07 03:00:00,37.646
1074,0,2016-10-07 04:00:00,37.776
1074,0,2016-10-07 05:00:00,37.419
1074,0,2016-10-07 06:00:00,37.279
1074,0,2016-10-07 07:00:00,57.788
1074,0,2016-10-07 08:00:00,61.79600000000001
1074,0,2016-10-07 09:00:00,78.366
1074,0,2016-10-07 10:00:00,95.797
1074,0,2016-10-07 11:00:00,104.728
1074,0,2016-10-07 12:00:00,113.728
1074,0,2016-10-07 13:00:00,111.4
1074,0,2016-10-07 14:00:00,106.905
1074,0,2016-10-07 15:00:00,103.649
1074,0,2016-10-07 16:00:00,94.197
1074,0,2016-10-07 17:00:00,83.0
1074,0,2016-10-07 18:00:00,58.38
1074,0,2016-10-07 19:00:00,46.5
1074,0,2016-10-07 20:00:00,37.173
1074,0,2016-10-07 21:00:00,36.237
1074,0,2016-10-07 22:00:00,35.996
1074,0,2016-10-07 23:00:00,35.026
1074,0,2016-10-08 00:00:00,34.529
1074,0,2016-10-08 01:00:00,36.488
1074,0,2016-10-08 02:00:00,35.974000000000004
1074,0,2016-10-08 03:00:00,34.173
1074,0,2016-10-08 04:00:00,34.081
1074,0,2016-10-08 05:00:00,34.019
1074,0,2016-10-08 06:00:00,33.691
1074,0,2016-10-08 07:00:00,35.319
1074,0,2016-10-08 08:00:00,35.482
1074,0,2016-10-08 09:00:00,33.6
1074,0,2016-10-08 10:00:00,31.238000000000003
1074,0,2016-10-08 11:00:00,31.395
1074,0,2016-10-08 12:00:00,32.007
1074,0,2016-10-08 13:00:00,31.179
1074,0,2016-10-08 14:00:00,31.376
1074,0,2016-10-08 15:00:00,31.001
1074,0,2016-10-08 16:00:00,31.418000000000003
1074,0,2016-10-08 17:00:00,30.864
1074,0,2016-10-08 18:00:00,31.209
1074,0,2016-10-08 19:00:00,31.575
1074,0,2016-10-08 20:00:00,32.935
1074,0,2016-10-08 21:00:00,32.631
1074,0,2016-10-08 22:00:00,32.661
1074,0,2016-10-08 23:00:00,32.647
1074,0,2016-10-09 00:00:00,33.316
1074,0,2016-10-09 01:00:00,35.221
1074,0,2016-10-09 02:00:00,35.063
1074,0,2016-10-09 03:00:00,32.907
1074,0,2016-10-09 04:00:00,32.9
1074,0,2016-10-09 05:00:00,32.744
1074,0,2016-10-09 06:00:00,33.078
1074,0,2016-10-09 07:00:00,34.209
1074,0,2016-10-09 08:00:00,34.143
1074,0,2016-10-09 09:00:00,33.023
1074,0,2016-10-09 10:00:00,30.523000000000003
1074,0,2016-10-09 11:00:00,30.508000000000003
1074,0,2016-10-09 12:00:00,30.572
1074,0,2016-10-09 13:00:00,30.769
1074,0,2016-10-09 14:00:00,31.327
1074,0,2016-10-09 15:00:00,31.506
1074,0,2016-10-09 16:00:00,31.551
1074,0,2016-10-09 17:00:00,31.607
1074,0,2016-10-09 18:00:00,31.354
1074,0,2016-10-09 19:00:00,31.699
1074,0,2016-10-09 20:00:00,33.483000000000004
1074,0,2016-10-09 21:00:00,33.225
1074,0,2016-10-09 22:00:00,33.023
1074,0,2016-10-09 23:00:00,33.344
1074,0,2016-10-10 00:00:00,33.387
1074,0,2016-10-10 01:00:00,35.207
1074,0,2016-10-10 02:00:00,35.338
1074,0,2016-10-10 03:00:00,32.981
1074,0,2016-10-10 04:00:00,32.957
1074,0,2016-10-10 05:00:00,33.022
1074,0,2016-10-10 06:00:00,37.474
1074,0,2016-10-10 07:00:00,57.391000000000005
1074,0,2016-10-10 08:00:00,58.242
1074,0,2016-10-10 09:00:00,91.649
1074,0,2016-10-10 10:00:00,114.051
1074,0,2016-10-10 11:00:00,117.85
1074,0,2016-10-10 12:00:00,116.281
1074,0,2016-10-10 13:00:00,113.737
1074,0,2016-10-10 14:00:00,110.123
1074,0,2016-10-10 15:00:00,107.526
1074,0,2016-10-10 16:00:00,106.486
1074,0,2016-10-10 17:00:00,94.318
1074,0,2016-10-10 18:00:00,75.142
1074,0,2016-10-10 19:00:00,66.717
1074,0,2016-10-10 20:00:00,49.103
1074,0,2016-10-10 21:00:00,44.521
1074,0,2016-10-10 22:00:00,42.247
1074,0,2016-10-10 23:00:00,41.845
1074,0,2016-10-11 00:00:00,41.86600000000001
1074,0,2016-10-11 01:00:00,43.722
1074,0,2016-10-11 02:00:00,43.321000000000005
1074,0,2016-10-11 03:00:00,40.925
1074,0,2016-10-11 04:00:00,41.3
1074,0,2016-10-11 05:00:00,40.836
1074,0,2016-10-11 06:00:00,43.094
1074,0,2016-10-11 07:00:00,70.46
1074,0,2016-10-11 08:00:00,67.781
1074,0,2016-10-11 09:00:00,84.51799999999999
1074,0,2016-10-11 10:00:00,112.625
1074,0,2016-10-11 11:00:00,125.246
1074,0,2016-10-11 12:00:00,126.031
1074,0,2016-10-11 13:00:00,127.773
1074,0,2016-10-11 14:00:00,122.231
1074,0,2016-10-11 15:00:00,114.955
1074,0,2016-10-11 16:00:00,108.861
1074,0,2016-10-11 17:00:00,99.098
1074,0,2016-10-11 18:00:00,80.27
1074,0,2016-10-11 19:00:00,67.584
1074,0,2016-10-11 20:00:00,44.922
1074,0,2016-10-11 21:00:00,42.692
1074,0,2016-10-11 22:00:00,40.99100000000001
1074,0,2016-10-11 23:00:00,40.473
1074,0,2016-10-12 00:00:00,39.91
1074,0,2016-10-12 01:00:00,41.125
1074,0,2016-10-12 02:00:00,41.043
1074,0,2016-10-12 03:00:00,38.652
1074,0,2016-10-12 04:00:00,38.841
1074,0,2016-10-12 05:00:00,39.101
1074,0,2016-10-12 06:00:00,41.763000000000005
1074,0,2016-10-12 07:00:00,60.688
1074,0,2016-10-12 08:00:00,65.96
1074,0,2016-10-12 09:00:00,81.403
1074,0,2016-10-12 10:00:00,103.318
1074,0,2016-10-12 11:00:00,119.868
1074,0,2016-10-12 12:00:00,130.436
1074,0,2016-10-12 13:00:00,134.17600000000002
1074,0,2016-10-12 14:00:00,130.542
1074,0,2016-10-12 15:00:00,130.311
1074,0,2016-10-12 16:00:00,121.386
1074,0,2016-10-12 17:00:00,109.005
1074,0,2016-10-12 18:00:00,85.87700000000001
1074,0,2016-10-12 19:00:00,74.751
1074,0,2016-10-12 20:00:00,55.963
1074,0,2016-10-12 21:00:00,48.694
1074,0,2016-10-12 22:00:00,45.56100000000001
1074,0,2016-10-12 23:00:00,44.084
1074,0,2016-10-13 00:00:00,43.64
1074,0,2016-10-13 01:00:00,44.586000000000006
1074,0,2016-10-13 02:00:00,43.92100000000001
1074,0,2016-10-13 03:00:00,42.164
1074,0,2016-10-13 04:00:00,41.228
1074,0,2016-10-13 05:00:00,41.523
1074,0,2016-10-13 06:00:00,45.035
1074,0,2016-10-13 07:00:00,68.669
1074,0,2016-10-13 08:00:00,70.937
1074,0,2016-10-13 09:00:00,85.105
1074,0,2016-10-13 10:00:00,102.276
1074,0,2016-10-13 11:00:00,114.121
1074,0,2016-10-13 12:00:00,116.956
1074,0,2016-10-13 13:00:00,113.756
1074,0,2016-10-13 14:00:00,122.375
1074,0,2016-10-13 15:00:00,115.329
1074,0,2016-10-13 16:00:00,107.725
1074,0,2016-10-13 17:00:00,94.037
1074,0,2016-10-13 18:00:00,78.586
1074,0,2016-10-13 19:00:00,69.58800000000001
1074,0,2016-10-13 20:00:00,53.54600000000001
1074,0,2016-10-13 21:00:00,48.672
1074,0,2016-10-13 22:00:00,46.673
1074,0,2016-10-13 23:00:00,44.256
1074,0,2016-10-14 00:00:00,41.577
1074,0,2016-10-14 01:00:00,43.632
1074,0,2016-10-14 02:00:00,43.427
1074,0,2016-10-14 03:00:00,40.871
1074,0,2016-10-14 04:00:00,40.455
1074,0,2016-10-14 05:00:00,40.716
1074,0,2016-10-14 06:00:00,41.471
1074,0,2016-10-14 07:00:00,65.587
1074,0,2016-10-14 08:00:00,68.108
1074,0,2016-10-14 09:00:00,84.809
1074,0,2016-10-14 10:00:00,95.521
1074,0,2016-10-14 11:00:00,107.743
1074,0,2016-10-14 12:00:00,110.787
1074,0,2016-10-14 13:00:00,107.942
1074,0,2016-10-14 14:00:00,105.353
1074,0,2016-10-14 15:00:00,95.225
1074,0,2016-10-14 16:00:00,96.577
1074,0,2016-10-14 17:00:00,83.572
1074,0,2016-10-14 18:00:00,60.946000000000005
1074,0,2016-10-14 19:00:00,45.552
1074,0,2016-10-14 20:00:00,39.639
1074,0,2016-10-14 21:00:00,38.217
1074,0,2016-10-14 22:00:00,37.95
1074,0,2016-10-14 23:00:00,38.428
1074,0,2016-10-15 00:00:00,38.263000000000005
1074,0,2016-10-15 01:00:00,40.26
1074,0,2016-10-15 02:00:00,40.141
1074,0,2016-10-15 03:00:00,37.494
1074,0,2016-10-15 04:00:00,36.711
1074,0,2016-10-15 05:00:00,36.798
1074,0,2016-10-15 06:00:00,36.615
1074,0,2016-10-15 07:00:00,38.373000000000005
1074,0,2016-10-15 08:00:00,39.225
1074,0,2016-10-15 09:00:00,39.27
1074,0,2016-10-15 10:00:00,37.205
1074,0,2016-10-15 11:00:00,37.821
1074,0,2016-10-15 12:00:00,38.121
1074,0,2016-10-15 13:00:00,36.732
1074,0,2016-10-15 14:00:00,36.141
1074,0,2016-10-15 15:00:00,35.029
1074,0,2016-10-15 16:00:00,34.462
1074,0,2016-10-15 17:00:00,33.654
1074,0,2016-10-15 18:00:00,33.635
1074,0,2016-10-15 19:00:00,35.147
1074,0,2016-10-15 20:00:00,36.983
1074,0,2016-10-15 21:00:00,36.588
1074,0,2016-10-15 22:00:00,36.789
1074,0,2016-10-15 23:00:00,37.244
1074,0,2016-10-16 00:00:00,38.127
1074,0,2016-10-16 01:00:00,40.531
1074,0,2016-10-16 02:00:00,40.302
1074,0,2016-10-16 03:00:00,37.885
1074,0,2016-10-16 04:00:00,38.021
1074,0,2016-10-16 05:00:00,37.908
1074,0,2016-10-16 06:00:00,37.757
1074,0,2016-10-16 07:00:00,39.051
1074,0,2016-10-16 08:00:00,40.273
1074,0,2016-10-16 09:00:00,38.611
1074,0,2016-10-16 10:00:00,35.387
1074,0,2016-10-16 11:00:00,35.443000000000005
1074,0,2016-10-16 12:00:00,35.429
1074,0,2016-10-16 13:00:00,34.58
1074,0,2016-10-16 14:00:00,34.701
1074,0,2016-10-16 15:00:00,34.724000000000004
1074,0,2016-10-16 16:00:00,34.79
1074,0,2016-10-16 17:00:00,35.188
1074,0,2016-10-16 18:00:00,34.799
1074,0,2016-10-16 19:00:00,36.514
1074,0,2016-10-16 20:00:00,36.568000000000005
1074,0,2016-10-16 21:00:00,36.318000000000005
1074,0,2016-10-16 22:00:00,36.399
1074,0,2016-10-16 23:00:00,36.753
1074,0,2016-10-17 00:00:00,36.599
1074,0,2016-10-17 01:00:00,38.586
1074,0,2016-10-17 02:00:00,37.619
1074,0,2016-10-17 03:00:00,35.849000000000004
1074,0,2016-10-17 04:00:00,35.701
1074,0,2016-10-17 05:00:00,35.336
1074,0,2016-10-17 06:00:00,47.744
1074,0,2016-10-17 07:00:00,81.862
1074,0,2016-10-17 08:00:00,77.16
1074,0,2016-10-17 09:00:00,96.34
1074,0,2016-10-17 10:00:00,113.419
1074,0,2016-10-17 11:00:00,128.118
1074,0,2016-10-17 12:00:00,129.982
1074,0,2016-10-17 13:00:00,127.267
1074,0,2016-10-17 14:00:00,129.17600000000002
1074,0,2016-10-17 15:00:00,125.822
1074,0,2016-10-17 16:00:00,123.763
1074,0,2016-10-17 17:00:00,115.384
1074,0,2016-10-17 18:00:00,95.067
1074,0,2016-10-17 19:00:00,76.507
1074,0,2016-10-17 20:00:00,47.206
1074,0,2016-10-17 21:00:00,43.158
1074,0,2016-10-17 22:00:00,41.033
1074,0,2016-10-17 23:00:00,40.956
1074,0,2016-10-18 00:00:00,39.743
1074,0,2016-10-18 01:00:00,41.695
1074,0,2016-10-18 02:00:00,41.245
1074,0,2016-10-18 03:00:00,38.89
1074,0,2016-10-18 04:00:00,38.594
1074,0,2016-10-18 05:00:00,38.61
1074,0,2016-10-18 06:00:00,41.103
1074,0,2016-10-18 07:00:00,81.378
1074,0,2016-10-18 08:00:00,82.344
1074,0,2016-10-18 09:00:00,100.406
1074,0,2016-10-18 10:00:00,111.671
1074,0,2016-10-18 11:00:00,125.813
1074,0,2016-10-18 12:00:00,129.691
1074,0,2016-10-18 13:00:00,132.625
1074,0,2016-10-18 14:00:00,132.208
1074,0,2016-10-18 15:00:00,126.147
1074,0,2016-10-18 16:00:00,116.569
1074,0,2016-10-18 17:00:00,113.902
1074,0,2016-10-18 18:00:00,100.066
1074,0,2016-10-18 19:00:00,74.919
1074,0,2016-10-18 20:00:00,46.455
1074,0,2016-10-18 21:00:00,41.458
1074,0,2016-10-18 22:00:00,41.924
1074,0,2016-10-18 23:00:00,41.459
1074,0,2016-10-19 00:00:00,40.818000000000005
1074,0,2016-10-19 01:00:00,42.577
1074,0,2016-10-19 02:00:00,41.984
1074,0,2016-10-19 03:00:00,40.205
1074,0,2016-10-19 04:00:00,40.364
1074,0,2016-10-19 05:00:00,40.116
1074,0,2016-10-19 06:00:00,42.349
1074,0,2016-10-19 07:00:00,80.142
1074,0,2016-10-19 08:00:00,81.117
1074,0,2016-10-19 09:00:00,94.146
1074,0,2016-10-19 10:00:00,106.364
1074,0,2016-10-19 11:00:00,118.437
1074,0,2016-10-19 12:00:00,125.596
1074,0,2016-10-19 13:00:00,124.805
1074,0,2016-10-19 14:00:00,124.891
1074,0,2016-10-19 15:00:00,124.164
1074,0,2016-10-19 16:00:00,116.48
1074,0,2016-10-19 17:00:00,107.216
1074,0,2016-10-19 18:00:00,92.119
1074,0,2016-10-19 19:00:00,78.372
1074,0,2016-10-19 20:00:00,52.571000000000005
1074,0,2016-10-19 21:00:00,47.591
1074,0,2016-10-19 22:00:00,43.712
1074,0,2016-10-19 23:00:00,43.025
1074,0,2016-10-20 00:00:00,42.923
1074,0,2016-10-20 01:00:00,45.129
1074,0,2016-10-20 02:00:00,44.922
1074,0,2016-10-20 03:00:00,43.626000000000005
1074,0,2016-10-20 04:00:00,42.084
1074,0,2016-10-20 05:00:00,42.18600000000001
1074,0,2016-10-20 06:00:00,44.477
1074,0,2016-10-20 07:00:00,74.791
1074,0,2016-10-20 08:00:00,80.0
1074,0,2016-10-20 09:00:00,93.057
1074,0,2016-10-20 10:00:00,106.041
1074,0,2016-10-20 11:00:00,122.455
1074,0,2016-10-20 12:00:00,128.398
1074,0,2016-10-20 13:00:00,122.675
1074,0,2016-10-20 14:00:00,122.655
1074,0,2016-10-20 15:00:00,122.847
1074,0,2016-10-20 16:00:00,115.687
1074,0,2016-10-20 17:00:00,103.014
1074,0,2016-10-20 18:00:00,85.25399999999999
1074,0,2016-10-20 19:00:00,79.119
1074,0,2016-10-20 20:00:00,54.004
1074,0,2016-10-20 21:00:00,49.883
1074,0,2016-10-20 22:00:00,48.331
1074,0,2016-10-20 23:00:00,40.514
1074,0,2016-10-21 00:00:00,39.406
1074,0,2016-10-21 01:00:00,40.767
1074,0,2016-10-21 02:00:00,40.397
1074,0,2016-10-21 03:00:00,38.557
1074,0,2016-10-21 04:00:00,38.692
1074,0,2016-10-21 05:00:00,38.692
1074,0,2016-10-21 06:00:00,40.459
1074,0,2016-10-21 07:00:00,80.205
1074,0,2016-10-21 08:00:00,80.633
1074,0,2016-10-21 09:00:00,85.992
1074,0,2016-10-21 10:00:00,94.639
1074,0,2016-10-21 11:00:00,106.318
1074,0,2016-10-21 12:00:00,112.841
1074,0,2016-10-21 13:00:00,110.086
1074,0,2016-10-21 14:00:00,104.323
1074,0,2016-10-21 15:00:00,100.14
1074,0,2016-10-21 16:00:00,92.94
1074,0,2016-10-21 17:00:00,86.042
1074,0,2016-10-21 18:00:00,67.681
1074,0,2016-10-21 19:00:00,47.43
1074,0,2016-10-21 20:00:00,42.047
1074,0,2016-10-21 21:00:00,40.946
1074,0,2016-10-21 22:00:00,39.974
1074,0,2016-10-21 23:00:00,40.964
1074,0,2016-10-22 00:00:00,40.664
1074,0,2016-10-22 01:00:00,42.574
1074,0,2016-10-22 02:00:00,42.315
1074,0,2016-10-22 03:00:00,40.489
1074,0,2016-10-22 04:00:00,40.118
1074,0,2016-10-22 05:00:00,39.971
1074,0,2016-10-22 06:00:00,40.088
1074,0,2016-10-22 07:00:00,41.587
1074,0,2016-10-22 08:00:00,41.955
1074,0,2016-10-22 09:00:00,40.727
1074,0,2016-10-22 10:00:00,37.716
1074,0,2016-10-22 11:00:00,37.56
1074,0,2016-10-22 12:00:00,37.285
1074,0,2016-10-22 13:00:00,37.045
1074,0,2016-10-22 14:00:00,36.99
1074,0,2016-10-22 15:00:00,36.772
1074,0,2016-10-22 16:00:00,36.049
1074,0,2016-10-22 17:00:00,36.257
1074,0,2016-10-22 18:00:00,36.715
1074,0,2016-10-22 19:00:00,37.727
1074,0,2016-10-22 20:00:00,38.29
1074,0,2016-10-22 21:00:00,39.012
1074,0,2016-10-22 22:00:00,39.261
1074,0,2016-10-22 23:00:00,39.696
1074,0,2016-10-23 00:00:00,39.849
1074,0,2016-10-23 01:00:00,41.601000000000006
1074,0,2016-10-23 02:00:00,41.894
1074,0,2016-10-23 03:00:00,39.249
1074,0,2016-10-23 04:00:00,39.183
1074,0,2016-10-23 05:00:00,38.979
1074,0,2016-10-23 06:00:00,38.97
1074,0,2016-10-23 07:00:00,40.422
1074,0,2016-10-23 08:00:00,41.157
1074,0,2016-10-23 09:00:00,39.441
1074,0,2016-10-23 10:00:00,36.728
1074,0,2016-10-23 11:00:00,36.711
1074,0,2016-10-23 12:00:00,36.499
1074,0,2016-10-23 13:00:00,37.438
1074,0,2016-10-23 14:00:00,37.293
1074,0,2016-10-23 15:00:00,37.531
1074,0,2016-10-23 16:00:00,37.634
1074,0,2016-10-23 17:00:00,37.262
1074,0,2016-10-23 18:00:00,37.096
1074,0,2016-10-23 19:00:00,38.439
1074,0,2016-10-23 20:00:00,39.172
1074,0,2016-10-23 21:00:00,38.992
1074,0,2016-10-23 22:00:00,38.713
1074,0,2016-10-23 23:00:00,38.912
1074,0,2016-10-24 00:00:00,40.351
1074,0,2016-10-24 01:00:00,42.598
1074,0,2016-10-24 02:00:00,41.899
1074,0,2016-10-24 03:00:00,39.84
1074,0,2016-10-24 04:00:00,39.56
1074,0,2016-10-24 05:00:00,39.502
1074,0,2016-10-24 06:00:00,48.448
1074,0,2016-10-24 07:00:00,76.689
1074,0,2016-10-24 08:00:00,76.935
1074,0,2016-10-24 09:00:00,93.532
1074,0,2016-10-24 10:00:00,113.645
1074,0,2016-10-24 11:00:00,130.65
1074,0,2016-10-24 12:00:00,135.46200000000002
1074,0,2016-10-24 13:00:00,131.221
1074,0,2016-10-24 14:00:00,131.214
1074,0,2016-10-24 15:00:00,124.928
1074,0,2016-10-24 16:00:00,117.117
1074,0,2016-10-24 17:00:00,108.958
1074,0,2016-10-24 18:00:00,94.439
1074,0,2016-10-24 19:00:00,77.92399999999999
1074,0,2016-10-24 20:00:00,49.164
1074,0,2016-10-24 21:00:00,43.952
1074,0,2016-10-24 22:00:00,43.174
1074,0,2016-10-24 23:00:00,42.566
1074,0,2016-10-25 00:00:00,44.643
1074,0,2016-10-25 01:00:00,44.643
1074,0,2016-10-25 02:00:00,44.643
1074,0,2016-10-25 03:00:00,44.643
1074,0,2016-10-25 04:00:00,44.643
1074,0,2016-10-25 05:00:00,44.643
1074,0,2016-10-25 06:00:00,44.05
1074,0,2016-10-25 07:00:00,71.337
1074,0,2016-10-25 08:00:00,78.014
1074,0,2016-10-25 09:00:00,93.296
1074,0,2016-10-25 10:00:00,110.05
1074,0,2016-10-25 11:00:00,123.411
1074,0,2016-10-25 12:00:00,127.366
1074,0,2016-10-25 13:00:00,128.03799999999998
1074,0,2016-10-25 14:00:00,123.006
1074,0,2016-10-25 15:00:00,120.007
1074,0,2016-10-25 16:00:00,111.588
1074,0,2016-10-25 17:00:00,103.191
1074,0,2016-10-25 18:00:00,85.09299999999999
1074,0,2016-10-25 19:00:00,73.119
1074,0,2016-10-25 20:00:00,49.819
1074,0,2016-10-25 21:00:00,41.512
1074,0,2016-10-25 22:00:00,40.554
1074,0,2016-10-25 23:00:00,40.796
1074,0,2016-10-26 00:00:00,39.515
1074,0,2016-10-26 01:00:00,41.047
1074,0,2016-10-26 02:00:00,40.638000000000005
1074,0,2016-10-26 03:00:00,38.85
1074,0,2016-10-26 04:00:00,38.362
1074,0,2016-10-26 05:00:00,38.38
1074,0,2016-10-26 06:00:00,39.967
1074,0,2016-10-26 07:00:00,71.612
1074,0,2016-10-26 08:00:00,74.649
1074,0,2016-10-26 09:00:00,90.5
1074,0,2016-10-26 10:00:00,108.914
1074,0,2016-10-26 11:00:00,122.859
1074,0,2016-10-26 12:00:00,125.251
1074,0,2016-10-26 13:00:00,126.621
1074,0,2016-10-26 14:00:00,125.686
1074,0,2016-10-26 15:00:00,125.218
1074,0,2016-10-26 16:00:00,119.289
1074,0,2016-10-26 17:00:00,103.066
1074,0,2016-10-26 18:00:00,84.26700000000001
1074,0,2016-10-26 19:00:00,72.028
1074,0,2016-10-26 20:00:00,51.726000000000006
1074,0,2016-10-26 21:00:00,47.81100000000001
1074,0,2016-10-26 22:00:00,43.642
1074,0,2016-10-26 23:00:00,41.668
1074,0,2016-10-27 00:00:00,40.959
1074,0,2016-10-27 01:00:00,42.584
1074,0,2016-10-27 02:00:00,42.525
1074,0,2016-10-27 03:00:00,41.035
1074,0,2016-10-27 04:00:00,39.412
1074,0,2016-10-27 05:00:00,39.773
1074,0,2016-10-27 06:00:00,39.995
1074,0,2016-10-27 07:00:00,66.34
1074,0,2016-10-27 08:00:00,73.293
1074,0,2016-10-27 09:00:00,90.561
1074,0,2016-10-27 10:00:00,108.332
1074,0,2016-10-27 11:00:00,122.393
1074,0,2016-10-27 12:00:00,124.727
1074,0,2016-10-27 13:00:00,126.017
1074,0,2016-10-27 14:00:00,120.545
1074,0,2016-10-27 15:00:00,120.379
1074,0,2016-10-27 16:00:00,108.312
1074,0,2016-10-27 17:00:00,97.523
1074,0,2016-10-27 18:00:00,83.741
1074,0,2016-10-27 19:00:00,76.21600000000001
1074,0,2016-10-27 20:00:00,53.707
1074,0,2016-10-27 21:00:00,46.592
1074,0,2016-10-27 22:00:00,45.529
1074,0,2016-10-27 23:00:00,41.821000000000005
1074,0,2016-10-28 00:00:00,39.812
1074,0,2016-10-28 01:00:00,41.232
1074,0,2016-10-28 02:00:00,40.702
1074,0,2016-10-28 03:00:00,38.165
1074,0,2016-10-28 04:00:00,38.095
1074,0,2016-10-28 05:00:00,38.179
1074,0,2016-10-28 06:00:00,39.075
1074,0,2016-10-28 07:00:00,67.757
1074,0,2016-10-28 08:00:00,72.866
1074,0,2016-10-28 09:00:00,82.20200000000001
1074,0,2016-10-28 10:00:00,93.559
1074,0,2016-10-28 11:00:00,100.222
1074,0,2016-10-28 12:00:00,102.524
1074,0,2016-10-28 13:00:00,109.142
1074,0,2016-10-28 14:00:00,102.236
1074,0,2016-10-28 15:00:00,96.64
1074,0,2016-10-28 16:00:00,90.397
1074,0,2016-10-28 17:00:00,83.383
1074,0,2016-10-28 18:00:00,60.856
1074,0,2016-10-28 19:00:00,43.496
1074,0,2016-10-28 20:00:00,38.638000000000005
1074,0,2016-10-28 21:00:00,38.152
1074,0,2016-10-28 22:00:00,38.103
1074,0,2016-10-28 23:00:00,38.645
1074,0,2016-10-29 00:00:00,39.324
1074,0,2016-10-29 01:00:00,40.013000000000005
1074,0,2016-10-29 02:00:00,39.637
1074,0,2016-10-29 03:00:00,37.7
1074,0,2016-10-29 04:00:00,37.266
1074,0,2016-10-29 05:00:00,37.184
1074,0,2016-10-29 06:00:00,37.021
1074,0,2016-10-29 07:00:00,38.839
1074,0,2016-10-29 08:00:00,39.558
1074,0,2016-10-29 09:00:00,38.926
1074,0,2016-10-29 10:00:00,35.134
1074,0,2016-10-29 11:00:00,34.986
1074,0,2016-10-29 12:00:00,34.784
1074,0,2016-10-29 13:00:00,34.94
1074,0,2016-10-29 14:00:00,35.109
1074,0,2016-10-29 15:00:00,35.225
1074,0,2016-10-29 16:00:00,35.136
1074,0,2016-10-29 17:00:00,35.353
1074,0,2016-10-29 18:00:00,36.707
1074,0,2016-10-29 19:00:00,37.546
1074,0,2016-10-29 20:00:00,37.8
1074,0,2016-10-29 21:00:00,37.915
1074,0,2016-10-29 22:00:00,38.227
1074,0,2016-10-29 23:00:00,38.366
1074,0,2016-10-30 00:00:00,39.23
1074,0,2016-10-30 01:00:00,40.576
1074,0,2016-10-30 02:00:00,40.334
1074,0,2016-10-30 03:00:00,37.864
1074,0,2016-10-30 04:00:00,37.921
1074,0,2016-10-30 05:00:00,38.119
1074,0,2016-10-30 06:00:00,37.782
1074,0,2016-10-30 07:00:00,39.638000000000005
1074,0,2016-10-30 08:00:00,40.234
1074,0,2016-10-30 09:00:00,39.037
1074,0,2016-10-30 10:00:00,35.977
1074,0,2016-10-30 11:00:00,36.014
1074,0,2016-10-30 12:00:00,35.841
1074,0,2016-10-30 13:00:00,36.605
1074,0,2016-10-30 14:00:00,37.132
1074,0,2016-10-30 15:00:00,36.479
1074,0,2016-10-30 16:00:00,36.198
1074,0,2016-10-30 17:00:00,36.104
1074,0,2016-10-30 18:00:00,36.557
1074,0,2016-10-30 19:00:00,38.271
1074,0,2016-10-30 20:00:00,37.969
1074,0,2016-10-30 21:00:00,37.961
1074,0,2016-10-30 22:00:00,37.939
1074,0,2016-10-30 23:00:00,37.818000000000005
1074,0,2016-10-31 00:00:00,38.233
1074,0,2016-10-31 01:00:00,40.644
1074,0,2016-10-31 02:00:00,40.246
1074,0,2016-10-31 03:00:00,37.774
1074,0,2016-10-31 04:00:00,37.981
1074,0,2016-10-31 05:00:00,37.817
1074,0,2016-10-31 06:00:00,45.778
1074,0,2016-10-31 07:00:00,77.438
1074,0,2016-10-31 08:00:00,80.156
1074,0,2016-10-31 09:00:00,94.975
1074,0,2016-10-31 10:00:00,112.5
1074,0,2016-10-31 11:00:00,124.709
1074,0,2016-10-31 12:00:00,127.61
1074,0,2016-10-31 13:00:00,124.918
1074,0,2016-10-31 14:00:00,124.815
1074,0,2016-10-31 15:00:00,123.097
1074,0,2016-10-31 16:00:00,118.102
1074,0,2016-10-31 17:00:00,104.859
1074,0,2016-10-31 18:00:00,92.6
1074,0,2016-10-31 19:00:00,78.315
1074,0,2016-10-31 20:00:00,47.906000000000006
1074,0,2016-10-31 21:00:00,42.38
1074,0,2016-10-31 22:00:00,40.018
1074,0,2016-10-31 23:00:00,38.662
1074,0,2016-11-01 00:00:00,37.705
1074,0,2016-11-01 01:00:00,37.705
1074,0,2016-11-01 02:00:00,37.705
1074,0,2016-11-01 03:00:00,37.705
1074,0,2016-11-01 04:00:00,37.705
1074,0,2016-11-01 05:00:00,39.964
1074,0,2016-11-01 06:00:00,38.395
1074,0,2016-11-01 07:00:00,70.723
1074,0,2016-11-01 08:00:00,68.664
1074,0,2016-11-01 09:00:00,85.866
1074,0,2016-11-01 10:00:00,105.692
1074,0,2016-11-01 11:00:00,122.769
1074,0,2016-11-01 12:00:00,133.107
1074,0,2016-11-01 13:00:00,128.876
1074,0,2016-11-01 14:00:00,131.654
1074,0,2016-11-01 15:00:00,128.664
1074,0,2016-11-01 16:00:00,124.189
1074,0,2016-11-01 17:00:00,113.04
1074,0,2016-11-01 18:00:00,91.412
1074,0,2016-11-01 19:00:00,72.2
1074,0,2016-11-01 20:00:00,46.114
1074,0,2016-11-01 21:00:00,42.214
1074,0,2016-11-01 22:00:00,42.521
1074,0,2016-11-01 23:00:00,40.817
1074,0,2016-11-02 00:00:00,40.443000000000005
1074,0,2016-11-02 01:00:00,40.396
1074,0,2016-11-02 02:00:00,40.35
1074,0,2016-11-02 03:00:00,38.973
1074,0,2016-11-02 04:00:00,39.157
1074,0,2016-11-02 05:00:00,40.426
1074,0,2016-11-02 06:00:00,38.786
1074,0,2016-11-02 07:00:00,68.52
1074,0,2016-11-02 08:00:00,70.807
1074,0,2016-11-02 09:00:00,85.57700000000001
1074,0,2016-11-02 10:00:00,102.251
1074,0,2016-11-02 11:00:00,111.167
1074,0,2016-11-02 12:00:00,121.348
1074,0,2016-11-02 13:00:00,125.227
1074,0,2016-11-02 14:00:00,126.553
1074,0,2016-11-02 15:00:00,126.886
1074,0,2016-11-02 16:00:00,121.12
1074,0,2016-11-02 17:00:00,104.569
1074,0,2016-11-02 18:00:00,84.87299999999999
1074,0,2016-11-02 19:00:00,70.048
1074,0,2016-11-02 20:00:00,50.888000000000005
1074,0,2016-11-02 21:00:00,46.787
1074,0,2016-11-02 22:00:00,41.93600000000001
1074,0,2016-11-02 23:00:00,41.98
1074,0,2016-11-03 00:00:00,41.016000000000005
1074,0,2016-11-03 01:00:00,43.266000000000005
1074,0,2016-11-03 02:00:00,42.92
1074,0,2016-11-03 03:00:00,41.657
1074,0,2016-11-03 04:00:00,40.518
1074,0,2016-11-03 05:00:00,41.169
1074,0,2016-11-03 06:00:00,42.793
1074,0,2016-11-03 07:00:00,73.898
1074,0,2016-11-03 08:00:00,77.632
1074,0,2016-11-03 09:00:00,86.874
1074,0,2016-11-03 10:00:00,97.655
1074,0,2016-11-03 11:00:00,110.301
1074,0,2016-11-03 12:00:00,113.902
1074,0,2016-11-03 13:00:00,119.657
1074,0,2016-11-03 14:00:00,121.017
1074,0,2016-11-03 15:00:00,117.555
1074,0,2016-11-03 16:00:00,112.414
1074,0,2016-11-03 17:00:00,95.997
1074,0,2016-11-03 18:00:00,77.48899999999999
1074,0,2016-11-03 19:00:00,66.645
1074,0,2016-11-03 20:00:00,49.765
1074,0,2016-11-03 21:00:00,47.232
1074,0,2016-11-03 22:00:00,43.6
1074,0,2016-11-03 23:00:00,39.853
1074,0,2016-11-04 00:00:00,40.029
1074,0,2016-11-04 01:00:00,42.037
1074,0,2016-11-04 02:00:00,41.618
1074,0,2016-11-04 03:00:00,39.769
1074,0,2016-11-04 04:00:00,39.691
1074,0,2016-11-04 05:00:00,40.218
1074,0,2016-11-04 06:00:00,41.448
1074,0,2016-11-04 07:00:00,74.35
1074,0,2016-11-04 08:00:00,78.39399999999999
1074,0,2016-11-04 09:00:00,91.016
1074,0,2016-11-04 10:00:00,99.073
1074,0,2016-11-04 11:00:00,107.155
1074,0,2016-11-04 12:00:00,116.008
1074,0,2016-11-04 13:00:00,111.626
1074,0,2016-11-04 14:00:00,107.464
1074,0,2016-11-04 15:00:00,103.279
1074,0,2016-11-04 16:00:00,94.581
1074,0,2016-11-04 17:00:00,79.851
1074,0,2016-11-04 18:00:00,57.633
1074,0,2016-11-04 19:00:00,44.184
1074,0,2016-11-04 20:00:00,38.961
1074,0,2016-11-04 21:00:00,37.509
1074,0,2016-11-04 22:00:00,37.239
1074,0,2016-11-04 23:00:00,37.926
1074,0,2016-11-05 00:00:00,37.743
1074,0,2016-11-05 01:00:00,39.656
1074,0,2016-11-05 02:00:00,39.255
1074,0,2016-11-05 03:00:00,37.385
1074,0,2016-11-05 04:00:00,37.219
1074,0,2016-11-05 05:00:00,37.246
1074,0,2016-11-05 06:00:00,37.073
1074,0,2016-11-05 07:00:00,38.561
1074,0,2016-11-05 08:00:00,39.538
1074,0,2016-11-05 09:00:00,37.656
1074,0,2016-11-05 10:00:00,35.839
1074,0,2016-11-05 11:00:00,36.263000000000005
1074,0,2016-11-05 12:00:00,35.828
1074,0,2016-11-05 13:00:00,34.808
1074,0,2016-11-05 14:00:00,32.86
1074,0,2016-11-05 15:00:00,32.105
1074,0,2016-11-05 16:00:00,32.316
1074,0,2016-11-05 17:00:00,32.173
1074,0,2016-11-05 18:00:00,32.196
1074,0,2016-11-05 19:00:00,34.18
1074,0,2016-11-05 20:00:00,34.556
1074,0,2016-11-05 21:00:00,34.809
1074,0,2016-11-05 22:00:00,35.439
1074,0,2016-11-05 23:00:00,35.993
1074,0,2016-11-06 00:00:00,36.699
1074,0,2016-11-06 01:00:00,39.006
1074,0,2016-11-06 02:00:00,70.083
1074,0,2016-11-06 03:00:00,32.326
1074,0,2016-11-06 04:00:00,32.303000000000004
1074,0,2016-11-06 05:00:00,32.147
1074,0,2016-11-06 06:00:00,32.248000000000005
1074,0,2016-11-06 07:00:00,33.75
1074,0,2016-11-06 08:00:00,33.038000000000004
1074,0,2016-11-06 09:00:00,32.626
1074,0,2016-11-06 10:00:00,29.711
1074,0,2016-11-06 11:00:00,29.712
1074,0,2016-11-06 12:00:00,29.019
1074,0,2016-11-06 13:00:00,28.955
1074,0,2016-11-06 14:00:00,28.309
1074,0,2016-11-06 15:00:00,29.047
1074,0,2016-11-06 16:00:00,29.02
1074,0,2016-11-06 17:00:00,28.825
1074,0,2016-11-06 18:00:00,31.296
1074,0,2016-11-06 19:00:00,32.166
1074,0,2016-11-06 20:00:00,32.808
1074,0,2016-11-06 21:00:00,33.563
1074,0,2016-11-06 22:00:00,33.158
1074,0,2016-11-06 23:00:00,33.005
1074,0,2016-11-07 00:00:00,33.268
1074,0,2016-11-07 01:00:00,34.833
1074,0,2016-11-07 02:00:00,34.329
1074,0,2016-11-07 03:00:00,32.516
1074,0,2016-11-07 04:00:00,32.55
1074,0,2016-11-07 05:00:00,32.613
1074,0,2016-11-07 06:00:00,46.996
1074,0,2016-11-07 07:00:00,87.779
1074,0,2016-11-07 08:00:00,76.914
1074,0,2016-11-07 09:00:00,97.815
1074,0,2016-11-07 10:00:00,123.874
1074,0,2016-11-07 11:00:00,136.259
1074,0,2016-11-07 12:00:00,133.47799999999998
1074,0,2016-11-07 13:00:00,128.304
1074,0,2016-11-07 14:00:00,137.69
1074,0,2016-11-07 15:00:00,132.512
1074,0,2016-11-07 16:00:00,124.24
1074,0,2016-11-07 17:00:00,114.107
1074,0,2016-11-07 18:00:00,99.328
1074,0,2016-11-07 19:00:00,88.46700000000001
1074,0,2016-11-07 20:00:00,54.874
1074,0,2016-11-07 21:00:00,47.801
1074,0,2016-11-07 22:00:00,43.726000000000006
1074,0,2016-11-07 23:00:00,40.737
1074,0,2016-11-08 00:00:00,39.214
1074,0,2016-11-08 01:00:00,41.027
1074,0,2016-11-08 02:00:00,40.714
1074,0,2016-11-08 03:00:00,39.63
1074,0,2016-11-08 04:00:00,39.51
1074,0,2016-11-08 05:00:00,40.031
1074,0,2016-11-08 06:00:00,41.472
1074,0,2016-11-08 07:00:00,81.48
1074,0,2016-11-08 08:00:00,84.67
1074,0,2016-11-08 09:00:00,103.119
1074,0,2016-11-08 10:00:00,118.739
1074,0,2016-11-08 11:00:00,130.446
1074,0,2016-11-08 12:00:00,137.96200000000002
1074,0,2016-11-08 13:00:00,139.915
1074,0,2016-11-08 14:00:00,139.611
1074,0,2016-11-08 15:00:00,134.475
1074,0,2016-11-08 16:00:00,126.507
1074,0,2016-11-08 17:00:00,113.937
1074,0,2016-11-08 18:00:00,90.134
1074,0,2016-11-08 19:00:00,73.069
1074,0,2016-11-08 20:00:00,46.979
1074,0,2016-11-08 21:00:00,40.958
1074,0,2016-11-08 22:00:00,39.37
1074,0,2016-11-08 23:00:00,38.431
1074,0,2016-11-09 00:00:00,37.983
1074,0,2016-11-09 01:00:00,40.557
1074,0,2016-11-09 02:00:00,39.581
1074,0,2016-11-09 03:00:00,37.007
1074,0,2016-11-09 04:00:00,37.098
1074,0,2016-11-09 05:00:00,37.019
1074,0,2016-11-09 06:00:00,37.414
1074,0,2016-11-09 07:00:00,75.171
1074,0,2016-11-09 08:00:00,75.288
1074,0,2016-11-09 09:00:00,86.98700000000001
1074,0,2016-11-09 10:00:00,110.243
1074,0,2016-11-09 11:00:00,121.377
1074,0,2016-11-09 12:00:00,125.363
1074,0,2016-11-09 13:00:00,128.259
1074,0,2016-11-09 14:00:00,129.735
1074,0,2016-11-09 15:00:00,126.525
1074,0,2016-11-09 16:00:00,125.759
1074,0,2016-11-09 17:00:00,110.96
1074,0,2016-11-09 18:00:00,89.787
1074,0,2016-11-09 19:00:00,71.898
1074,0,2016-11-09 20:00:00,50.155
1074,0,2016-11-09 21:00:00,46.092
1074,0,2016-11-09 22:00:00,43.887
1074,0,2016-11-09 23:00:00,42.97
1074,0,2016-11-10 00:00:00,42.582
1074,0,2016-11-10 01:00:00,43.261
1074,0,2016-11-10 02:00:00,42.889
1074,0,2016-11-10 03:00:00,41.416
1074,0,2016-11-10 04:00:00,40.648
1074,0,2016-11-10 05:00:00,40.453
1074,0,2016-11-10 06:00:00,41.175
1074,0,2016-11-10 07:00:00,78.104
1074,0,2016-11-10 08:00:00,79.454
1074,0,2016-11-10 09:00:00,92.282
1074,0,2016-11-10 10:00:00,103.294
1074,0,2016-11-10 11:00:00,119.122
1074,0,2016-11-10 12:00:00,125.144
1074,0,2016-11-10 13:00:00,126.82
1074,0,2016-11-10 14:00:00,123.584
1074,0,2016-11-10 15:00:00,121.349
1074,0,2016-11-10 16:00:00,115.93
1074,0,2016-11-10 17:00:00,102.696
1074,0,2016-11-10 18:00:00,80.566
1074,0,2016-11-10 19:00:00,72.16199999999999
1074,0,2016-11-10 20:00:00,51.9
1074,0,2016-11-10 21:00:00,48.054
1074,0,2016-11-10 22:00:00,44.348
1074,0,2016-11-10 23:00:00,41.437
1074,0,2016-11-11 00:00:00,41.497
1074,0,2016-11-11 01:00:00,42.655
1074,0,2016-11-11 02:00:00,42.249
1074,0,2016-11-11 03:00:00,40.134
1074,0,2016-11-11 04:00:00,39.466
1074,0,2016-11-11 05:00:00,39.867
1074,0,2016-11-11 06:00:00,40.498000000000005
1074,0,2016-11-11 07:00:00,75.314
1074,0,2016-11-11 08:00:00,77.592
1074,0,2016-11-11 09:00:00,87.949
1074,0,2016-11-11 10:00:00,101.834
1074,0,2016-11-11 11:00:00,111.999
1074,0,2016-11-11 12:00:00,118.762
1074,0,2016-11-11 13:00:00,116.213
1074,0,2016-11-11 14:00:00,111.208
1074,0,2016-11-11 15:00:00,103.426
1074,0,2016-11-11 16:00:00,97.222
1074,0,2016-11-11 17:00:00,91.635
1074,0,2016-11-11 18:00:00,69.709
1074,0,2016-11-11 19:00:00,52.627
1074,0,2016-11-11 20:00:00,41.365
1074,0,2016-11-11 21:00:00,40.357
1074,0,2016-11-11 22:00:00,39.817
1074,0,2016-11-11 23:00:00,39.469
1074,0,2016-11-12 00:00:00,39.383
1074,0,2016-11-12 01:00:00,41.036
1074,0,2016-11-12 02:00:00,40.739
1074,0,2016-11-12 03:00:00,38.777
1074,0,2016-11-12 04:00:00,38.728
1074,0,2016-11-12 05:00:00,38.724
1074,0,2016-11-12 06:00:00,38.469
1074,0,2016-11-12 07:00:00,39.952
1074,0,2016-11-12 08:00:00,39.367
1074,0,2016-11-12 09:00:00,38.945
1074,0,2016-11-12 10:00:00,40.345
1074,0,2016-11-12 11:00:00,40.003
1074,0,2016-11-12 12:00:00,40.394
1074,0,2016-11-12 13:00:00,39.598
1074,0,2016-11-12 14:00:00,37.042
1074,0,2016-11-12 15:00:00,36.376
1074,0,2016-11-12 16:00:00,36.186
1074,0,2016-11-12 17:00:00,36.254
1074,0,2016-11-12 18:00:00,38.377
1074,0,2016-11-12 19:00:00,38.63
1074,0,2016-11-12 20:00:00,38.475
1074,0,2016-11-12 21:00:00,38.529
1074,0,2016-11-12 22:00:00,38.621
1074,0,2016-11-12 23:00:00,38.607
1074,0,2016-11-13 00:00:00,38.825
1074,0,2016-11-13 01:00:00,40.945
1074,0,2016-11-13 02:00:00,40.439
1074,0,2016-11-13 03:00:00,38.607
1074,0,2016-11-13 04:00:00,38.913
1074,0,2016-11-13 05:00:00,38.604
1074,0,2016-11-13 06:00:00,38.475
1074,0,2016-11-13 07:00:00,40.05
1074,0,2016-11-13 08:00:00,39.555
1074,0,2016-11-13 09:00:00,38.473
1074,0,2016-11-13 10:00:00,36.436
1074,0,2016-11-13 11:00:00,35.959
1074,0,2016-11-13 12:00:00,36.647
1074,0,2016-11-13 13:00:00,38.121
1074,0,2016-11-13 14:00:00,37.351
1074,0,2016-11-13 15:00:00,37.347
1074,0,2016-11-13 16:00:00,37.682
1074,0,2016-11-13 17:00:00,36.479
1074,0,2016-11-13 18:00:00,38.347
1074,0,2016-11-13 19:00:00,38.48
1074,0,2016-11-13 20:00:00,38.664
1074,0,2016-11-13 21:00:00,38.587
1074,0,2016-11-13 22:00:00,38.56
1074,0,2016-11-13 23:00:00,38.802
1074,0,2016-11-14 00:00:00,38.514
1074,0,2016-11-14 01:00:00,40.917
1074,0,2016-11-14 02:00:00,41.003
1074,0,2016-11-14 03:00:00,39.018
1074,0,2016-11-14 04:00:00,38.925
1074,0,2016-11-14 05:00:00,37.813
1074,0,2016-11-14 06:00:00,46.328
1074,0,2016-11-14 07:00:00,87.428
1074,0,2016-11-14 08:00:00,87.286
1074,0,2016-11-14 09:00:00,113.736
1074,0,2016-11-14 10:00:00,122.401
1074,0,2016-11-14 11:00:00,134.248
1074,0,2016-11-14 12:00:00,136.35299999999998
1074,0,2016-11-14 13:00:00,135.596
1074,0,2016-11-14 14:00:00,135.736
1074,0,2016-11-14 15:00:00,130.03
1074,0,2016-11-14 16:00:00,124.083
1074,0,2016-11-14 17:00:00,111.799
1074,0,2016-11-14 18:00:00,96.218
1074,0,2016-11-14 19:00:00,78.455
1074,0,2016-11-14 20:00:00,51.684
1074,0,2016-11-14 21:00:00,45.71
1074,0,2016-11-14 22:00:00,42.674
1074,0,2016-11-14 23:00:00,40.622
1074,0,2016-11-15 00:00:00,40.027
1074,0,2016-11-15 01:00:00,42.173
1074,0,2016-11-15 02:00:00,41.712
1074,0,2016-11-15 03:00:00,39.074
1074,0,2016-11-15 04:00:00,40.076
1074,0,2016-11-15 05:00:00,39.638000000000005
1074,0,2016-11-15 06:00:00,39.451
1074,0,2016-11-15 07:00:00,75.068
1074,0,2016-11-15 08:00:00,76.13
1074,0,2016-11-15 09:00:00,95.906
1074,0,2016-11-15 10:00:00,114.401
1074,0,2016-11-15 11:00:00,127.9
1074,0,2016-11-15 12:00:00,130.753
1074,0,2016-11-15 13:00:00,131.339
1074,0,2016-11-15 14:00:00,129.661
1074,0,2016-11-15 15:00:00,131.821
1074,0,2016-11-15 16:00:00,129.99
1074,0,2016-11-15 17:00:00,119.304
1074,0,2016-11-15 18:00:00,95.425
1074,0,2016-11-15 19:00:00,79.961
1074,0,2016-11-15 20:00:00,50.721
1074,0,2016-11-15 21:00:00,48.431
1074,0,2016-11-15 22:00:00,47.39
1074,0,2016-11-15 23:00:00,43.666
1074,0,2016-11-16 00:00:00,42.254
1074,0,2016-11-16 01:00:00,43.173
1074,0,2016-11-16 02:00:00,42.299
1074,0,2016-11-16 03:00:00,40.605
1074,0,2016-11-16 04:00:00,40.353
1074,0,2016-11-16 05:00:00,40.311
1074,0,2016-11-16 06:00:00,43.832
1074,0,2016-11-16 07:00:00,83.984
1074,0,2016-11-16 08:00:00,78.467
1074,0,2016-11-16 09:00:00,92.677
1074,0,2016-11-16 10:00:00,104.383
1074,0,2016-11-16 11:00:00,121.251
1074,0,2016-11-16 12:00:00,130.452
1074,0,2016-11-16 13:00:00,131.08
1074,0,2016-11-16 14:00:00,127.37
1074,0,2016-11-16 15:00:00,128.607
1074,0,2016-11-16 16:00:00,123.993
1074,0,2016-11-16 17:00:00,111.556
1074,0,2016-11-16 18:00:00,92.985
1074,0,2016-11-16 19:00:00,72.76100000000001
1074,0,2016-11-16 20:00:00,48.54600000000001
1074,0,2016-11-16 21:00:00,47.448
1074,0,2016-11-16 22:00:00,43.418
1074,0,2016-11-16 23:00:00,41.751000000000005
1074,0,2016-11-17 00:00:00,41.006
1074,0,2016-11-17 01:00:00,42.099
1074,0,2016-11-17 02:00:00,41.99100000000001
1074,0,2016-11-17 03:00:00,41.06
1074,0,2016-11-17 04:00:00,39.379
1074,0,2016-11-17 05:00:00,39.379
1074,0,2016-11-17 06:00:00,42.205
1074,0,2016-11-17 07:00:00,77.08800000000001
1074,0,2016-11-17 08:00:00,79.873
1074,0,2016-11-17 09:00:00,87.626
1074,0,2016-11-17 10:00:00,103.203
1074,0,2016-11-17 11:00:00,120.393
1074,0,2016-11-17 12:00:00,126.298
1074,0,2016-11-17 13:00:00,125.019
1074,0,2016-11-17 14:00:00,129.92600000000002
1074,0,2016-11-17 15:00:00,128.195
1074,0,2016-11-17 16:00:00,120.174
1074,0,2016-11-17 17:00:00,108.278
1074,0,2016-11-17 18:00:00,89.743
1074,0,2016-11-17 19:00:00,77.593
1074,0,2016-11-17 20:00:00,58.095
1074,0,2016-11-17 21:00:00,53.415
1074,0,2016-11-17 22:00:00,50.315
1074,0,2016-11-17 23:00:00,43.735
1074,0,2016-11-18 00:00:00,42.732
1074,0,2016-11-18 01:00:00,44.88
1074,0,2016-11-18 02:00:00,44.662
1074,0,2016-11-18 03:00:00,42.195
1074,0,2016-11-18 04:00:00,42.431
1074,0,2016-11-18 05:00:00,42.166
1074,0,2016-11-18 06:00:00,43.766000000000005
1074,0,2016-11-18 07:00:00,80.303
1074,0,2016-11-18 08:00:00,89.195
1074,0,2016-11-18 09:00:00,98.629
1074,0,2016-11-18 10:00:00,113.087
1074,0,2016-11-18 11:00:00,115.894
1074,0,2016-11-18 12:00:00,124.377
1074,0,2016-11-18 13:00:00,119.427
1074,0,2016-11-18 14:00:00,113.638
1074,0,2016-11-18 15:00:00,111.421
1074,0,2016-11-18 16:00:00,104.886
1074,0,2016-11-18 17:00:00,89.65
1074,0,2016-11-18 18:00:00,65.094
1074,0,2016-11-18 19:00:00,47.779
1074,0,2016-11-18 20:00:00,38.48
1074,0,2016-11-18 21:00:00,37.352
1074,0,2016-11-18 22:00:00,37.264
1074,0,2016-11-18 23:00:00,37.875
1074,0,2016-11-19 00:00:00,39.16
1074,0,2016-11-19 01:00:00,40.695
1074,0,2016-11-19 02:00:00,40.093
1074,0,2016-11-19 03:00:00,38.683
1074,0,2016-11-19 04:00:00,38.454
1074,0,2016-11-19 05:00:00,37.446
1074,0,2016-11-19 06:00:00,37.641
1074,0,2016-11-19 07:00:00,44.492
1074,0,2016-11-19 08:00:00,46.912
1074,0,2016-11-19 09:00:00,44.998000000000005
1074,0,2016-11-19 10:00:00,42.91
1074,0,2016-11-19 11:00:00,42.015
1074,0,2016-11-19 12:00:00,42.147
1074,0,2016-11-19 13:00:00,42.472
1074,0,2016-11-19 14:00:00,42.156000000000006
1074,0,2016-11-19 15:00:00,42.096
1074,0,2016-11-19 16:00:00,39.964
1074,0,2016-11-19 17:00:00,35.786
1074,0,2016-11-19 18:00:00,37.916
1074,0,2016-11-19 19:00:00,38.028
1074,0,2016-11-19 20:00:00,37.546
1074,0,2016-11-19 21:00:00,37.931
1074,0,2016-11-19 22:00:00,38.049
1074,0,2016-11-19 23:00:00,38.882
1074,0,2016-11-20 00:00:00,38.432
1074,0,2016-11-20 01:00:00,40.424
1074,0,2016-11-20 02:00:00,39.607
1074,0,2016-11-20 03:00:00,38.126
1074,0,2016-11-20 04:00:00,37.972
1074,0,2016-11-20 05:00:00,37.751
1074,0,2016-11-20 06:00:00,37.954
1074,0,2016-11-20 07:00:00,39.764
1074,0,2016-11-20 08:00:00,39.793
1074,0,2016-11-20 09:00:00,38.351
1074,0,2016-11-20 10:00:00,36.496
1074,0,2016-11-20 11:00:00,36.065
1074,0,2016-11-20 12:00:00,35.924
1074,0,2016-11-20 13:00:00,36.34
1074,0,2016-11-20 14:00:00,35.94
1074,0,2016-11-20 15:00:00,36.763000000000005
1074,0,2016-11-20 16:00:00,37.215
1074,0,2016-11-20 17:00:00,36.861
1074,0,2016-11-20 18:00:00,38.674
1074,0,2016-11-20 19:00:00,39.141
1074,0,2016-11-20 20:00:00,38.833
1074,0,2016-11-20 21:00:00,38.807
1074,0,2016-11-20 22:00:00,39.111
1074,0,2016-11-20 23:00:00,38.274
1074,0,2016-11-21 00:00:00,38.288
1074,0,2016-11-21 01:00:00,40.572
1074,0,2016-11-21 02:00:00,39.94
1074,0,2016-11-21 03:00:00,38.007
1074,0,2016-11-21 04:00:00,38.388000000000005
1074,0,2016-11-21 05:00:00,38.097
1074,0,2016-11-21 06:00:00,43.047
1074,0,2016-11-21 07:00:00,66.613
1074,0,2016-11-21 08:00:00,66.536
1074,0,2016-11-21 09:00:00,85.275
1074,0,2016-11-21 10:00:00,108.2
1074,0,2016-11-21 11:00:00,126.096
1074,0,2016-11-21 12:00:00,128.735
1074,0,2016-11-21 13:00:00,127.911
1074,0,2016-11-21 14:00:00,126.25
1074,0,2016-11-21 15:00:00,122.965
1074,0,2016-11-21 16:00:00,118.897
1074,0,2016-11-21 17:00:00,104.924
1074,0,2016-11-21 18:00:00,90.605
1074,0,2016-11-21 19:00:00,77.189
1074,0,2016-11-21 20:00:00,49.497
1074,0,2016-11-21 21:00:00,43.928
1074,0,2016-11-21 22:00:00,43.471
1074,0,2016-11-21 23:00:00,43.692
1074,0,2016-11-22 00:00:00,42.428
1074,0,2016-11-22 01:00:00,43.78
1074,0,2016-11-22 02:00:00,43.085
1074,0,2016-11-22 03:00:00,41.419
1074,0,2016-11-22 04:00:00,41.32899999999999
1074,0,2016-11-22 05:00:00,40.783
1074,0,2016-11-22 06:00:00,42.176
1074,0,2016-11-22 07:00:00,69.558
1074,0,2016-11-22 08:00:00,76.092
1074,0,2016-11-22 09:00:00,96.128
1074,0,2016-11-22 10:00:00,116.885
1074,0,2016-11-22 11:00:00,127.183
1074,0,2016-11-22 12:00:00,136.489
1074,0,2016-11-22 13:00:00,132.24
1074,0,2016-11-22 14:00:00,127.18
1074,0,2016-11-22 15:00:00,124.183
1074,0,2016-11-22 16:00:00,116.596
1074,0,2016-11-22 17:00:00,105.217
1074,0,2016-11-22 18:00:00,83.661
1074,0,2016-11-22 19:00:00,69.652
1074,0,2016-11-22 20:00:00,45.021
1074,0,2016-11-22 21:00:00,41.121
1074,0,2016-11-22 22:00:00,41.098
1074,0,2016-11-22 23:00:00,40.071
1074,0,2016-11-23 00:00:00,39.873000000000005
1074,0,2016-11-23 01:00:00,42.267
1074,0,2016-11-23 02:00:00,41.385
1074,0,2016-11-23 03:00:00,40.378
1074,0,2016-11-23 04:00:00,39.484
1074,0,2016-11-23 05:00:00,39.673
1074,0,2016-11-23 06:00:00,39.636
1074,0,2016-11-23 07:00:00,63.555
1074,0,2016-11-23 08:00:00,70.26
1074,0,2016-11-23 09:00:00,77.462
1074,0,2016-11-23 10:00:00,89.38
1074,0,2016-11-23 11:00:00,94.23
1074,0,2016-11-23 12:00:00,97.798
1074,0,2016-11-23 13:00:00,88.853
1074,0,2016-11-23 14:00:00,89.535
1074,0,2016-11-23 15:00:00,86.15
1074,0,2016-11-23 16:00:00,78.296
1074,0,2016-11-23 17:00:00,69.687
1074,0,2016-11-23 18:00:00,61.248000000000005
1074,0,2016-11-23 19:00:00,55.096
1074,0,2016-11-23 20:00:00,40.035
1074,0,2016-11-23 21:00:00,38.432
1074,0,2016-11-23 22:00:00,38.439
1074,0,2016-11-23 23:00:00,38.565
1074,0,2016-11-24 00:00:00,39.383
1074,0,2016-11-24 01:00:00,41.25899999999999
1074,0,2016-11-24 02:00:00,40.977
1074,0,2016-11-24 03:00:00,39.918
1074,0,2016-11-24 04:00:00,38.873000000000005
1074,0,2016-11-24 05:00:00,39.08
1074,0,2016-11-24 06:00:00,38.603
1074,0,2016-11-24 07:00:00,46.565
1074,0,2016-11-24 08:00:00,48.02
1074,0,2016-11-24 09:00:00,46.891000000000005
1074,0,2016-11-24 10:00:00,46.692
1074,0,2016-11-24 11:00:00,45.749
1074,0,2016-11-24 12:00:00,46.424
1074,0,2016-11-24 13:00:00,46.482
1074,0,2016-11-24 14:00:00,45.971
1074,0,2016-11-24 15:00:00,46.353
1074,0,2016-11-24 16:00:00,46.157
1074,0,2016-11-24 17:00:00,47.264
1074,0,2016-11-24 18:00:00,47.903
1074,0,2016-11-24 19:00:00,44.468
1074,0,2016-11-24 20:00:00,38.521
1074,0,2016-11-24 21:00:00,38.75
1074,0,2016-11-24 22:00:00,38.264
1074,0,2016-11-24 23:00:00,37.788
1074,0,2016-11-25 00:00:00,38.235
1074,0,2016-11-25 01:00:00,40.608
1074,0,2016-11-25 02:00:00,40.247
1074,0,2016-11-25 03:00:00,38.317
1074,0,2016-11-25 04:00:00,38.359
1074,0,2016-11-25 05:00:00,37.805
1074,0,2016-11-25 06:00:00,38.328
1074,0,2016-11-25 07:00:00,48.335
1074,0,2016-11-25 08:00:00,50.031000000000006
1074,0,2016-11-25 09:00:00,48.0
1074,0,2016-11-25 10:00:00,46.022
1074,0,2016-11-25 11:00:00,45.922
1074,0,2016-11-25 12:00:00,45.591
1074,0,2016-11-25 13:00:00,45.26
1074,0,2016-11-25 14:00:00,45.677
1074,0,2016-11-25 15:00:00,45.57899999999999
1074,0,2016-11-25 16:00:00,45.669
1074,0,2016-11-25 17:00:00,46.182
1074,0,2016-11-25 18:00:00,47.131
1074,0,2016-11-25 19:00:00,44.538
1074,0,2016-11-25 20:00:00,37.953
1074,0,2016-11-25 21:00:00,37.476
1074,0,2016-11-25 22:00:00,38.182
1074,0,2016-11-25 23:00:00,37.558
1074,0,2016-11-26 00:00:00,38.067
1074,0,2016-11-26 01:00:00,40.394
1074,0,2016-11-26 02:00:00,40.658
1074,0,2016-11-26 03:00:00,38.734
1074,0,2016-11-26 04:00:00,38.438
1074,0,2016-11-26 05:00:00,38.091
1074,0,2016-11-26 06:00:00,38.393
1074,0,2016-11-26 07:00:00,39.557
1074,0,2016-11-26 08:00:00,40.334
1074,0,2016-11-26 09:00:00,38.545
1074,0,2016-11-26 10:00:00,35.705
1074,0,2016-11-26 11:00:00,35.758
1074,0,2016-11-26 12:00:00,35.605
1074,0,2016-11-26 13:00:00,35.699
1074,0,2016-11-26 14:00:00,35.54
1074,0,2016-11-26 15:00:00,35.624
1074,0,2016-11-26 16:00:00,35.478
1074,0,2016-11-26 17:00:00,36.2
1074,0,2016-11-26 18:00:00,37.81
1074,0,2016-11-26 19:00:00,37.552
1074,0,2016-11-26 20:00:00,37.874
1074,0,2016-11-26 21:00:00,37.876
1074,0,2016-11-26 22:00:00,37.478
1074,0,2016-11-26 23:00:00,37.75
1074,0,2016-11-27 00:00:00,38.237
1074,0,2016-11-27 01:00:00,39.986
1074,0,2016-11-27 02:00:00,39.983
1074,0,2016-11-27 03:00:00,37.948
1074,0,2016-11-27 04:00:00,37.507
1074,0,2016-11-27 05:00:00,37.796
1074,0,2016-11-27 06:00:00,37.925
1074,0,2016-11-27 07:00:00,39.308
1074,0,2016-11-27 08:00:00,40.293
1074,0,2016-11-27 09:00:00,38.204
1074,0,2016-11-27 10:00:00,36.075
1074,0,2016-11-27 11:00:00,35.755
1074,0,2016-11-27 12:00:00,35.776
1074,0,2016-11-27 13:00:00,35.294000000000004
1074,0,2016-11-27 14:00:00,35.455
1074,0,2016-11-27 15:00:00,35.091
1074,0,2016-11-27 16:00:00,36.051
1074,0,2016-11-27 17:00:00,37.652
1074,0,2016-11-27 18:00:00,37.946
1074,0,2016-11-27 19:00:00,38.281
1074,0,2016-11-27 20:00:00,37.658
1074,0,2016-11-27 21:00:00,37.72
1074,0,2016-11-27 22:00:00,37.849
1074,0,2016-11-27 23:00:00,37.739
1074,0,2016-11-28 00:00:00,38.076
1074,0,2016-11-28 01:00:00,39.704
1074,0,2016-11-28 02:00:00,39.337
1074,0,2016-11-28 03:00:00,37.352
1074,0,2016-11-28 04:00:00,37.054
1074,0,2016-11-28 05:00:00,37.15
1074,0,2016-11-28 06:00:00,43.965
1074,0,2016-11-28 07:00:00,70.141
1074,0,2016-11-28 08:00:00,72.2
1074,0,2016-11-28 09:00:00,95.394
1074,0,2016-11-28 10:00:00,116.385
1074,0,2016-11-28 11:00:00,127.164
1074,0,2016-11-28 12:00:00,132.047
1074,0,2016-11-28 13:00:00,133.27700000000002
1074,0,2016-11-28 14:00:00,131.545
1074,0,2016-11-28 15:00:00,133.625
1074,0,2016-11-28 16:00:00,130.179
1074,0,2016-11-28 17:00:00,116.351
1074,0,2016-11-28 18:00:00,92.177
1074,0,2016-11-28 19:00:00,74.119
1074,0,2016-11-28 20:00:00,45.974
1074,0,2016-11-28 21:00:00,40.73
1074,0,2016-11-28 22:00:00,40.155
1074,0,2016-11-28 23:00:00,39.042
1074,0,2016-11-29 00:00:00,38.969
1074,0,2016-11-29 01:00:00,41.033
1074,0,2016-11-29 02:00:00,40.868
1074,0,2016-11-29 03:00:00,38.349
1074,0,2016-11-29 04:00:00,38.431
1074,0,2016-11-29 05:00:00,38.554
1074,0,2016-11-29 06:00:00,38.682
1074,0,2016-11-29 07:00:00,65.866
1074,0,2016-11-29 08:00:00,71.01899999999999
1074,0,2016-11-29 09:00:00,91.83
1074,0,2016-11-29 10:00:00,113.451
1074,0,2016-11-29 11:00:00,130.379
1074,0,2016-11-29 12:00:00,133.36700000000002
1074,0,2016-11-29 13:00:00,133.85
1074,0,2016-11-29 14:00:00,136.95
1074,0,2016-11-29 15:00:00,134.056
1074,0,2016-11-29 16:00:00,126.546
1074,0,2016-11-29 17:00:00,114.938
1074,0,2016-11-29 18:00:00,94.439
1074,0,2016-11-29 19:00:00,77.155
1074,0,2016-11-29 20:00:00,48.853
1074,0,2016-11-29 21:00:00,44.104
1074,0,2016-11-29 22:00:00,43.743
1074,0,2016-11-29 23:00:00,44.091
1074,0,2016-11-30 00:00:00,42.347
1074,0,2016-11-30 01:00:00,42.149
1074,0,2016-11-30 02:00:00,41.7
1074,0,2016-11-30 03:00:00,40.056
1074,0,2016-11-30 04:00:00,39.942
1074,0,2016-11-30 05:00:00,39.67
1074,0,2016-11-30 06:00:00,39.944
1074,0,2016-11-30 07:00:00,65.58
1074,0,2016-11-30 08:00:00,73.291
1074,0,2016-11-30 09:00:00,87.339
1074,0,2016-11-30 10:00:00,110.045
1074,0,2016-11-30 11:00:00,121.315
1074,0,2016-11-30 12:00:00,126.553
1074,0,2016-11-30 13:00:00,128.846
1074,0,2016-11-30 14:00:00,130.119
1074,0,2016-11-30 15:00:00,132.6
1074,0,2016-11-30 16:00:00,124.965
1074,0,2016-11-30 17:00:00,107.786
1074,0,2016-11-30 18:00:00,87.271
1074,0,2016-11-30 19:00:00,76.285
1074,0,2016-11-30 20:00:00,54.402
1074,0,2016-11-30 21:00:00,51.244
1074,0,2016-11-30 22:00:00,48.582
1074,0,2016-11-30 23:00:00,44.805
1074,0,2016-12-01 00:00:00,43.614
1074,0,2016-12-01 01:00:00,46.29600000000001
1074,0,2016-12-01 02:00:00,45.229
1074,0,2016-12-01 03:00:00,42.481
1074,0,2016-12-01 04:00:00,40.839
1074,0,2016-12-01 05:00:00,40.714
1074,0,2016-12-01 06:00:00,40.877
1074,0,2016-12-01 07:00:00,67.03699999999999
1074,0,2016-12-01 08:00:00,68.438
1074,0,2016-12-01 09:00:00,83.796
1074,0,2016-12-01 10:00:00,97.901
1074,0,2016-12-01 11:00:00,118.481
1074,0,2016-12-01 12:00:00,124.459
1074,0,2016-12-01 13:00:00,123.157
1074,0,2016-12-01 14:00:00,124.545
1074,0,2016-12-01 15:00:00,120.766
1074,0,2016-12-01 16:00:00,114.487
1074,0,2016-12-01 17:00:00,107.567
1074,0,2016-12-01 18:00:00,85.177
1074,0,2016-12-01 19:00:00,75.679
1074,0,2016-12-01 20:00:00,55.309
1074,0,2016-12-01 21:00:00,49.79600000000001
1074,0,2016-12-01 22:00:00,45.392
1074,0,2016-12-01 23:00:00,41.847
1074,0,2016-12-02 00:00:00,41.753
1074,0,2016-12-02 01:00:00,43.115
1074,0,2016-12-02 02:00:00,42.084
1074,0,2016-12-02 03:00:00,39.369
1074,0,2016-12-02 04:00:00,39.239
1074,0,2016-12-02 05:00:00,39.609
1074,0,2016-12-02 06:00:00,39.722
1074,0,2016-12-02 07:00:00,65.81
1074,0,2016-12-02 08:00:00,69.01100000000001
1074,0,2016-12-02 09:00:00,81.723
1074,0,2016-12-02 10:00:00,96.455
1074,0,2016-12-02 11:00:00,111.755
1074,0,2016-12-02 12:00:00,104.355
1074,0,2016-12-02 13:00:00,106.858
1074,0,2016-12-02 14:00:00,106.103
1074,0,2016-12-02 15:00:00,104.843
1074,0,2016-12-02 16:00:00,99.802
1074,0,2016-12-02 17:00:00,90.053
1074,0,2016-12-02 18:00:00,69.244
1074,0,2016-12-02 19:00:00,51.576
1074,0,2016-12-02 20:00:00,42.551
1074,0,2016-12-02 21:00:00,40.441
1074,0,2016-12-02 22:00:00,37.849
1074,0,2016-12-02 23:00:00,37.48
1074,0,2016-12-03 00:00:00,38.085
1074,0,2016-12-03 01:00:00,39.73
1074,0,2016-12-03 02:00:00,39.633
1074,0,2016-12-03 03:00:00,36.507
1074,0,2016-12-03 04:00:00,35.866
1074,0,2016-12-03 05:00:00,36.832
1074,0,2016-12-03 06:00:00,36.079
1074,0,2016-12-03 07:00:00,37.689
1074,0,2016-12-03 08:00:00,39.024
1074,0,2016-12-03 09:00:00,38.507
1074,0,2016-12-03 10:00:00,34.761
1074,0,2016-12-03 11:00:00,34.51
1074,0,2016-12-03 12:00:00,34.379
1074,0,2016-12-03 13:00:00,34.188
1074,0,2016-12-03 14:00:00,34.594
1074,0,2016-12-03 15:00:00,34.173
1074,0,2016-12-03 16:00:00,34.349000000000004
1074,0,2016-12-03 17:00:00,36.564
1074,0,2016-12-03 18:00:00,36.508
1074,0,2016-12-03 19:00:00,36.353
1074,0,2016-12-03 20:00:00,36.851
1074,0,2016-12-03 21:00:00,36.169
1074,0,2016-12-03 22:00:00,36.882
1074,0,2016-12-03 23:00:00,36.684
1074,0,2016-12-04 00:00:00,36.936
1074,0,2016-12-04 01:00:00,38.966
1074,0,2016-12-04 02:00:00,38.664
1074,0,2016-12-04 03:00:00,36.108
1074,0,2016-12-04 04:00:00,36.389
1074,0,2016-12-04 05:00:00,36.555
1074,0,2016-12-04 06:00:00,36.299
1074,0,2016-12-04 07:00:00,36.966
1074,0,2016-12-04 08:00:00,38.91
1074,0,2016-12-04 09:00:00,37.535
1074,0,2016-12-04 10:00:00,34.756
1074,0,2016-12-04 11:00:00,35.04
1074,0,2016-12-04 12:00:00,34.535
1074,0,2016-12-04 13:00:00,34.429
1074,0,2016-12-04 14:00:00,34.145
1074,0,2016-12-04 15:00:00,34.572
1074,0,2016-12-04 16:00:00,34.643
1074,0,2016-12-04 17:00:00,35.588
1074,0,2016-12-04 18:00:00,36.992
1074,0,2016-12-04 19:00:00,36.328
1074,0,2016-12-04 20:00:00,36.287
1074,0,2016-12-04 21:00:00,36.823
1074,0,2016-12-04 22:00:00,36.254
1074,0,2016-12-04 23:00:00,37.254
1074,0,2016-12-05 00:00:00,38.072
1074,0,2016-12-05 01:00:00,39.82
1074,0,2016-12-05 02:00:00,38.985
1074,0,2016-12-05 03:00:00,36.833
1074,0,2016-12-05 04:00:00,36.849
1074,0,2016-12-05 05:00:00,36.881
1074,0,2016-12-05 06:00:00,42.301
1074,0,2016-12-05 07:00:00,65.158
1074,0,2016-12-05 08:00:00,70.029
1074,0,2016-12-05 09:00:00,81.837
1074,0,2016-12-05 10:00:00,108.469
1074,0,2016-12-05 11:00:00,119.414
1074,0,2016-12-05 12:00:00,130.705
1074,0,2016-12-05 13:00:00,129.088
1074,0,2016-12-05 14:00:00,127.446
1074,0,2016-12-05 15:00:00,125.306
1074,0,2016-12-05 16:00:00,118.251
1074,0,2016-12-05 17:00:00,111.356
1074,0,2016-12-05 18:00:00,91.579
1074,0,2016-12-05 19:00:00,74.687
1074,0,2016-12-05 20:00:00,48.63399999999999
1074,0,2016-12-05 21:00:00,45.309
1074,0,2016-12-05 22:00:00,43.037
1074,0,2016-12-05 23:00:00,42.265
1074,0,2016-12-06 00:00:00,42.464
1074,0,2016-12-06 01:00:00,43.55
1074,0,2016-12-06 02:00:00,43.463
1074,0,2016-12-06 03:00:00,41.265
1074,0,2016-12-06 04:00:00,41.282
1074,0,2016-12-06 05:00:00,41.232
1074,0,2016-12-06 06:00:00,43.582
1074,0,2016-12-06 07:00:00,75.685
1074,0,2016-12-06 08:00:00,76.255
1074,0,2016-12-06 09:00:00,95.916
1074,0,2016-12-06 10:00:00,118.498
1074,0,2016-12-06 11:00:00,131.963
1074,0,2016-12-06 12:00:00,136.976
1074,0,2016-12-06 13:00:00,141.906
1074,0,2016-12-06 14:00:00,139.804
1074,0,2016-12-06 15:00:00,140.786
1074,0,2016-12-06 16:00:00,139.369
1074,0,2016-12-06 17:00:00,123.185
1074,0,2016-12-06 18:00:00,99.501
1074,0,2016-12-06 19:00:00,82.12899999999999
1074,0,2016-12-06 20:00:00,53.868
1074,0,2016-12-06 21:00:00,46.287
1074,0,2016-12-06 22:00:00,44.946000000000005
1074,0,2016-12-06 23:00:00,44.514
1074,0,2016-12-07 00:00:00,44.88
1074,0,2016-12-07 01:00:00,46.488
1074,0,2016-12-07 02:00:00,46.336000000000006
1074,0,2016-12-07 03:00:00,44.31100000000001
1074,0,2016-12-07 04:00:00,44.391000000000005
1074,0,2016-12-07 05:00:00,44.269
1074,0,2016-12-07 06:00:00,46.692
1074,0,2016-12-07 07:00:00,76.241
1074,0,2016-12-07 08:00:00,75.249
1074,0,2016-12-07 09:00:00,94.895
1074,0,2016-12-07 10:00:00,109.622
1074,0,2016-12-07 11:00:00,126.227
1074,0,2016-12-07 12:00:00,130.954
1074,0,2016-12-07 13:00:00,129.045
1074,0,2016-12-07 14:00:00,135.69
1074,0,2016-12-07 15:00:00,136.476
1074,0,2016-12-07 16:00:00,130.319
1074,0,2016-12-07 17:00:00,126.234
1074,0,2016-12-07 18:00:00,108.9
1074,0,2016-12-07 19:00:00,92.229
1074,0,2016-12-07 20:00:00,62.474
1074,0,2016-12-07 21:00:00,55.952
1074,0,2016-12-07 22:00:00,52.69
1074,0,2016-12-07 23:00:00,51.493
1074,0,2016-12-08 00:00:00,51.138000000000005
1074,0,2016-12-08 01:00:00,52.732
1074,0,2016-12-08 02:00:00,51.5
1074,0,2016-12-08 03:00:00,48.987
1074,0,2016-12-08 04:00:00,47.481
1074,0,2016-12-08 05:00:00,46.955
1074,0,2016-12-08 06:00:00,47.54600000000001
1074,0,2016-12-08 07:00:00,69.676
1074,0,2016-12-08 08:00:00,73.96600000000001
1074,0,2016-12-08 09:00:00,88.193
1074,0,2016-12-08 10:00:00,110.431
1074,0,2016-12-08 11:00:00,126.002
1074,0,2016-12-08 12:00:00,131.015
1074,0,2016-12-08 13:00:00,130.343
1074,0,2016-12-08 14:00:00,133.401
1074,0,2016-12-08 15:00:00,131.157
1074,0,2016-12-08 16:00:00,130.82399999999998
1074,0,2016-12-08 17:00:00,118.337
1074,0,2016-12-08 18:00:00,95.109
1074,0,2016-12-08 19:00:00,87.713
1074,0,2016-12-08 20:00:00,62.408
1074,0,2016-12-08 21:00:00,55.417
1074,0,2016-12-08 22:00:00,51.23
1074,0,2016-12-08 23:00:00,47.24
1074,0,2016-12-09 00:00:00,46.559
1074,0,2016-12-09 01:00:00,47.779
1074,0,2016-12-09 02:00:00,47.49
1074,0,2016-12-09 03:00:00,45.779
1074,0,2016-12-09 04:00:00,46.143
1074,0,2016-12-09 05:00:00,45.929
1074,0,2016-12-09 06:00:00,45.88
1074,0,2016-12-09 07:00:00,70.944
1074,0,2016-12-09 08:00:00,72.065
1074,0,2016-12-09 09:00:00,88.7
1074,0,2016-12-09 10:00:00,99.069
1074,0,2016-12-09 11:00:00,112.176
1074,0,2016-12-09 12:00:00,120.346
1074,0,2016-12-09 13:00:00,122.172
1074,0,2016-12-09 14:00:00,118.749
1074,0,2016-12-09 15:00:00,116.94
1074,0,2016-12-09 16:00:00,112.733
1074,0,2016-12-09 17:00:00,99.596
1074,0,2016-12-09 18:00:00,71.255
1074,0,2016-12-09 19:00:00,53.327
1074,0,2016-12-09 20:00:00,43.582
1074,0,2016-12-09 21:00:00,42.072
1074,0,2016-12-09 22:00:00,42.218
1074,0,2016-12-09 23:00:00,41.562
1074,0,2016-12-10 00:00:00,42.964
1074,0,2016-12-10 01:00:00,44.803
1074,0,2016-12-10 02:00:00,44.691
1074,0,2016-12-10 03:00:00,42.592
1074,0,2016-12-10 04:00:00,42.458
1074,0,2016-12-10 05:00:00,42.42100000000001
1074,0,2016-12-10 06:00:00,42.3
1074,0,2016-12-10 07:00:00,44.316
1074,0,2016-12-10 08:00:00,44.783
1074,0,2016-12-10 09:00:00,43.86
1074,0,2016-12-10 10:00:00,42.776
1074,0,2016-12-10 11:00:00,42.771
1074,0,2016-12-10 12:00:00,43.228
1074,0,2016-12-10 13:00:00,43.015
1074,0,2016-12-10 14:00:00,42.351000000000006
1074,0,2016-12-10 15:00:00,41.172
1074,0,2016-12-10 16:00:00,41.623000000000005
1074,0,2016-12-10 17:00:00,42.548
1074,0,2016-12-10 18:00:00,42.822
1074,0,2016-12-10 19:00:00,42.739
1074,0,2016-12-10 20:00:00,42.613
1074,0,2016-12-10 21:00:00,42.794
1074,0,2016-12-10 22:00:00,42.619
1074,0,2016-12-10 23:00:00,42.244
1074,0,2016-12-11 00:00:00,43.182
1074,0,2016-12-11 01:00:00,45.147
1074,0,2016-12-11 02:00:00,44.876000000000005
1074,0,2016-12-11 03:00:00,42.722
1074,0,2016-12-11 04:00:00,42.576
1074,0,2016-12-11 05:00:00,42.45
1074,0,2016-12-11 06:00:00,42.42
1074,0,2016-12-11 07:00:00,44.125
1074,0,2016-12-11 08:00:00,44.67100000000001
1074,0,2016-12-11 09:00:00,43.16
1074,0,2016-12-11 10:00:00,40.679
1074,0,2016-12-11 11:00:00,39.732
1074,0,2016-12-11 12:00:00,39.638000000000005
1074,0,2016-12-11 13:00:00,40.127
1074,0,2016-12-11 14:00:00,39.386
1074,0,2016-12-11 15:00:00,39.853
1074,0,2016-12-11 16:00:00,40.129
1074,0,2016-12-11 17:00:00,41.647
1074,0,2016-12-11 18:00:00,42.152
1074,0,2016-12-11 19:00:00,41.919
1074,0,2016-12-11 20:00:00,42.115
1074,0,2016-12-11 21:00:00,42.082
1074,0,2016-12-11 22:00:00,42.417
1074,0,2016-12-11 23:00:00,42.021
1074,0,2016-12-12 00:00:00,42.497
1074,0,2016-12-12 01:00:00,45.28
1074,0,2016-12-12 02:00:00,45.101000000000006
1074,0,2016-12-12 03:00:00,42.803
1074,0,2016-12-12 04:00:00,42.237
1074,0,2016-12-12 05:00:00,42.155
1074,0,2016-12-12 06:00:00,48.836000000000006
1074,0,2016-12-12 07:00:00,74.028
1074,0,2016-12-12 08:00:00,73.904
1074,0,2016-12-12 09:00:00,87.955
1074,0,2016-12-12 10:00:00,100.251
1074,0,2016-12-12 11:00:00,114.966
1074,0,2016-12-12 12:00:00,128.238
1074,0,2016-12-12 13:00:00,133.004
1074,0,2016-12-12 14:00:00,126.035
1074,0,2016-12-12 15:00:00,125.411
1074,0,2016-12-12 16:00:00,121.001
1074,0,2016-12-12 17:00:00,116.425
1074,0,2016-12-12 18:00:00,100.608
1074,0,2016-12-12 19:00:00,88.01899999999999
1074,0,2016-12-12 20:00:00,57.538
1074,0,2016-12-12 21:00:00,50.914
1074,0,2016-12-12 22:00:00,45.81
1074,0,2016-12-12 23:00:00,45.74
1074,0,2016-12-13 00:00:00,46.039
1074,0,2016-12-13 01:00:00,47.15
1074,0,2016-12-13 02:00:00,47.529
1074,0,2016-12-13 03:00:00,45.342
1074,0,2016-12-13 04:00:00,44.566
1074,0,2016-12-13 05:00:00,44.234
1074,0,2016-12-13 06:00:00,47.098
1074,0,2016-12-13 07:00:00,75.461
1074,0,2016-12-13 08:00:00,79.513
1074,0,2016-12-13 09:00:00,92.834
1074,0,2016-12-13 10:00:00,108.487
1074,0,2016-12-13 11:00:00,126.242
1074,0,2016-12-13 12:00:00,134.936
1074,0,2016-12-13 13:00:00,137.235
1074,0,2016-12-13 14:00:00,145.654
1074,0,2016-12-13 15:00:00,122.335
1074,0,2016-12-13 16:00:00,128.179
1074,0,2016-12-13 17:00:00,115.683
1074,0,2016-12-13 18:00:00,93.755
1074,0,2016-12-13 19:00:00,77.235
1074,0,2016-12-13 20:00:00,52.557
1074,0,2016-12-13 21:00:00,48.599
1074,0,2016-12-13 22:00:00,46.462
1074,0,2016-12-13 23:00:00,44.493
1074,0,2016-12-14 00:00:00,44.305
1074,0,2016-12-14 01:00:00,45.947
1074,0,2016-12-14 02:00:00,46.73
1074,0,2016-12-14 03:00:00,46.262
1074,0,2016-12-14 04:00:00,46.394
1074,0,2016-12-14 05:00:00,45.595
1074,0,2016-12-14 06:00:00,46.23
1074,0,2016-12-14 07:00:00,70.665
1074,0,2016-12-14 08:00:00,70.547
1074,0,2016-12-14 09:00:00,94.863
1074,0,2016-12-14 10:00:00,113.769
1074,0,2016-12-14 11:00:00,132.17700000000002
1074,0,2016-12-14 12:00:00,130.672
1074,0,2016-12-14 13:00:00,138.381
1074,0,2016-12-14 14:00:00,148.994
1074,0,2016-12-14 15:00:00,153.058
1074,0,2016-12-14 16:00:00,146.806
1074,0,2016-12-14 17:00:00,139.569
1074,0,2016-12-14 18:00:00,110.152
1074,0,2016-12-14 19:00:00,88.631
1074,0,2016-12-14 20:00:00,58.429
1074,0,2016-12-14 21:00:00,54.828
1074,0,2016-12-14 22:00:00,50.948
1074,0,2016-12-14 23:00:00,49.999
1074,0,2016-12-15 00:00:00,49.43899999999999
1074,0,2016-12-15 01:00:00,51.678
1074,0,2016-12-15 02:00:00,50.492
1074,0,2016-12-15 03:00:00,48.881
1074,0,2016-12-15 04:00:00,47.784
1074,0,2016-12-15 05:00:00,47.368
1074,0,2016-12-15 06:00:00,49.881
1074,0,2016-12-15 07:00:00,69.688
1074,0,2016-12-15 08:00:00,70.834
1074,0,2016-12-15 09:00:00,85.242
1074,0,2016-12-15 10:00:00,105.085
1074,0,2016-12-15 11:00:00,113.082
1074,0,2016-12-15 12:00:00,119.865
1074,0,2016-12-15 13:00:00,118.762
1074,0,2016-12-15 14:00:00,123.054
1074,0,2016-12-15 15:00:00,120.101
1074,0,2016-12-15 16:00:00,119.826
1074,0,2016-12-15 17:00:00,110.189
1074,0,2016-12-15 18:00:00,90.04899999999999
1074,0,2016-12-15 19:00:00,76.493
1074,0,2016-12-15 20:00:00,54.341
1074,0,2016-12-15 21:00:00,48.084
1074,0,2016-12-15 22:00:00,46.598
1074,0,2016-12-15 23:00:00,45.234
1074,0,2016-12-16 00:00:00,43.896
1074,0,2016-12-16 01:00:00,45.719
1074,0,2016-12-16 02:00:00,44.715
1074,0,2016-12-16 03:00:00,42.218
1074,0,2016-12-16 04:00:00,42.152
1074,0,2016-12-16 05:00:00,42.029
1074,0,2016-12-16 06:00:00,43.408
1074,0,2016-12-16 07:00:00,65.81
1074,0,2016-12-16 08:00:00,75.622
1074,0,2016-12-16 09:00:00,87.493
1074,0,2016-12-16 10:00:00,98.807
1074,0,2016-12-16 11:00:00,110.103
1074,0,2016-12-16 12:00:00,112.004
1074,0,2016-12-16 13:00:00,115.779
1074,0,2016-12-16 14:00:00,111.862
1074,0,2016-12-16 15:00:00,109.87
1074,0,2016-12-16 16:00:00,101.919
1074,0,2016-12-16 17:00:00,82.14299999999999
1074,0,2016-12-16 18:00:00,68.39399999999999
1074,0,2016-12-16 19:00:00,56.12
1074,0,2016-12-16 20:00:00,47.911
1074,0,2016-12-16 21:00:00,46.873000000000005
1074,0,2016-12-16 22:00:00,45.426
1074,0,2016-12-16 23:00:00,45.513000000000005
1074,0,2016-12-17 00:00:00,45.61600000000001
1074,0,2016-12-17 01:00:00,47.15
1074,0,2016-12-17 02:00:00,46.822
1074,0,2016-12-17 03:00:00,43.941
1074,0,2016-12-17 04:00:00,43.735
1074,0,2016-12-17 05:00:00,43.608
1074,0,2016-12-17 06:00:00,44.201
1074,0,2016-12-17 07:00:00,43.688
1074,0,2016-12-17 08:00:00,45.165
1074,0,2016-12-17 09:00:00,45.867
1074,0,2016-12-17 10:00:00,48.56399999999999
1074,0,2016-12-17 11:00:00,48.301
1074,0,2016-12-17 12:00:00,46.273
1074,0,2016-12-17 13:00:00,45.145
1074,0,2016-12-17 14:00:00,44.598
1074,0,2016-12-17 15:00:00,45.253
1074,0,2016-12-17 16:00:00,45.165
1074,0,2016-12-17 17:00:00,46.382
1074,0,2016-12-17 18:00:00,48.817
1074,0,2016-12-17 19:00:00,47.195
1074,0,2016-12-17 20:00:00,43.773
1074,0,2016-12-17 21:00:00,43.223
1074,0,2016-12-17 22:00:00,43.309
1074,0,2016-12-17 23:00:00,43.34
1074,0,2016-12-18 00:00:00,43.761
1074,0,2016-12-18 01:00:00,45.263000000000005
1074,0,2016-12-18 02:00:00,44.288
1074,0,2016-12-18 03:00:00,41.394
1074,0,2016-12-18 04:00:00,41.178
1074,0,2016-12-18 05:00:00,41.494
1074,0,2016-12-18 06:00:00,41.324
1074,0,2016-12-18 07:00:00,43.063
1074,0,2016-12-18 08:00:00,43.623000000000005
1074,0,2016-12-18 09:00:00,42.355
1074,0,2016-12-18 10:00:00,40.619
1074,0,2016-12-18 11:00:00,40.233
1074,0,2016-12-18 12:00:00,40.014
1074,0,2016-12-18 13:00:00,40.871
1074,0,2016-12-18 14:00:00,41.227
1074,0,2016-12-18 15:00:00,41.556
1074,0,2016-12-18 16:00:00,40.565
1074,0,2016-12-18 17:00:00,40.98
1074,0,2016-12-18 18:00:00,42.727
1074,0,2016-12-18 19:00:00,44.313
1074,0,2016-12-18 20:00:00,44.432
1074,0,2016-12-18 21:00:00,42.50899999999999
1074,0,2016-12-18 22:00:00,41.822
1074,0,2016-12-18 23:00:00,42.20399999999999
1074,0,2016-12-19 00:00:00,42.529
1074,0,2016-12-19 01:00:00,44.99
1074,0,2016-12-19 02:00:00,44.277
1074,0,2016-12-19 03:00:00,41.763000000000005
1074,0,2016-12-19 04:00:00,41.784
1074,0,2016-12-19 05:00:00,41.736
1074,0,2016-12-19 06:00:00,47.274
1074,0,2016-12-19 07:00:00,66.626
1074,0,2016-12-19 08:00:00,72.289
1074,0,2016-12-19 09:00:00,84.64
1074,0,2016-12-19 10:00:00,101.69
1074,0,2016-12-19 11:00:00,120.542
1074,0,2016-12-19 12:00:00,121.081
1074,0,2016-12-19 13:00:00,117.208
1074,0,2016-12-19 14:00:00,114.248
1074,0,2016-12-19 15:00:00,111.425
1074,0,2016-12-19 16:00:00,110.39
1074,0,2016-12-19 17:00:00,98.803
1074,0,2016-12-19 18:00:00,82.32700000000001
1074,0,2016-12-19 19:00:00,68.68
1074,0,2016-12-19 20:00:00,48.881
1074,0,2016-12-19 21:00:00,45.331
1074,0,2016-12-19 22:00:00,46.487
1074,0,2016-12-19 23:00:00,43.566
1074,0,2016-12-20 00:00:00,43.751000000000005
1074,0,2016-12-20 01:00:00,46.375
1074,0,2016-12-20 02:00:00,45.867
1074,0,2016-12-20 03:00:00,43.42100000000001
1074,0,2016-12-20 04:00:00,43.058
1074,0,2016-12-20 05:00:00,43.331
1074,0,2016-12-20 06:00:00,43.863
1074,0,2016-12-20 07:00:00,69.417
1074,0,2016-12-20 08:00:00,70.44800000000001
1074,0,2016-12-20 09:00:00,82.792
1074,0,2016-12-20 10:00:00,103.944
1074,0,2016-12-20 11:00:00,110.614
1074,0,2016-12-20 12:00:00,109.898
1074,0,2016-12-20 13:00:00,109.525
1074,0,2016-12-20 14:00:00,114.849
1074,0,2016-12-20 15:00:00,111.024
1074,0,2016-12-20 16:00:00,105.667
1074,0,2016-12-20 17:00:00,97.803
1074,0,2016-12-20 18:00:00,79.676
1074,0,2016-12-20 19:00:00,63.903
1074,0,2016-12-20 20:00:00,43.29
1074,0,2016-12-20 21:00:00,40.032
1074,0,2016-12-20 22:00:00,39.675
1074,0,2016-12-20 23:00:00,39.754
1074,0,2016-12-21 00:00:00,39.986
1074,0,2016-12-21 01:00:00,42.326
1074,0,2016-12-21 02:00:00,42.315
1074,0,2016-12-21 03:00:00,41.045
1074,0,2016-12-21 04:00:00,40.369
1074,0,2016-12-21 05:00:00,40.299
1074,0,2016-12-21 06:00:00,39.992
1074,0,2016-12-21 07:00:00,67.803
1074,0,2016-12-21 08:00:00,72.668
1074,0,2016-12-21 09:00:00,85.62100000000001
1074,0,2016-12-21 10:00:00,101.158
1074,0,2016-12-21 11:00:00,105.013
1074,0,2016-12-21 12:00:00,102.269
1074,0,2016-12-21 13:00:00,99.818
1074,0,2016-12-21 14:00:00,103.462
1074,0,2016-12-21 15:00:00,100.189
1074,0,2016-12-21 16:00:00,98.939
1074,0,2016-12-21 17:00:00,91.389
1074,0,2016-12-21 18:00:00,71.618
1074,0,2016-12-21 19:00:00,57.1
1074,0,2016-12-21 20:00:00,41.476000000000006
1074,0,2016-12-21 21:00:00,37.876
1074,0,2016-12-21 22:00:00,38.936
1074,0,2016-12-21 23:00:00,37.71
1074,0,2016-12-22 00:00:00,37.525
1074,0,2016-12-22 01:00:00,40.324
1074,0,2016-12-22 02:00:00,40.279
1074,0,2016-12-22 03:00:00,38.59
1074,0,2016-12-22 04:00:00,36.394
1074,0,2016-12-22 05:00:00,36.436
1074,0,2016-12-22 06:00:00,37.741
1074,0,2016-12-22 07:00:00,68.812
1074,0,2016-12-22 08:00:00,69.372
1074,0,2016-12-22 09:00:00,75.191
1074,0,2016-12-22 10:00:00,90.144
1074,0,2016-12-22 11:00:00,98.161
1074,0,2016-12-22 12:00:00,97.93
1074,0,2016-12-22 13:00:00,91.767
1074,0,2016-12-22 14:00:00,90.089
1074,0,2016-12-22 15:00:00,88.45200000000001
1074,0,2016-12-22 16:00:00,83.113
1074,0,2016-12-22 17:00:00,72.044
1074,0,2016-12-22 18:00:00,67.702
1074,0,2016-12-22 19:00:00,60.762
1074,0,2016-12-22 20:00:00,42.12
1074,0,2016-12-22 21:00:00,38.615
1074,0,2016-12-22 22:00:00,38.18
1074,0,2016-12-22 23:00:00,38.304
1074,0,2016-12-23 00:00:00,38.333
1074,0,2016-12-23 01:00:00,40.758
1074,0,2016-12-23 02:00:00,40.264
1074,0,2016-12-23 03:00:00,37.883
1074,0,2016-12-23 04:00:00,38.001
1074,0,2016-12-23 05:00:00,37.901
1074,0,2016-12-23 06:00:00,37.983
1074,0,2016-12-23 07:00:00,48.426
1074,0,2016-12-23 08:00:00,50.537
1074,0,2016-12-23 09:00:00,49.547
1074,0,2016-12-23 10:00:00,46.651
1074,0,2016-12-23 11:00:00,46.601000000000006
1074,0,2016-12-23 12:00:00,46.424
1074,0,2016-12-23 13:00:00,46.705
1074,0,2016-12-23 14:00:00,46.787
1074,0,2016-12-23 15:00:00,46.853
1074,0,2016-12-23 16:00:00,46.836000000000006
1074,0,2016-12-23 17:00:00,47.364
1074,0,2016-12-23 18:00:00,48.277
1074,0,2016-12-23 19:00:00,45.17100000000001
1074,0,2016-12-23 20:00:00,39.279
1074,0,2016-12-23 21:00:00,38.341
1074,0,2016-12-23 22:00:00,38.349
1074,0,2016-12-23 23:00:00,38.503
1074,0,2016-12-24 00:00:00,39.044
1074,0,2016-12-24 01:00:00,41.766000000000005
1074,0,2016-12-24 02:00:00,40.735
1074,0,2016-12-24 03:00:00,38.142
1074,0,2016-12-24 04:00:00,38.327
1074,0,2016-12-24 05:00:00,38.201
1074,0,2016-12-24 06:00:00,37.977
1074,0,2016-12-24 07:00:00,39.565
1074,0,2016-12-24 08:00:00,40.582
1074,0,2016-12-24 09:00:00,39.223
1074,0,2016-12-24 10:00:00,36.322
1074,0,2016-12-24 11:00:00,36.155
1074,0,2016-12-24 12:00:00,36.102
1074,0,2016-12-24 13:00:00,36.575
1074,0,2016-12-24 14:00:00,36.242
1074,0,2016-12-24 15:00:00,35.785
1074,0,2016-12-24 16:00:00,36.145
1074,0,2016-12-24 17:00:00,37.524
1074,0,2016-12-24 18:00:00,37.996
1074,0,2016-12-24 19:00:00,38.011
1074,0,2016-12-24 20:00:00,37.993
1074,0,2016-12-24 21:00:00,38.001
1074,0,2016-12-24 22:00:00,38.113
1074,0,2016-12-24 23:00:00,38.118
1074,0,2016-12-25 00:00:00,38.407
1074,0,2016-12-25 01:00:00,40.761
1074,0,2016-12-25 02:00:00,40.683
1074,0,2016-12-25 03:00:00,38.203
1074,0,2016-12-25 04:00:00,38.064
1074,0,2016-12-25 05:00:00,38.232
1074,0,2016-12-25 06:00:00,37.952
1074,0,2016-12-25 07:00:00,39.639
1074,0,2016-12-25 08:00:00,40.823
1074,0,2016-12-25 09:00:00,39.826
1074,0,2016-12-25 10:00:00,36.137
1074,0,2016-12-25 11:00:00,36.438
1074,0,2016-12-25 12:00:00,36.606
1074,0,2016-12-25 13:00:00,36.799
1074,0,2016-12-25 14:00:00,36.867
1074,0,2016-12-25 15:00:00,36.861
1074,0,2016-12-25 16:00:00,37.822
1074,0,2016-12-25 17:00:00,38.188
1074,0,2016-12-25 18:00:00,37.861
1074,0,2016-12-25 19:00:00,38.03
1074,0,2016-12-25 20:00:00,38.266
1074,0,2016-12-25 21:00:00,38.262
1074,0,2016-12-25 22:00:00,38.546
1074,0,2016-12-25 23:00:00,38.22
1074,0,2016-12-26 00:00:00,38.252
1074,0,2016-12-26 01:00:00,40.887
1074,0,2016-12-26 02:00:00,40.652
1074,0,2016-12-26 03:00:00,37.985
1074,0,2016-12-26 04:00:00,38.258
1074,0,2016-12-26 05:00:00,38.051
1074,0,2016-12-26 06:00:00,44.536
1074,0,2016-12-26 07:00:00,50.322
1074,0,2016-12-26 08:00:00,50.843
1074,0,2016-12-26 09:00:00,49.767
1074,0,2016-12-26 10:00:00,46.67
1074,0,2016-12-26 11:00:00,46.4
1074,0,2016-12-26 12:00:00,46.327
1074,0,2016-12-26 13:00:00,46.457
1074,0,2016-12-26 14:00:00,46.263000000000005
1074,0,2016-12-26 15:00:00,46.651
1074,0,2016-12-26 16:00:00,46.503
1074,0,2016-12-26 17:00:00,46.945
1074,0,2016-12-26 18:00:00,47.73
1074,0,2016-12-26 19:00:00,44.574
1074,0,2016-12-26 20:00:00,38.877
1074,0,2016-12-26 21:00:00,38.614
1074,0,2016-12-26 22:00:00,37.407
1074,0,2016-12-26 23:00:00,37.035
1074,0,2016-12-27 00:00:00,37.37
1074,0,2016-12-27 01:00:00,40.051
1074,0,2016-12-27 02:00:00,39.443000000000005
1074,0,2016-12-27 03:00:00,37.147
1074,0,2016-12-27 04:00:00,37.259
1074,0,2016-12-27 05:00:00,37.168
1074,0,2016-12-27 06:00:00,37.732
1074,0,2016-12-27 07:00:00,66.862
1074,0,2016-12-27 08:00:00,69.15
1074,0,2016-12-27 09:00:00,77.363
1074,0,2016-12-27 10:00:00,80.64399999999999
1074,0,2016-12-27 11:00:00,84.564
1074,0,2016-12-27 12:00:00,82.21799999999999
1074,0,2016-12-27 13:00:00,84.851
1074,0,2016-12-27 14:00:00,84.425
1074,0,2016-12-27 15:00:00,81.702
1074,0,2016-12-27 16:00:00,78.219
1074,0,2016-12-27 17:00:00,70.391
1074,0,2016-12-27 18:00:00,62.169
1074,0,2016-12-27 19:00:00,56.098
1074,0,2016-12-27 20:00:00,39.949
1074,0,2016-12-27 21:00:00,38.351
1074,0,2016-12-27 22:00:00,38.644
1074,0,2016-12-27 23:00:00,38.447
1074,0,2016-12-28 00:00:00,38.514
1074,0,2016-12-28 01:00:00,41.083
1074,0,2016-12-28 02:00:00,40.821
1074,0,2016-12-28 03:00:00,38.671
1074,0,2016-12-28 04:00:00,38.777
1074,0,2016-12-28 05:00:00,38.687
1074,0,2016-12-28 06:00:00,38.954
1074,0,2016-12-28 07:00:00,69.88
1074,0,2016-12-28 08:00:00,70.3
1074,0,2016-12-28 09:00:00,74.502
1074,0,2016-12-28 10:00:00,79.329
1074,0,2016-12-28 11:00:00,78.10600000000001
1074,0,2016-12-28 12:00:00,77.138
1074,0,2016-12-28 13:00:00,76.421
1074,0,2016-12-28 14:00:00,78.514
1074,0,2016-12-28 15:00:00,74.303
1074,0,2016-12-28 16:00:00,69.706
1074,0,2016-12-28 17:00:00,63.06
1074,0,2016-12-28 18:00:00,57.446000000000005
1074,0,2016-12-28 19:00:00,53.952
1074,0,2016-12-28 20:00:00,41.152
1074,0,2016-12-28 21:00:00,39.627
1074,0,2016-12-28 22:00:00,39.297
1074,0,2016-12-28 23:00:00,39.319
1074,0,2016-12-29 00:00:00,39.731
1074,0,2016-12-29 01:00:00,39.381
1074,0,2016-12-29 02:00:00,36.716
1074,0,2016-12-29 03:00:00,35.235
1074,0,2016-12-29 04:00:00,34.326
1074,0,2016-12-29 05:00:00,34.171
1074,0,2016-12-29 06:00:00,35.283
1074,0,2016-12-29 07:00:00,60.135
1074,0,2016-12-29 08:00:00,59.37
1074,0,2016-12-29 09:00:00,72.65100000000001
1074,0,2016-12-29 10:00:00,78.661
1074,0,2016-12-29 11:00:00,81.827
1074,0,2016-12-29 12:00:00,77.36399999999999
1074,0,2016-12-29 13:00:00,74.40100000000001
1074,0,2016-12-29 14:00:00,73.105
1074,0,2016-12-29 15:00:00,69.03399999999999
1074,0,2016-12-29 16:00:00,65.867
1074,0,2016-12-29 17:00:00,58.135
1074,0,2016-12-29 18:00:00,52.58
1074,0,2016-12-29 19:00:00,49.793
1074,0,2016-12-29 20:00:00,38.371
1074,0,2016-12-29 21:00:00,37.168
1074,0,2016-12-29 22:00:00,36.942
1074,0,2016-12-29 23:00:00,36.763000000000005
1074,0,2016-12-30 00:00:00,37.069
1074,0,2016-12-30 01:00:00,39.507
1074,0,2016-12-30 02:00:00,39.017
1074,0,2016-12-30 03:00:00,37.143
1074,0,2016-12-30 04:00:00,36.986
1074,0,2016-12-30 05:00:00,36.823
1074,0,2016-12-30 06:00:00,37.711
1074,0,2016-12-30 07:00:00,62.081
1074,0,2016-12-30 08:00:00,64.191
1074,0,2016-12-30 09:00:00,74.358
1074,0,2016-12-30 10:00:00,74.952
1074,0,2016-12-30 11:00:00,77.126
1074,0,2016-12-30 12:00:00,76.001
1074,0,2016-12-30 13:00:00,75.358
1074,0,2016-12-30 14:00:00,69.74600000000001
1074,0,2016-12-30 15:00:00,67.337
1074,0,2016-12-30 16:00:00,64.528
1074,0,2016-12-30 17:00:00,59.8
1074,0,2016-12-30 18:00:00,53.096
1074,0,2016-12-30 19:00:00,43.46
1074,0,2016-12-30 20:00:00,36.77
1074,0,2016-12-30 21:00:00,36.087
1074,0,2016-12-30 22:00:00,35.925
1074,0,2016-12-30 23:00:00,35.582
1074,0,2016-12-31 00:00:00,35.803000000000004
1074,0,2016-12-31 01:00:00,38.078
1074,0,2016-12-31 02:00:00,37.642
1074,0,2016-12-31 03:00:00,35.609
1074,0,2016-12-31 04:00:00,35.794000000000004
1074,0,2016-12-31 05:00:00,35.593
1074,0,2016-12-31 06:00:00,35.479
1074,0,2016-12-31 07:00:00,37.206
1074,0,2016-12-31 08:00:00,37.702
1074,0,2016-12-31 09:00:00,37.05
1074,0,2016-12-31 10:00:00,34.082
1074,0,2016-12-31 11:00:00,33.861999999999995
1074,0,2016-12-31 12:00:00,33.863
1074,0,2016-12-31 13:00:00,33.971
1074,0,2016-12-31 14:00:00,33.774
1074,0,2016-12-31 15:00:00,33.92
1074,0,2016-12-31 16:00:00,34.23
1074,0,2016-12-31 17:00:00,33.72
1074,0,2016-12-31 18:00:00,35.564
1074,0,2016-12-31 19:00:00,35.706
1074,0,2016-12-31 20:00:00,35.734
1074,0,2016-12-31 21:00:00,35.492
1074,0,2016-12-31 22:00:00,35.863
1074,0,2016-12-31 23:00:00,35.616
